dataset,controller,seeds,discounted_cost,discounted_cost_ci_low,discounted_cost_ci_high,safety_augmented_cost_low,safety_augmented_cost_low_ci_low,safety_augmented_cost_low_ci_high,safety_augmented_cost_medium,safety_augmented_cost_medium_ci_low,safety_augmented_cost_medium_ci_high,safety_augmented_cost_high,safety_augmented_cost_high_ci_low,safety_augmented_cost_high_ci_high,success_rate,success_rate_ci_low,success_rate_ci_high,avg_workload,avg_workload_ci_low,avg_workload_ci_high,overload_rate,overload_rate_ci_low,overload_rate_ci_high,safe_occupancy_rate,safe_occupancy_rate_ci_low,safe_occupancy_rate_ci_high,perf_occupancy_rate,perf_occupancy_rate_ci_low,perf_occupancy_rate_ci_high,benchmark_action_safe_occupancy_rate,benchmark_action_safe_occupancy_rate_ci_low,benchmark_action_safe_occupancy_rate_ci_high,benchmark_safe_occupancy_rate,benchmark_safe_occupancy_rate_ci_low,benchmark_safe_occupancy_rate_ci_high,safe_set_nonempty_rate,safe_set_nonempty_rate_ci_low,safe_set_nonempty_rate_ci_high,exact_safe_set_nonempty_rate,exact_safe_set_nonempty_rate_ci_low,exact_safe_set_nonempty_rate_ci_high,benchmark_action_set_nonempty_rate,benchmark_action_set_nonempty_rate_ci_low,benchmark_action_set_nonempty_rate_ci_high,fallback_rate,fallback_rate_ci_low,fallback_rate_ci_high,verification_rate,verification_rate_ci_low,verification_rate_ci_high,high_effort_rate,high_effort_rate_ci_low,high_effort_rate_ci_high,max_effort_rate,max_effort_rate_ci_low,max_effort_rate_ci_high,avg_atoms_selected,avg_atoms_selected_ci_low,avg_atoms_selected_ci_high,avg_context_load,avg_context_load_ci_low,avg_context_load_ci_high,avg_q_ver,avg_q_ver_ci_low,avg_q_ver_ci_high,avg_recovery_mass,avg_recovery_mass_ci_low,avg_recovery_mass_ci_high,avg_diagnostic_debt,avg_diagnostic_debt_ci_low,avg_diagnostic_debt_ci_high,avg_arrival_pressure,avg_arrival_pressure_ci_low,avg_arrival_pressure_ci_high,certificate_load_violation_rate,certificate_load_violation_rate_ci_low,certificate_load_violation_rate_ci_high,certificate_service_violation_rate,certificate_service_violation_rate_ci_low,certificate_service_violation_rate_ci_high,theta_nesting_precision,theta_nesting_precision_ci_low,theta_nesting_precision_ci_high,theta_nesting_recall,theta_nesting_recall_ci_low,theta_nesting_recall_ci_high,theta_benchmark_precision,theta_benchmark_precision_ci_low,theta_benchmark_precision_ci_high,theta_benchmark_recall,theta_benchmark_recall_ci_low,theta_benchmark_recall_ci_high,action_safe_precision,action_safe_precision_ci_low,action_safe_precision_ci_high,safe_event_precision,safe_event_precision_ci_low,safe_event_precision_ci_high,safe_event_recall,safe_event_recall_ci_low,safe_event_recall_ci_high,mean_drift_outside_safe,mean_drift_outside_safe_ci_low,mean_drift_outside_safe_ci_high,negative_drift_rate_outside_safe,negative_drift_rate_outside_safe_ci_low,negative_drift_rate_outside_safe_ci_high,avg_return_time_to_safe,avg_return_time_to_safe_ci_low,avg_return_time_to_safe_ci_high,mpc_eligible_rate,mpc_eligible_rate_ci_low,mpc_eligible_rate_ci_high,mpc_activation_rate,mpc_activation_rate_ci_low,mpc_activation_rate_ci_high,mpc_fallback_to_rsrc_rate,mpc_fallback_to_rsrc_rate_ci_low,mpc_fallback_to_rsrc_rate_ci_high,mpc_mean_candidate_count,mpc_mean_candidate_count_ci_low,mpc_mean_candidate_count_ci_high,mpc_candidate_rejection_rate,mpc_candidate_rejection_rate_ci_low,mpc_candidate_rejection_rate_ci_high,mpc_mean_surrogate_improvement,mpc_mean_surrogate_improvement_ci_low,mpc_mean_surrogate_improvement_ci_high,mpc_verify_down_rate,mpc_verify_down_rate_ci_low,mpc_verify_down_rate_ci_high,mpc_verify_up_rate,mpc_verify_up_rate_ci_low,mpc_verify_up_rate_ci_high,mpc_atom_up_rate,mpc_atom_up_rate_ci_low,mpc_atom_up_rate_ci_high,mpc_mode_switch_rate,mpc_mode_switch_rate_ci_low,mpc_mode_switch_rate_ci_high,camc_gate_evaluation_rate,camc_gate_evaluation_rate_ci_low,camc_gate_evaluation_rate_ci_high,camc_activation_rate,camc_activation_rate_ci_low,camc_activation_rate_ci_high,camc_anchor_preservation_rate,camc_anchor_preservation_rate_ci_low,camc_anchor_preservation_rate_ci_high,camc_mean_certified_margin,camc_mean_certified_margin_ci_low,camc_mean_certified_margin_ci_high,camc_mean_activated_margin,camc_mean_activated_margin_ci_low,camc_mean_activated_margin_ci_high,camc_mean_rejected_margin,camc_mean_rejected_margin_ci_low,camc_mean_rejected_margin_ci_high,camc_candidate_rejection_rate,camc_candidate_rejection_rate_ci_low,camc_candidate_rejection_rate_ci_high,camc_post_switch_violation_rate,camc_post_switch_violation_rate_ci_low,camc_post_switch_violation_rate_ci_high,camc_mean_anchor_value,camc_mean_anchor_value_ci_low,camc_mean_anchor_value_ci_high,camc_mean_best_candidate_value,camc_mean_best_candidate_value_ci_low,camc_mean_best_candidate_value_ci_high,camc_reject_safety_rate,camc_reject_safety_rate_ci_low,camc_reject_safety_rate_ci_high,camc_reject_loss_rate,camc_reject_loss_rate_ci_low,camc_reject_loss_rate_ci_high,camc_reject_benefit_rate,camc_reject_benefit_rate_ci_low,camc_reject_benefit_rate_ci_high,camc_reject_violation_rate,camc_reject_violation_rate_ci_low,camc_reject_violation_rate_ci_high
rebench,adaptive_threshold,2,0.4538225861722631,0.452894283848291,0.4547508884962353,0.6613225861722631,0.660894283848291,0.6617508884962353,1.076322586172263,1.0757508884962352,1.076894283848291,1.698822586172263,1.6967508884962352,1.700894283848291,0.16999999999999998,0.168,0.172,0.001802156142092564,0.0009371835941441506,0.002667128690040977,0.0,0.0,0.0,0.258,0.224,0.292,0.012,0.012,0.012,0.52,0.496,0.544,0.622,0.62,0.624,0.258,0.224,0.292,0.52,0.496,0.544,0.52,0.496,0.544,0.0,0.0,0.0,0.5386666666666668,0.5213333333333332,0.5560000000000004,0.556,0.532,0.58,0.152,0.144,0.16,0.01,0.004,0.016,0.008285068125000001,0.0034400000000000003,0.013130136250000002,0.8336331698635658,0.8289289881432784,0.8383373515838533,0.0,0.0,0.0,0.43960007988214944,0.3987661598530232,0.4804339999112756,0.5287725487663091,0.5237117005827642,0.533833396949854,0.0,0.0,0.0,0.0,0.0,0.0,1.0,1.0,1.0,0.49418880455407965,0.45161290322580644,0.5367647058823529,1.0,1.0,1.0,0.49418880455407965,0.45161290322580644,0.5367647058823529,1.0,1.0,1.0,1.0,1.0,1.0,0.4146195202646815,0.36129032258064514,0.46794871794871795,-0.2602145676728418,-0.26083374888488453,-0.2595953864607991,0.9812161453782982,0.979381443298969,0.9830508474576272,6.723484848484849,5.363636363636363,8.083333333333334,0.0,0.0,0.0,0.0,0.0,0.0,0.0,0.0,0.0,0.0,0.0,0.0,0.0,0.0,0.0,0.0,0.0,0.0,0.0,0.0,0.0,0.0,0.0,0.0,0.0,0.0,0.0,0.0,0.0,0.0,0.0,0.0,0.0,0.0,0.0,0.0,0.0,0.0,0.0,0.0,0.0,0.0,0.0,0.0,0.0,0.0,0.0,0.0,0.0,0.0,0.0,0.0,0.0,0.0,0.0,0.0,0.0,0.0,0.0,0.0,0.0,0.0,0.0,0.0,0.0,0.0,0.0,0.0,0.0,0.0,0.0,0.0
rebench,always_verify,2,0.5231403849501631,0.521323515289568,0.5249572546107583,0.6876403849501631,0.683323515289568,0.6919572546107582,1.016640384950163,1.0073235152895679,1.0259572546107583,1.5101403849501631,1.493323515289568,1.5269572546107582,0.34199999999999997,0.332,0.352,0.001394139550525925,0.0005792332024773368,0.002209045898574513,0.0,0.0,0.0,0.19,0.168,0.212,0.01,0.008,0.012,0.266,0.236,0.296,0.33999999999999997,0.336,0.344,0.19,0.168,0.212,0.268,0.236,0.3,0.268,0.236,0.3,0.0,0.0,0.0,1.0,1.0,1.0,1.0,1.0,1.0,1.0,1.0,1.0,0.02,0.02,0.02,0.01608555,0.015572500000000001,0.0165986,0.9559103781858904,0.9532244233451659,0.9585963330266148,0.0,0.0,0.0,0.0,0.0,0.0,0.4676192351974524,0.45842747536194406,0.4768109950329608,0.0,0.0,0.0,0.0,0.0,0.0,1.0,1.0,1.0,0.7092655367231638,0.7066666666666667,0.711864406779661,1.0,1.0,1.0,0.7092655367231638,0.7066666666666667,0.711864406779661,0.9905660377358491,0.9811320754716981,1.0,0.7533692722371967,0.7142857142857143,0.7924528301886793,0.4227574750830565,0.35714285714285715,0.4883720930232558,-0.3177590557077223,-0.3187421858729247,-0.3167759255425199,0.9899819406481842,0.9847715736040609,0.9951923076923077,7.791851851851852,7.703703703703703,7.88,0.0,0.0,0.0,0.0,0.0,0.0,0.0,0.0,0.0,0.0,0.0,0.0,0.0,0.0,0.0,0.0,0.0,0.0,0.0,0.0,0.0,0.0,0.0,0.0,0.0,0.0,0.0,0.0,0.0,0.0,0.0,0.0,0.0,0.0,0.0,0.0,0.0,0.0,0.0,0.0,0.0,0.0,0.0,0.0,0.0,0.0,0.0,0.0,0.0,0.0,0.0,0.0,0.0,0.0,0.0,0.0,0.0,0.0,0.0,0.0,0.0,0.0,0.0,0.0,0.0,0.0,0.0,0.0,0.0,0.0,0.0,0.0
rebench,always_verify_throttle,2,0.522447845605497,0.5206031846422084,0.5242925065687855,0.6869478456054969,0.6826031846422085,0.6912925065687854,1.015947845605497,1.0066031846422083,1.0252925065687855,1.509447845605497,1.4926031846422085,1.5262925065687853,0.34199999999999997,0.332,0.352,0.0013933024763202817,0.0005790691297270562,0.0022075358229135074,0.0,0.0,0.0,0.212,0.184,0.24,0.012,0.012,0.012,0.29000000000000004,0.268,0.312,0.37,0.364,0.376,0.212,0.184,0.24,0.29000000000000004,0.268,0.312,0.29000000000000004,0.268,0.312,0.0,0.0,0.0,1.0,1.0,1.0,1.0,1.0,1.0,1.0,1.0,1.0,0.02,0.02,0.02,0.01588131625,0.015572500000000001,0.0161901325,0.9480979577424087,0.943835640302354,0.9523602751824632,0.0,0.0,0.0,0.0,0.0,0.0,0.4676192351974524,0.45842747536194406,0.4768109950329608,0.0,0.0,0.0,0.0,0.0,0.0,0.9891304347826086,0.9782608695652174,1.0,0.7204362801377727,0.6716417910447762,0.7692307692307693,0.9891304347826086,0.9782608695652174,1.0,0.7204362801377727,0.6716417910447762,0.7692307692307693,0.9891304347826086,0.9782608695652174,1.0,0.8271739130434783,0.8043478260869565,0.85,0.4745732990413841,0.4065934065934066,0.5425531914893617,-0.31726921678933795,-0.3176324833270258,-0.3169059502516501,0.9896542827657379,0.9842105263157894,0.9950980392156863,7.908212560386473,7.555555555555555,8.26086956521739,0.0,0.0,0.0,0.0,0.0,0.0,0.0,0.0,0.0,0.0,0.0,0.0,0.0,0.0,0.0,0.0,0.0,0.0,0.0,0.0,0.0,0.0,0.0,0.0,0.0,0.0,0.0,0.0,0.0,0.0,0.0,0.0,0.0,0.0,0.0,0.0,0.0,0.0,0.0,0.0,0.0,0.0,0.0,0.0,0.0,0.0,0.0,0.0,0.0,0.0,0.0,0.0,0.0,0.0,0.0,0.0,0.0,0.0,0.0,0.0,0.0,0.0,0.0,0.0,0.0,0.0,0.0,0.0,0.0,0.0,0.0,0.0
rebench,camc_rsrc_anchor,2,0.47996038661548235,0.4775068027258308,0.48241397050513385,0.6679603866154824,0.6615068027258308,0.6744139705051339,1.0439603866154823,1.0295068027258307,1.0584139705051339,1.6079603866154824,1.5815068027258308,1.634413970505134,0.248,0.232,0.264,0.0013580161652850897,0.000558045916293473,0.0021579864142767064,0.0,0.0,0.0,0.458,0.38,0.536,0.01,0.008,0.012,0.622,0.584,0.66,0.64,0.6,0.68,0.458,0.38,0.536,0.622,0.584,0.66,0.622,0.584,0.66,0.542,0.464,0.62,0.7473333333333325,0.7306666666666657,0.7639999999999992,0.858,0.84,0.876,0.434,0.408,0.46,0.01,0.004,0.016,0.009137812500000002,0.0034400000000000003,0.014835625000000002,0.8745807367800226,0.8614491090420311,0.887712364518014,0.0,0.0,0.0,0.10081555374092048,0.10079537471398926,0.1008357327678517,0.501039924238933,0.489728223516479,0.5123516249613869,0.0,0.0,0.0,0.0,0.0,0.0,1.0,1.0,1.0,0.7314030718140307,0.6506849315068494,0.8121212121212121,1.0,1.0,1.0,0.7314030718140307,0.6506849315068494,0.8121212121212121,1.0,1.0,1.0,0.9550274941084054,0.9473684210526315,0.9626865671641791,0.6794117647058824,0.6,0.7588235294117647,-0.2902388170979291,-0.29493704363212014,-0.28554059056373804,0.9838431590656285,0.9741379310344828,0.9935483870967742,3.1719620958751396,2.9743589743589745,3.369565217391304,0.0,0.0,0.0,0.0,0.0,0.0,0.0,0.0,0.0,0.0,0.0,0.0,0.0,0.0,0.0,0.0,0.0,0.0,0.0,0.0,0.0,0.0,0.0,0.0,0.0,0.0,0.0,0.0,0.0,0.0,1.0,1.0,1.0,0.03,0.028,0.032,0.97,0.968,0.972,-0.04261018297559362,-0.05076923378734301,-0.03445113216384424,0.008945764088707028,0.008030872280702544,0.009860655896711512,-0.030137046970987492,-0.03665734268446443,-0.023616751257510553,0.5175293589290322,0.4781659388646288,0.5568927789934355,0.0,0.0,0.0,1.6565491314644514,1.6235857706211816,1.6895124923077214,0.6524452239182577,0.5477653354533315,0.7571251123831837,0.8128347283149877,0.7671232876712328,0.8585461689587426,0.0,0.0,0.0,0.0,0.0,0.0,0.0,0.0,0.0
rebench,camc_sempc_candidate,2,0.4715442003386913,0.4678676869001399,0.47522071377724273,0.6640442003386913,0.6558676869001399,0.6722207137772427,1.0490442003386913,1.03186768690014,1.0662207137772426,1.6265442003386914,1.59586768690014,1.6572207137772428,0.22999999999999998,0.212,0.248,0.001413293374114573,0.0005420641692124883,0.0022845225790166577,0.0,0.0,0.0,0.368,0.312,0.424,0.012,0.012,0.012,0.65,0.62,0.68,0.6839999999999999,0.656,0.712,0.424,0.344,0.504,0.65,0.62,0.68,0.65,0.62,0.68,0.5760000000000001,0.496,0.656,0.6919999999999996,0.6706666666666663,0.7133333333333329,0.8,0.784,0.816,0.372,0.34,0.404,0.014,0.004,0.024,0.0126985625,0.0034400000000000003,0.021957125,0.8569255895538113,0.8390074669189168,0.8748437121887057,0.0,0.0,0.0,0.153182710607589,0.15198205396066863,0.15438336725450938,0.5074952370260913,0.4954425092307604,0.5195479648214223,0.0,0.0,0.0,0.0,0.0,0.0,1.0,1.0,1.0,0.6480075901328273,0.5548387096774193,0.7411764705882353,1.0,1.0,1.0,0.6480075901328273,0.5548387096774193,0.7411764705882353,1.0,1.0,1.0,0.9888727624576681,0.9871794871794872,0.9905660377358491,0.5296999177856947,0.4695121951219512,0.5898876404494382,-0.2956604510142924,-0.2968921057155926,-0.29442879631299224,0.9866763565891472,0.9791666666666666,0.9941860465116279,3.3389529724933453,2.938775510204082,3.739130434782609,0.0,0.0,0.0,0.0,0.0,0.0,0.0,0.0,0.0,0.0,0.0,0.0,0.0,0.0,0.0,0.0,0.0,0.0,0.0,0.0,0.0,0.0,0.0,0.0,0.0,0.0,0.0,0.0,0.0,0.0,1.0,1.0,1.0,0.36,0.292,0.428,0.6399999999999999,0.572,0.708,0.06670568952623569,0.05367909238426098,0.0797322866682104,0.19459773058261248,0.19454927686786178,0.19464618429736316,0.0067274044715434096,0.006599109297127279,0.00685569964595954,0.3932907152017855,0.3343253968253968,0.4522560335781742,0.0,0.0,0.0,1.7812244598695344,1.7733872361620355,1.7890616835770332,0.6070453442879429,0.4941511467367864,0.7199395418390993,0.9593726548568989,0.9465875370919882,0.9721577726218097,0.0,0.0,0.0,0.0,0.0,0.0,0.0,0.0,0.0
rebench,camc_static_anchor,2,0.47608682993514007,0.47440688998915576,0.4777667698811244,0.66108682993514,0.6554068899891557,0.6667667698811244,1.03108682993514,1.0174068899891557,1.0447667698811243,1.58608682993514,1.5604068899891557,1.6117667698811242,0.26,0.244,0.276,0.0012147517538058639,0.0005425197945223088,0.001886983713089419,0.0,0.0,0.0,0.558,0.484,0.632,0.022,0.012,0.032,0.718,0.66,0.776,0.724,0.7,0.748,0.558,0.484,0.632,0.718,0.66,0.776,0.718,0.66,0.776,0.442,0.368,0.516,0.7619999999999992,0.7466666666666659,0.7773333333333325,0.866,0.852,0.88,0.44,0.412,0.468,0.01,0.004,0.016,0.008250068125,0.0034400000000000003,0.01306013625,0.8400891636065131,0.8204233158530139,0.8597550113600124,0.0,0.0,0.0,0.07285462282015506,0.06955525510558676,0.07615399053472337,0.49678095214069384,0.4854425092308204,0.5081193950505672,0.0,0.0,0.0,0.0,0.0,0.0,1.0,1.0,1.0,0.7738831615120274,0.7333333333333333,0.8144329896907216,1.0,1.0,1.0,0.7738831615120274,0.7333333333333333,0.8144329896907216,1.0,1.0,1.0,0.9863740977089654,0.9810126582278481,0.9917355371900827,0.7572956455309396,0.6857142857142857,0.8288770053475936,-0.2909209139465395,-0.2976605029999388,-0.28418132489314024,0.979819683181665,0.967391304347826,0.9922480620155039,2.7551150895140664,2.7058823529411766,2.8043478260869565,0.0,0.0,0.0,0.0,0.0,0.0,0.0,0.0,0.0,0.0,0.0,0.0,0.0,0.0,0.0,0.0,0.0,0.0,0.0,0.0,0.0,0.0,0.0,0.0,0.0,0.0,0.0,0.0,0.0,0.0,1.0,1.0,1.0,0.004,0.004,0.004,0.996,0.996,0.996,-0.05684042062459811,-0.0577323944268935,-0.055948446822302725,0.010358260635980249,0.009693799755457255,0.011022721516503242,-0.07390882556208306,-0.0812922806488221,-0.06652537047534401,0.32856103406950865,0.2909604519774011,0.3661616161616162,0.0,0.0,0.0,1.7632925535295856,1.753353377741083,1.7732317293180881,0.8149529461043044,0.7199305869881137,0.9099753052204951,0.0,0.0,0.0,0.0,0.0,0.0,0.0,0.0,0.0,0.0,0.0,0.0
rebench,greedy_myopic,2,0.47100121495571473,0.4699384118400459,0.47206401807138354,0.6760012149557147,0.671938411840046,0.6800640180713835,1.0860012149557148,1.075938411840046,1.0960640180713837,1.7010012149557148,1.6819384118400462,1.7200640180713835,0.18,0.168,0.192,0.0017171602591392007,0.0009736875664316016,0.0024606329518467997,0.0,0.0,0.0,0.114,0.112,0.116,0.012,0.012,0.012,0.324,0.308,0.34,0.482,0.452,0.512,0.256,0.252,0.26,0.45999999999999996,0.436,0.484,0.45999999999999996,0.436,0.484,0.0,0.0,0.0,0.5939999999999999,0.5906666666666665,0.5973333333333334,0.648,0.644,0.652,0.206,0.204,0.208,0.016,0.012,0.02,0.014391651875000001,0.010554500000000003,0.01822880375,0.9096226291308878,0.9017890776637725,0.9174561805980032,8.830016438063622e-05,6.916658342935711e-05,0.00010743374533191535,0.3443186975470756,0.3438841318036749,0.34475326329047634,0.5253016252356972,0.5153412820929685,0.5352619683784259,0.0,0.0,0.0,0.0,0.0,0.0,1.0,1.0,1.0,0.5575858670103875,0.5371900826446281,0.5779816513761468,1.0,1.0,1.0,0.5575858670103875,0.5371900826446281,0.5779816513761468,1.0,1.0,1.0,0.9827586206896552,0.9655172413793104,1.0,0.2332688053097345,0.21875,0.24778761061946902,-0.29921142220159913,-0.30371066663953045,-0.29471217776366776,0.9842036606742489,0.9819819819819819,0.9864253393665159,11.428571428571429,10.523809523809524,12.333333333333334,0.0,0.0,0.0,0.0,0.0,0.0,0.0,0.0,0.0,0.0,0.0,0.0,0.0,0.0,0.0,0.0,0.0,0.0,0.0,0.0,0.0,0.0,0.0,0.0,0.0,0.0,0.0,0.0,0.0,0.0,0.0,0.0,0.0,0.0,0.0,0.0,0.0,0.0,0.0,0.0,0.0,0.0,0.0,0.0,0.0,0.0,0.0,0.0,0.0,0.0,0.0,0.0,0.0,0.0,0.0,0.0,0.0,0.0,0.0,0.0,0.0,0.0,0.0,0.0,0.0,0.0,0.0,0.0,0.0,0.0,0.0,0.0
rebench,headroom_only,2,0.48081726762628274,0.478385100253253,0.48324943499931255,0.6683172676262827,0.662385100253253,0.6742494349993126,1.043317267626283,1.0303851002532531,1.0562494349993126,1.605817267626283,1.5823851002532532,1.6292494349993125,0.25,0.236,0.264,0.0013186088513021687,0.0005580917384809971,0.0020791259641233404,0.0,0.0,0.0,0.49,0.416,0.564,0.01,0.008,0.012,0.612,0.564,0.66,0.628,0.592,0.664,0.49,0.416,0.564,0.612,0.564,0.66,0.612,0.564,0.66,0.51,0.436,0.584,0.7579999999999992,0.7413333333333326,0.7746666666666658,0.86,0.84,0.88,0.434,0.408,0.46,0.0,0.0,0.0,0.0,0.0,0.0,0.8798722042924649,0.8676475414671295,0.8920968671178005,0.0,0.0,0.0,0.08203395492212522,0.08018538740344129,0.08388252244080914,0.5003523807120945,0.489728223516479,0.5109765379077101,0.0,0.0,0.0,0.0,0.0,0.0,1.0,1.0,1.0,0.796067053513862,0.7375886524822695,0.8545454545454545,1.0,1.0,1.0,0.796067053513862,0.7375886524822695,0.8545454545454545,1.0,1.0,1.0,0.9511388434260775,0.950354609929078,0.9519230769230769,0.7380739172907849,0.668918918918919,0.8072289156626506,-0.2911275947205678,-0.29673093758437336,-0.28552425185676233,0.9828138745758452,0.9724770642201835,0.9931506849315068,3.132063882063882,2.945945945945946,3.3181818181818183,0.0,0.0,0.0,0.0,0.0,0.0,0.0,0.0,0.0,0.0,0.0,0.0,0.0,0.0,0.0,0.0,0.0,0.0,0.0,0.0,0.0,0.0,0.0,0.0,0.0,0.0,0.0,0.0,0.0,0.0,0.0,0.0,0.0,0.0,0.0,0.0,0.0,0.0,0.0,0.0,0.0,0.0,0.0,0.0,0.0,0.0,0.0,0.0,0.0,0.0,0.0,0.0,0.0,0.0,0.0,0.0,0.0,0.0,0.0,0.0,0.0,0.0,0.0,0.0,0.0,0.0,0.0,0.0,0.0,0.0,0.0,0.0
rebench,maxweight_backlog,2,0.47965736287567656,0.4771592602974755,0.4821554654538776,0.6671573628756766,0.6611592602974755,0.6731554654538776,1.0421573628756766,1.0291592602974755,1.0551554654538775,1.6046573628756766,1.5811592602974756,1.6281554654538775,0.25,0.236,0.264,0.001290974020613383,0.0005569293371086395,0.0020250187041181266,0.0,0.0,0.0,0.492,0.42,0.564,0.012,0.012,0.012,0.644,0.616,0.672,0.6619999999999999,0.62,0.704,0.492,0.42,0.564,0.644,0.616,0.672,0.644,0.616,0.672,0.0,0.0,0.0,0.7579999999999992,0.7413333333333326,0.7746666666666658,0.86,0.84,0.88,0.434,0.408,0.46,0.012,0.004,0.02,0.010451064375000001,0.0033315000000000003,0.01757062875,0.8690762802021684,0.8548687796462885,0.8832837807580484,0.0,0.0,0.0,0.08001405388724174,0.07819541417913695,0.08183269359534653,0.5003523807120945,0.489728223516479,0.5109765379077101,0.0,0.0,0.0,0.0,0.0,0.0,1.0,1.0,1.0,0.760551948051948,0.6818181818181818,0.8392857142857143,1.0,1.0,1.0,0.760551948051948,0.6818181818181818,0.8392857142857143,1.0,1.0,1.0,0.9738601823708206,0.9619047619047619,0.9858156028368794,0.7206928152492669,0.6516129032258065,0.7897727272727273,-0.2924864044417743,-0.2976363293931421,-0.2873364794904066,0.9827902562480229,0.9724770642201835,0.993103448275862,3.1999354005167957,3.0277777777777777,3.372093023255814,0.0,0.0,0.0,0.0,0.0,0.0,0.0,0.0,0.0,0.0,0.0,0.0,0.0,0.0,0.0,0.0,0.0,0.0,0.0,0.0,0.0,0.0,0.0,0.0,0.0,0.0,0.0,0.0,0.0,0.0,0.0,0.0,0.0,0.0,0.0,0.0,0.0,0.0,0.0,0.0,0.0,0.0,0.0,0.0,0.0,0.0,0.0,0.0,0.0,0.0,0.0,0.0,0.0,0.0,0.0,0.0,0.0,0.0,0.0,0.0,0.0,0.0,0.0,0.0,0.0,0.0,0.0,0.0,0.0,0.0,0.0,0.0
rebench,minimal_verify,2,0.46550712970274216,0.4585277973681614,0.4724864620373229,0.7115071297027422,0.7035277973681614,0.7194864620373229,1.2030071297027423,1.1925277973681614,1.213486462037323,1.942507129702742,1.9305277973681614,1.9544864620373228,0.022,0.012,0.032,0.031583737602137466,0.03097468797096004,0.03219278723331489,0.002,0.0,0.004,0.004,0.004,0.004,0.004,0.004,0.004,0.008,0.008,0.008,0.008,0.008,0.008,0.004,0.004,0.004,0.008,0.008,0.008,0.008,0.008,0.008,0.0,0.0,0.0,0.0,0.0,0.0,0.0,0.0,0.0,0.0,0.0,0.0,0.006,0.004,0.008,0.0046717500000000006,0.0031145000000000005,0.006229000000000001,0.8730383580458392,0.8658806890317349,0.8801960270599436,0.0001152394584097613,6.032420400185801e-05,0.00017015471281766457,1.9523065735868292,1.9445842094044932,1.9600289377691655,0.5819748176689667,0.573047453164126,0.5909021821738075,0.0,0.0,0.0,0.0,0.0,0.0,1.0,1.0,1.0,0.5,0.5,0.5,1.0,1.0,1.0,0.5,0.5,0.5,1.0,1.0,1.0,1.0,1.0,1.0,0.5,0.5,0.5,-0.05874317630212593,-0.06429931737761226,-0.05318703522663961,0.8795180722891567,0.8755020080321285,0.8835341365461847,249.0,249.0,249.0,0.0,0.0,0.0,0.0,0.0,0.0,0.0,0.0,0.0,0.0,0.0,0.0,0.0,0.0,0.0,0.0,0.0,0.0,0.0,0.0,0.0,0.0,0.0,0.0,0.0,0.0,0.0,0.0,0.0,0.0,0.0,0.0,0.0,0.0,0.0,0.0,0.0,0.0,0.0,0.0,0.0,0.0,0.0,0.0,0.0,0.0,0.0,0.0,0.0,0.0,0.0,0.0,0.0,0.0,0.0,0.0,0.0,0.0,0.0,0.0,0.0,0.0,0.0,0.0,0.0,0.0,0.0,0.0,0.0,0.0,0.0,0.0
rebench,oracle_src,2,0.44927631745161617,0.446496901864091,0.4520557330391413,0.6622763174516162,0.661496901864091,0.6630557330391413,1.0882763174516161,1.0850557330391413,1.091496901864091,1.7272763174516161,1.7180557330391413,1.736496901864091,0.14800000000000002,0.14,0.156,0.002670728644227507,0.0015016824504305235,0.0038397748380244907,0.0,0.0,0.0,0.31,0.232,0.388,0.012,0.008,0.016,0.31,0.232,0.388,0.45,0.388,0.512,0.31,0.232,0.388,0.31,0.232,0.388,0.31,0.232,0.388,0.0,0.0,0.0,0.4699999999999997,0.44133333333333286,0.49866666666666654,0.446,0.404,0.488,0.086,0.06,0.112,0.054,0.048,0.06,0.050814208124999996,0.048709854999999996,0.052918561249999996,0.8441124772469254,0.839524939335162,0.8487000151586888,1.2731340874376967e-05,0.0,2.5462681748753934e-05,0.61956538385845,0.5474811411092677,0.6916496266076322,0.5366521443520944,0.5337566061859953,0.5395476825181935,0.0,0.0,0.0,0.0,0.0,0.0,1.0,1.0,1.0,1.0,1.0,1.0,1.0,1.0,1.0,1.0,1.0,1.0,1.0,1.0,1.0,0.9656061144685388,0.9484536082474226,0.9827586206896551,0.6531894329896908,0.5876288659793815,0.71875,-0.2248506720556685,-0.22681931071796083,-0.22288203339337617,0.9765114379084967,0.9738562091503268,0.9791666666666666,8.037683823529413,4.78125,11.294117647058824,0.0,0.0,0.0,0.0,0.0,0.0,0.0,0.0,0.0,0.0,0.0,0.0,0.0,0.0,0.0,0.0,0.0,0.0,0.0,0.0,0.0,0.0,0.0,0.0,0.0,0.0,0.0,0.0,0.0,0.0,0.0,0.0,0.0,0.0,0.0,0.0,0.0,0.0,0.0,0.0,0.0,0.0,0.0,0.0,0.0,0.0,0.0,0.0,0.0,0.0,0.0,0.0,0.0,0.0,0.0,0.0,0.0,0.0,0.0,0.0,0.0,0.0,0.0,0.0,0.0,0.0,0.0,0.0,0.0,0.0,0.0,0.0
rebench,pareto_camc_rsrc_anchor,2,0.48051932679897075,0.47806036767075527,0.4829782859271862,0.6680193267989707,0.6620603676707553,0.6739782859271862,1.0430193267989707,1.0300603676707554,1.0559782859271862,1.6055193267989707,1.5820603676707554,1.6289782859271862,0.25,0.236,0.264,0.0013216892038317724,0.0005580459950280358,0.002085332412635509,0.0,0.0,0.0,0.478,0.408,0.548,0.01,0.008,0.012,0.62,0.58,0.66,0.63,0.592,0.668,0.478,0.408,0.548,0.62,0.58,0.66,0.62,0.58,0.66,0.522,0.452,0.592,0.7579999999999992,0.7413333333333326,0.7746666666666658,0.86,0.84,0.88,0.434,0.408,0.46,0.01,0.004,0.016,0.009137812500000002,0.0034400000000000003,0.014835625000000002,0.8778820873405608,0.8656023212018522,0.8901618534792695,0.0,0.0,0.0,0.08167837474773645,0.0798592904187538,0.08349745907671911,0.5003523807120945,0.489728223516479,0.5109765379077101,0.0,0.0,0.0,0.0,0.0,0.0,1.0,1.0,1.0,0.7668756530825496,0.7034482758620689,0.8303030303030303,1.0,1.0,1.0,0.7668756530825496,0.7034482758620689,0.8303030303030303,1.0,1.0,1.0,0.9535923858594533,0.9509803921568627,0.9562043795620438,0.7199182715649781,0.6554054054054054,0.7844311377245509,-0.29272940359629146,-0.29739279195582924,-0.2880660152367537,0.9833472853384357,0.9734513274336283,0.9932432432432432,3.1312865497076023,2.973684210526316,3.2888888888888888,0.0,0.0,0.0,0.0,0.0,0.0,0.0,0.0,0.0,0.0,0.0,0.0,0.0,0.0,0.0,0.0,0.0,0.0,0.0,0.0,0.0,0.0,0.0,0.0,0.0,0.0,0.0,0.0,0.0,0.0,1.0,1.0,1.0,0.0,0.0,0.0,1.0,1.0,1.0,-0.06330925954599868,-0.07226211252331909,-0.054356406568678274,0.0,0.0,0.0,-0.1370669665180095,-0.1581673616712239,-0.11596657136479513,0.7300187645705316,0.7291440953412784,0.7308934337997847,0.0,0.0,0.0,1.6485866255912787,1.614965017753592,1.6822082334289656,0.7006077086856194,0.6093436440335738,0.791871773337665,0.5692292878916858,0.5022288261515602,0.6362297496318114,0.4307707121083142,0.3637702503681885,0.49777117384843983,0.0,0.0,0.0,0.0,0.0,0.0
rebench,pareto_camc_sempc_candidate,2,0.47957504101595294,0.4772926151183068,0.48185746691359915,0.6640750410159529,0.6572926151183067,0.6708574669135992,1.033075041015953,1.0172926151183068,1.048857466913599,1.586575041015953,1.5572926151183069,1.615857466913599,0.262,0.244,0.28,0.001237028191533508,0.0005425633647524346,0.0019314930183145815,0.0,0.0,0.0,0.522,0.436,0.608,0.016,0.012,0.02,0.6759999999999999,0.608,0.744,0.6799999999999999,0.64,0.72,0.52,0.432,0.608,0.6759999999999999,0.608,0.744,0.6759999999999999,0.608,0.744,0.48,0.392,0.568,0.785999999999999,0.7733333333333322,0.7986666666666659,0.894,0.892,0.896,0.484,0.452,0.516,0.01,0.004,0.016,0.008297318125000001,0.0034400000000000003,0.01315463625,0.8595126238171373,0.841180871487901,0.8778443761463736,0.0,0.0,0.0,0.06154172098634457,0.05780600376137468,0.06527743821131446,0.4960673872921544,0.48401393780224894,0.5081208367820599,0.0,0.0,0.0,0.0,0.0,0.0,1.0,1.0,1.0,0.7638653084323712,0.7105263157894737,0.8172043010752689,1.0,1.0,1.0,0.7638653084323712,0.7105263157894737,0.8172043010752689,1.0,1.0,1.0,0.9704852728150652,0.9541284403669725,0.9868421052631579,0.7416666666666667,0.65,0.8333333333333334,-0.2944049979831149,-0.30055460401946027,-0.28825539194676963,0.9811477782602402,0.9693877551020408,0.9929078014184397,3.063858695652174,3.0625,3.0652173913043477,0.0,0.0,0.0,0.0,0.0,0.0,0.0,0.0,0.0,0.0,0.0,0.0,0.0,0.0,0.0,0.0,0.0,0.0,0.0,0.0,0.0,0.0,0.0,0.0,0.0,0.0,0.0,0.0,0.0,0.0,1.0,1.0,1.0,0.07600000000000001,0.068,0.084,0.924,0.916,0.932,-0.054619544949718137,-0.06413361445844727,-0.045105475440989,0.06289484634468838,0.0581227571483742,0.06766693554100256,-0.029872979011268105,-0.031906081838851214,-0.027839876183684994,0.7399638344796651,0.7392578125,0.7406698564593301,0.0,0.0,0.0,1.761947348286534,1.751338116823456,1.7725565797496117,0.8660783641999572,0.7224923838480317,1.0096643445518827,0.4530053693520254,0.36175710594315247,0.5442536327608983,0.41205509986039,0.34478203434610305,0.479328165374677,0.0769237333551794,0.06340819022457067,0.09043927648578812,0.05801579743240522,0.047556142668428,0.06847545219638243
rebench,pareto_camc_static_anchor,2,0.47608093337081037,0.47440688998915553,0.4777549767524652,0.6610809333708103,0.6554068899891555,0.6667549767524652,1.0310809333708102,1.0174068899891555,1.044754976752465,1.5860809333708104,1.5604068899891554,1.611754976752465,0.26,0.244,0.276,0.0012147516841027372,0.0005425196551171192,0.001886983713088355,0.0,0.0,0.0,0.558,0.484,0.632,0.022,0.012,0.032,0.718,0.66,0.776,0.724,0.7,0.748,0.558,0.484,0.632,0.718,0.66,0.776,0.718,0.66,0.776,0.442,0.368,0.516,0.7619999999999992,0.7466666666666659,0.7773333333333325,0.866,0.852,0.88,0.44,0.412,0.468,0.01,0.004,0.016,0.007924568125,0.0031145000000000005,0.01273463625,0.8397143943772437,0.8200540850837834,0.859374703670704,0.0,0.0,0.0,0.07283062282015507,0.06955525510558676,0.07610599053472336,0.49678095214069384,0.4854425092308204,0.5081193950505672,0.0,0.0,0.0,0.0,0.0,0.0,1.0,1.0,1.0,0.7738831615120274,0.7333333333333333,0.8144329896907216,1.0,1.0,1.0,0.7738831615120274,0.7333333333333333,0.8144329896907216,1.0,1.0,1.0,0.9863740977089654,0.9810126582278481,0.9917355371900827,0.7572956455309396,0.6857142857142857,0.8288770053475936,-0.2909331828443348,-0.29768019197587303,-0.28418617371279653,0.979819683181665,0.967391304347826,0.9922480620155039,2.7551150895140664,2.7058823529411766,2.8043478260869565,0.0,0.0,0.0,0.0,0.0,0.0,0.0,0.0,0.0,0.0,0.0,0.0,0.0,0.0,0.0,0.0,0.0,0.0,0.0,0.0,0.0,0.0,0.0,0.0,0.0,0.0,0.0,0.0,0.0,0.0,1.0,1.0,1.0,0.0,0.0,0.0,1.0,1.0,1.0,-0.07328697919721573,-0.08277871061361404,-0.06379524778081742,0.0,0.0,0.0,0.009201125334104424,0.0010096082754704001,0.01739264239273845,0.331236089710666,0.2937853107344633,0.3686868686868687,0.0,0.0,0.0,1.7632656290904314,1.7533291488906382,1.7732021092902244,0.9584141498525519,0.8361594305516127,1.0806688691534911,0.0,0.0,0.0,0.3882376185458377,0.363013698630137,0.41346153846153844,0.0,0.0,0.0,0.6117623814541623,0.5865384615384616,0.636986301369863
rebench,plain_mpc,2,0.4582596972523661,0.45443089807756737,0.4620884964271648,0.6822596972523661,0.6774308980775674,0.6870884964271649,1.1302596972523662,1.1234308980775674,1.1370884964271648,1.8022596972523661,1.7924308980775674,1.8120884964271649,0.10400000000000001,0.1,0.108,0.003598933476092819,0.0024146870557105442,0.004783179896475094,0.0,0.0,0.0,0.018000000000000002,0.016,0.02,0.014,0.012,0.016,0.082,0.08,0.084,0.186,0.176,0.196,0.032,0.028,0.036,0.118,0.108,0.128,0.118,0.108,0.128,0.0,0.0,0.0,0.38133333333333314,0.3653333333333328,0.3973333333333335,0.354,0.328,0.38,0.0,0.0,0.0,0.01,0.004,0.016,0.008285068125,0.00351,0.01306013625,0.8820991468591837,0.8741146607701249,0.8900836329482424,2.3094008751920954e-05,0.0,4.618801750384191e-05,0.8969220587133515,0.8554851762342613,0.9383589411924416,0.5522050606379423,0.5450592455886264,0.5593508756872582,0.0,0.0,0.0,0.0,0.0,0.0,1.0,1.0,1.0,0.27604166666666663,0.21875,0.3333333333333333,1.0,1.0,1.0,0.27604166666666663,0.21875,0.3333333333333333,1.0,1.0,1.0,1.0,1.0,1.0,0.09763450834879406,0.08163265306122448,0.11363636363636363,-0.21619529351305714,-0.22006081492542864,-0.21232977210068563,0.9776090924174548,0.9715447154471545,0.9836734693877551,102.25,82.0,122.5,0.0,0.0,0.0,0.0,0.0,0.0,0.0,0.0,0.0,0.0,0.0,0.0,0.0,0.0,0.0,0.0,0.0,0.0,0.0,0.0,0.0,0.0,0.0,0.0,0.0,0.0,0.0,0.0,0.0,0.0,0.0,0.0,0.0,0.0,0.0,0.0,0.0,0.0,0.0,0.0,0.0,0.0,0.0,0.0,0.0,0.0,0.0,0.0,0.0,0.0,0.0,0.0,0.0,0.0,0.0,0.0,0.0,0.0,0.0,0.0,0.0,0.0,0.0,0.0,0.0,0.0,0.0,0.0,0.0,0.0,0.0,0.0
rebench,rsrc,2,0.48051932679897075,0.47806036767075527,0.4829782859271862,0.6680193267989707,0.6620603676707553,0.6739782859271862,1.0430193267989707,1.0300603676707554,1.0559782859271862,1.6055193267989707,1.5820603676707554,1.6289782859271862,0.25,0.236,0.264,0.0013216892038317724,0.0005580459950280358,0.002085332412635509,0.0,0.0,0.0,0.478,0.408,0.548,0.01,0.008,0.012,0.62,0.58,0.66,0.63,0.592,0.668,0.478,0.408,0.548,0.62,0.58,0.66,0.62,0.58,0.66,0.522,0.452,0.592,0.7579999999999992,0.7413333333333326,0.7746666666666658,0.86,0.84,0.88,0.434,0.408,0.46,0.01,0.004,0.016,0.009137812500000002,0.0034400000000000003,0.014835625000000002,0.8778820873405608,0.8656023212018522,0.8901618534792695,0.0,0.0,0.0,0.08167837474773645,0.0798592904187538,0.08349745907671911,0.5003523807120945,0.489728223516479,0.5109765379077101,0.0,0.0,0.0,0.0,0.0,0.0,1.0,1.0,1.0,0.7668756530825496,0.7034482758620689,0.8303030303030303,1.0,1.0,1.0,0.7668756530825496,0.7034482758620689,0.8303030303030303,1.0,1.0,1.0,0.9535923858594533,0.9509803921568627,0.9562043795620438,0.7199182715649781,0.6554054054054054,0.7844311377245509,-0.29272940359629146,-0.29739279195582924,-0.2880660152367537,0.9833472853384357,0.9734513274336283,0.9932432432432432,3.1312865497076023,2.973684210526316,3.2888888888888888,0.0,0.0,0.0,0.0,0.0,0.0,0.0,0.0,0.0,0.0,0.0,0.0,0.0,0.0,0.0,0.0,0.0,0.0,0.0,0.0,0.0,0.0,0.0,0.0,0.0,0.0,0.0,0.0,0.0,0.0,0.0,0.0,0.0,0.0,0.0,0.0,0.0,0.0,0.0,0.0,0.0,0.0,0.0,0.0,0.0,0.0,0.0,0.0,0.0,0.0,0.0,0.0,0.0,0.0,0.0,0.0,0.0,0.0,0.0,0.0,0.0,0.0,0.0,0.0,0.0,0.0,0.0,0.0,0.0,0.0,0.0,0.0
rebench,rsrc_no_context,2,0.4805162640288496,0.4780542421155232,0.482978285942176,0.6680162640288496,0.6620542421155232,0.673978285942176,1.0430162640288496,1.0300542421155232,1.055978285942176,1.6055162640288496,1.5820542421155233,1.628978285942176,0.25,0.236,0.264,0.0013185683822606725,0.0005580461157251694,0.0020790906487961757,0.0,0.0,0.0,0.478,0.408,0.548,0.01,0.008,0.012,0.62,0.58,0.66,0.63,0.592,0.668,0.478,0.408,0.548,0.62,0.58,0.66,0.62,0.58,0.66,0.522,0.452,0.592,0.7579999999999992,0.7413333333333326,0.7746666666666658,0.86,0.84,0.88,0.434,0.408,0.46,0.0,0.0,0.0,0.0,0.0,0.0,0.878074123233339,0.8657402391438507,0.8904080073228273,0.0,0.0,0.0,0.08170893474773647,0.0799204104187538,0.08349745907671911,0.5003523807120945,0.489728223516479,0.5109765379077101,0.0,0.0,0.0,0.0,0.0,0.0,1.0,1.0,1.0,0.7668756530825496,0.7034482758620689,0.8303030303030303,1.0,1.0,1.0,0.7668756530825496,0.7034482758620689,0.8303030303030303,1.0,1.0,1.0,0.9535923858594533,0.9509803921568627,0.9562043795620438,0.7199182715649781,0.6554054054054054,0.7844311377245509,-0.29272679560195447,-0.2973779149170861,-0.2880756762868229,0.9833472853384357,0.9734513274336283,0.9932432432432432,3.1312865497076023,2.973684210526316,3.2888888888888888,0.0,0.0,0.0,0.0,0.0,0.0,0.0,0.0,0.0,0.0,0.0,0.0,0.0,0.0,0.0,0.0,0.0,0.0,0.0,0.0,0.0,0.0,0.0,0.0,0.0,0.0,0.0,0.0,0.0,0.0,0.0,0.0,0.0,0.0,0.0,0.0,0.0,0.0,0.0,0.0,0.0,0.0,0.0,0.0,0.0,0.0,0.0,0.0,0.0,0.0,0.0,0.0,0.0,0.0,0.0,0.0,0.0,0.0,0.0,0.0,0.0,0.0,0.0,0.0,0.0,0.0,0.0,0.0,0.0,0.0,0.0,0.0
rebench,rsrc_no_recovery,2,0.4808206692240935,0.4783919034563693,0.48324943499181766,0.6683206692240935,0.6623919034563692,0.6742494349918177,1.0433206692240935,1.0303919034563693,1.0562494349918177,1.6058206692240935,1.5823919034563694,1.6292494349918176,0.25,0.236,0.264,0.0013217297030481343,0.0005580916781324303,0.0020853677279638384,0.0,0.0,0.0,0.49,0.416,0.564,0.01,0.008,0.012,0.612,0.564,0.66,0.628,0.592,0.664,0.49,0.416,0.564,0.612,0.564,0.66,0.612,0.564,0.66,0.51,0.436,0.584,0.7579999999999992,0.7413333333333326,0.7746666666666658,0.86,0.84,0.88,0.434,0.408,0.46,0.01,0.004,0.016,0.0092620625,0.00351,0.015014125,0.879804421456515,0.8676350527170085,0.8919737901960217,0.0,0.0,0.0,0.08200849150452522,0.08013446056824129,0.08388252244080914,0.5003523807120945,0.489728223516479,0.5109765379077101,0.0,0.0,0.0,0.0,0.0,0.0,1.0,1.0,1.0,0.796067053513862,0.7375886524822695,0.8545454545454545,1.0,1.0,1.0,0.796067053513862,0.7375886524822695,0.8545454545454545,1.0,1.0,1.0,0.9511388434260775,0.950354609929078,0.9519230769230769,0.7380739172907849,0.668918918918919,0.8072289156626506,-0.2911236932514305,-0.2967384780012705,-0.28550890850159044,0.9828138745758452,0.9724770642201835,0.9931506849315068,3.132063882063882,2.945945945945946,3.3181818181818183,0.0,0.0,0.0,0.0,0.0,0.0,0.0,0.0,0.0,0.0,0.0,0.0,0.0,0.0,0.0,0.0,0.0,0.0,0.0,0.0,0.0,0.0,0.0,0.0,0.0,0.0,0.0,0.0,0.0,0.0,0.0,0.0,0.0,0.0,0.0,0.0,0.0,0.0,0.0,0.0,0.0,0.0,0.0,0.0,0.0,0.0,0.0,0.0,0.0,0.0,0.0,0.0,0.0,0.0,0.0,0.0,0.0,0.0,0.0,0.0,0.0,0.0,0.0,0.0,0.0,0.0,0.0,0.0,0.0,0.0,0.0,0.0
rebench,se_mpc,2,0.48082789653664915,0.4762680263408748,0.4853877667324235,0.6688278965366492,0.6602680263408748,0.6773877667324235,1.044827896536649,1.0282680263408748,1.0613877667324236,1.6088278965366491,1.5802680263408748,1.6373877667324237,0.248,0.232,0.264,0.0013216892852920634,0.0005580459950280358,0.002085332575556091,0.0,0.0,0.0,0.47400000000000003,0.404,0.544,0.012,0.012,0.012,0.618,0.576,0.66,0.63,0.592,0.668,0.47600000000000003,0.404,0.548,0.618,0.576,0.66,0.618,0.576,0.66,0.524,0.452,0.596,0.7566666666666658,0.7399999999999992,0.7733333333333324,0.86,0.84,0.88,0.43000000000000005,0.404,0.456,0.012,0.004,0.02,0.0108193125,0.0034400000000000003,0.018198625,0.8780587133097917,0.8648048039095447,0.8913126227100387,0.0,0.0,0.0,0.08177708728106979,0.0798700488187538,0.08368412574338578,0.5010666664263802,0.489728223516479,0.5124051093362815,0.0,0.0,0.0,0.0,0.0,0.0,1.0,1.0,1.0,0.7658459595959596,0.7013888888888888,0.8303030303030303,1.0,1.0,1.0,0.7658459595959596,0.7013888888888888,0.8303030303030303,1.0,1.0,1.0,0.9531887012230635,0.9504950495049505,0.9558823529411765,0.713545881210552,0.6486486486486487,0.7784431137724551,-0.292770523540331,-0.2970285884278167,-0.2885124586528453,0.9834864005651713,0.9736842105263158,0.9932885906040269,3.1555555555555554,3.0,3.311111111111111,0.004,0.004,0.004,1.0,1.0,1.0,0.526,0.456,0.596,3.0,3.0,3.0,0.0,0.0,0.0,0.14227030266371524,0.1410754181670652,0.14346518716036527,1.0,1.0,1.0,0.0,0.0,0.0,0.0,0.0,0.0,0.0,0.0,0.0,0.0,0.0,0.0,0.0,0.0,0.0,0.0,0.0,0.0,0.0,0.0,0.0,0.0,0.0,0.0,0.0,0.0,0.0,0.0,0.0,0.0,0.0,0.0,0.0,0.0,0.0,0.0,0.0,0.0,0.0,0.0,0.0,0.0,0.0,0.0,0.0,0.0,0.0,0.0,0.0,0.0,0.0
rebench,static_aggressive,2,0.48695132008138475,0.4849814273963849,0.48892121276638456,0.6754513200813848,0.6699814273963849,0.6809212127663846,1.0524513200813845,1.0399814273963848,1.0649212127663845,1.6179513200813846,1.5949814273963847,1.6409212127663846,0.246,0.232,0.26,0.0016035633195764013,0.0007984141792379131,0.0024087124599148895,0.0,0.0,0.0,0.20800000000000002,0.144,0.272,0.01,0.008,0.012,0.34,0.28,0.4,0.416,0.356,0.476,0.322,0.248,0.396,0.442,0.364,0.52,0.442,0.364,0.52,0.0,0.0,0.0,0.7519999999999991,0.7359999999999992,0.7679999999999991,0.854,0.836,0.872,0.42200000000000004,0.396,0.448,0.02,0.02,0.02,0.018527062499999997,0.01825,0.018804124999999998,0.9364661766842219,0.9171489298466153,0.9557834235218287,0.00016593891202092517,9.278065397768487e-05,0.00023909717006416549,0.09367708787043942,0.08960821449936837,0.09774596124151047,0.5018364757580506,0.4911649505785283,0.5125080009375728,0.0,0.0,0.0,0.0,0.0,0.0,1.0,1.0,1.0,0.7214285714285714,0.6813186813186813,0.7615384615384615,1.0,1.0,1.0,0.7214285714285714,0.6813186813186813,0.7615384615384615,1.0,1.0,1.0,0.957516339869281,0.9444444444444444,0.9705882352941176,0.4683221603248041,0.38202247191011235,0.5546218487394958,-0.3343905407557223,-0.33477740792500316,-0.33400367358644134,0.9843380918147273,0.978021978021978,0.9906542056074766,8.595238095238095,7.0,10.19047619047619,0.0,0.0,0.0,0.0,0.0,0.0,0.0,0.0,0.0,0.0,0.0,0.0,0.0,0.0,0.0,0.0,0.0,0.0,0.0,0.0,0.0,0.0,0.0,0.0,0.0,0.0,0.0,0.0,0.0,0.0,0.0,0.0,0.0,0.0,0.0,0.0,0.0,0.0,0.0,0.0,0.0,0.0,0.0,0.0,0.0,0.0,0.0,0.0,0.0,0.0,0.0,0.0,0.0,0.0,0.0,0.0,0.0,0.0,0.0,0.0,0.0,0.0,0.0,0.0,0.0,0.0,0.0,0.0,0.0,0.0,0.0,0.0
rebench,static_conservative,2,0.47608093337081037,0.47440688998915553,0.4777549767524652,0.6610809333708103,0.6554068899891555,0.6667549767524652,1.0310809333708102,1.0174068899891555,1.044754976752465,1.5860809333708104,1.5604068899891554,1.611754976752465,0.26,0.244,0.276,0.0012147516841027372,0.0005425196551171192,0.001886983713088355,0.0,0.0,0.0,0.558,0.484,0.632,0.022,0.012,0.032,0.718,0.66,0.776,0.724,0.7,0.748,0.558,0.484,0.632,0.718,0.66,0.776,0.718,0.66,0.776,0.0,0.0,0.0,0.7619999999999992,0.7466666666666659,0.7773333333333325,0.866,0.852,0.88,0.44,0.412,0.468,0.01,0.004,0.016,0.007924568125,0.0031145000000000005,0.01273463625,0.8397143943772437,0.8200540850837834,0.859374703670704,0.0,0.0,0.0,0.07283062282015507,0.06955525510558676,0.07610599053472336,0.49678095214069384,0.4854425092308204,0.5081193950505672,0.0,0.0,0.0,0.0,0.0,0.0,1.0,1.0,1.0,0.7738831615120274,0.7333333333333333,0.8144329896907216,1.0,1.0,1.0,0.7738831615120274,0.7333333333333333,0.8144329896907216,1.0,1.0,1.0,0.9863740977089654,0.9810126582278481,0.9917355371900827,0.7572956455309396,0.6857142857142857,0.8288770053475936,-0.2909331828443348,-0.29768019197587303,-0.28418617371279653,0.979819683181665,0.967391304347826,0.9922480620155039,2.7551150895140664,2.7058823529411766,2.8043478260869565,0.0,0.0,0.0,0.0,0.0,0.0,0.0,0.0,0.0,0.0,0.0,0.0,0.0,0.0,0.0,0.0,0.0,0.0,0.0,0.0,0.0,0.0,0.0,0.0,0.0,0.0,0.0,0.0,0.0,0.0,0.0,0.0,0.0,0.0,0.0,0.0,0.0,0.0,0.0,0.0,0.0,0.0,0.0,0.0,0.0,0.0,0.0,0.0,0.0,0.0,0.0,0.0,0.0,0.0,0.0,0.0,0.0,0.0,0.0,0.0,0.0,0.0,0.0,0.0,0.0,0.0,0.0,0.0,0.0,0.0,0.0,0.0
smith,adaptive_threshold,2,0.5871585300957747,0.5851114880692716,0.5892055721222779,0.8131585300957748,0.8021114880692717,0.8242055721222779,1.2576585300957748,1.2291114880692717,1.2862055721222778,1.958158530095775,1.9011114880692719,2.015205572122278,0.186,0.156,0.216,0.07214439594271047,0.06785237799794322,0.07643641388747771,0.03,0.028,0.032,0.19,0.144,0.236,0.012,0.008,0.016,0.33399999999999996,0.292,0.376,0.404,0.332,0.476,0.19,0.144,0.236,0.33399999999999996,0.292,0.376,0.33399999999999996,0.292,0.376,0.0,0.0,0.0,0.8313333333333326,0.8279999999999996,0.8346666666666656,0.9359999999999999,0.924,0.948,0.5640000000000001,0.56,0.568,0.0,0.0,0.0,0.0,0.0,0.0,0.9288886969541414,0.9128081644570388,0.9449692294512441,0.0012094251254581708,0.0010640286835443677,0.0013548215673719738,0.0381196562854839,0.03626660589354429,0.03997270667742351,0.7763934511388173,0.7655257913322258,0.7872611109454087,0.0,0.0,0.0,0.0,0.0,0.0,1.0,1.0,1.0,0.560405129699796,0.4931506849315068,0.6276595744680851,1.0,1.0,1.0,0.560405129699796,0.4931506849315068,0.6276595744680851,1.0,1.0,1.0,0.9552730696798493,0.9444444444444444,0.9661016949152542,0.4443150754277615,0.40963855421686746,0.4789915966386555,-0.13379143306897406,-0.13438286819637738,-0.13319999794157078,0.8055732250330283,0.794392523364486,0.8167539267015707,7.2671568627450975,5.617647058823529,8.916666666666666,0.0,0.0,0.0,0.0,0.0,0.0,0.0,0.0,0.0,0.0,0.0,0.0,0.0,0.0,0.0,0.0,0.0,0.0,0.0,0.0,0.0,0.0,0.0,0.0,0.0,0.0,0.0,0.0,0.0,0.0,0.0,0.0,0.0,0.0,0.0,0.0,0.0,0.0,0.0,0.0,0.0,0.0,0.0,0.0,0.0,0.0,0.0,0.0,0.0,0.0,0.0,0.0,0.0,0.0,0.0,0.0,0.0,0.0,0.0,0.0,0.0,0.0,0.0,0.0,0.0,0.0,0.0,0.0,0.0,0.0,0.0,0.0
smith,always_verify,2,0.6289297491918175,0.6248256282689849,0.6330338701146503,0.8329297491918176,0.812825628268985,0.8530338701146503,1.2344297491918177,1.183825628268985,1.2850338701146504,1.8659297491918176,1.7628256282689847,1.9690338701146506,0.262,0.216,0.308,0.07407112434547355,0.06810232576684215,0.08003992292410496,0.026000000000000002,0.02,0.032,0.06999999999999999,0.036,0.104,0.01,0.008,0.012,0.124,0.092,0.156,0.21000000000000002,0.152,0.268,0.06999999999999999,0.036,0.104,0.124,0.092,0.156,0.124,0.092,0.156,0.0,0.0,0.0,1.0,1.0,1.0,1.0,1.0,1.0,1.0,1.0,1.0,0.0,0.0,0.0,0.0,0.0,0.0,0.9895151126972017,0.9673397888522276,1.0116904365421757,0.0012150435108423607,0.001065295307948763,0.0013647917137359583,0.0,0.0,0.0,0.7494948271873996,0.7329138553065039,0.7660757990682953,0.0,0.0,0.0,0.0,0.0,0.0,1.0,1.0,1.0,0.5289855072463768,0.391304347826087,0.6666666666666666,1.0,1.0,1.0,0.5289855072463768,0.391304347826087,0.6666666666666666,1.0,1.0,1.0,0.717948717948718,0.6666666666666666,0.7692307692307693,0.2282010997643362,0.15789473684210525,0.29850746268656714,-0.15290381735157943,-0.15748291954209606,-0.1483247151610628,0.832820835803201,0.8174273858921162,0.8482142857142857,22.0625,14.0,30.125,0.0,0.0,0.0,0.0,0.0,0.0,0.0,0.0,0.0,0.0,0.0,0.0,0.0,0.0,0.0,0.0,0.0,0.0,0.0,0.0,0.0,0.0,0.0,0.0,0.0,0.0,0.0,0.0,0.0,0.0,0.0,0.0,0.0,0.0,0.0,0.0,0.0,0.0,0.0,0.0,0.0,0.0,0.0,0.0,0.0,0.0,0.0,0.0,0.0,0.0,0.0,0.0,0.0,0.0,0.0,0.0,0.0,0.0,0.0,0.0,0.0,0.0,0.0,0.0,0.0,0.0,0.0,0.0,0.0,0.0,0.0,0.0
smith,always_verify_throttle,2,0.6286579511126862,0.6244929741988513,0.6328229280265212,0.8326579511126863,0.8124929741988514,0.8528229280265212,1.2341579511126861,1.1834929741988511,1.2848229280265213,1.865657951112686,1.762492974198851,1.9688229280265213,0.262,0.216,0.308,0.07402379467255485,0.06802654844083694,0.08002104090427276,0.026000000000000002,0.02,0.032,0.078,0.04,0.116,0.01,0.008,0.012,0.132,0.1,0.164,0.22199999999999998,0.156,0.288,0.078,0.04,0.116,0.132,0.1,0.164,0.132,0.1,0.164,0.0,0.0,0.0,1.0,1.0,1.0,1.0,1.0,1.0,1.0,1.0,1.0,0.0,0.0,0.0,0.0,0.0,0.0,0.9871701176256569,0.96375749101683,1.0105827442344837,0.0012145255398924818,0.0010642816437024863,0.0013647694360824773,0.0,0.0,0.0,0.7494932899854755,0.7329110558110062,0.7660755241599447,0.0,0.0,0.0,0.0,0.0,0.0,1.0,1.0,1.0,0.5536585365853659,0.4,0.7073170731707317,1.0,1.0,1.0,0.5536585365853659,0.4,0.7073170731707317,1.0,1.0,1.0,0.7810344827586206,0.7,0.8620689655172413,0.26335470085470086,0.1794871794871795,0.3472222222222222,-0.15207375586081087,-0.1559551623496123,-0.14819234937200945,0.8314102564102563,0.8166666666666667,0.8461538461538461,20.7,14.733333333333333,26.666666666666668,0.0,0.0,0.0,0.0,0.0,0.0,0.0,0.0,0.0,0.0,0.0,0.0,0.0,0.0,0.0,0.0,0.0,0.0,0.0,0.0,0.0,0.0,0.0,0.0,0.0,0.0,0.0,0.0,0.0,0.0,0.0,0.0,0.0,0.0,0.0,0.0,0.0,0.0,0.0,0.0,0.0,0.0,0.0,0.0,0.0,0.0,0.0,0.0,0.0,0.0,0.0,0.0,0.0,0.0,0.0,0.0,0.0,0.0,0.0,0.0,0.0,0.0,0.0,0.0,0.0,0.0,0.0,0.0,0.0,0.0,0.0,0.0
smith,camc_rsrc_anchor,2,0.6174470768921625,0.6109835773810444,0.6239105764032806,0.8334470768921625,0.8129835773810443,0.8539105764032806,1.2579470768921626,1.2109835773810445,1.3049105764032807,1.9284470768921627,1.8349835773810446,2.0219105764032808,0.226,0.188,0.264,0.07500048482273489,0.06882074317177907,0.0811802264736907,0.03,0.024,0.036,0.096,0.068,0.124,0.01,0.008,0.012,0.182,0.14,0.224,0.274,0.2,0.348,0.10800000000000001,0.076,0.14,0.182,0.14,0.224,0.182,0.14,0.224,0.892,0.86,0.924,0.9393333333333331,0.9306666666666663,0.948,0.964,0.96,0.968,0.864,0.836,0.892,0.0,0.0,0.0,0.0,0.0,0.0,0.9722846362506072,0.9481255424791016,0.9964437300221127,0.0012411464107561169,0.001078344396519597,0.0014039484249926367,0.013759656302193838,0.013578325162666676,0.013940987441720998,0.7624163516503888,0.748583832346824,0.7762488709539536,0.0,0.0,0.0,0.0,0.0,0.0,1.0,1.0,1.0,0.5839285714285714,0.5428571428571428,0.625,1.0,1.0,1.0,0.5839285714285714,0.5428571428571428,0.625,1.0,1.0,1.0,0.9117647058823529,0.8235294117647058,1.0,0.3181609195402299,0.28,0.3563218390804598,-0.1466386139476214,-0.15161472329393216,-0.1416625046013106,0.8256707233425441,0.8111587982832618,0.8401826484018264,13.79642857142857,10.95,16.642857142857142,0.0,0.0,0.0,0.0,0.0,0.0,0.0,0.0,0.0,0.0,0.0,0.0,0.0,0.0,0.0,0.0,0.0,0.0,0.0,0.0,0.0,0.0,0.0,0.0,0.0,0.0,0.0,0.0,0.0,0.0,1.0,1.0,1.0,0.078,0.056,0.1,0.9219999999999999,0.9,0.944,0.011792458849321206,0.007199596988689208,0.016385320709953206,0.16967214873062117,0.1596124312602402,0.17973186620100215,0.0007585229089865297,0.00046667782564835777,0.0010503679923247015,0.5044615805739927,0.4798807749627422,0.5290423861852434,0.0,0.0,0.0,1.9070728319189576,1.8982846955037795,1.9158609683341359,0.1639765836191285,0.11687147270796322,0.2110816945302938,0.9770536520633283,0.968944099378882,0.9851632047477745,0.0,0.0,0.0,0.0,0.0,0.0,0.0,0.0,0.0
smith,camc_sempc_candidate,2,0.6174470768921625,0.6109835773810444,0.6239105764032806,0.8334470768921625,0.8129835773810443,0.8539105764032806,1.2579470768921626,1.2109835773810445,1.3049105764032807,1.9284470768921627,1.8349835773810446,2.0219105764032808,0.226,0.188,0.264,0.07500048482273489,0.06882074317177907,0.0811802264736907,0.03,0.024,0.036,0.096,0.068,0.124,0.01,0.008,0.012,0.182,0.14,0.224,0.274,0.2,0.348,0.10800000000000001,0.076,0.14,0.182,0.14,0.224,0.182,0.14,0.224,0.892,0.86,0.924,0.9393333333333331,0.9306666666666663,0.948,0.964,0.96,0.968,0.864,0.836,0.892,0.0,0.0,0.0,0.0,0.0,0.0,0.9722846362506072,0.9481255424791016,0.9964437300221127,0.0012411464107561169,0.001078344396519597,0.0014039484249926367,0.013759656302193838,0.013578325162666676,0.013940987441720998,0.7624163516503888,0.748583832346824,0.7762488709539536,0.0,0.0,0.0,0.0,0.0,0.0,1.0,1.0,1.0,0.5839285714285714,0.5428571428571428,0.625,1.0,1.0,1.0,0.5839285714285714,0.5428571428571428,0.625,1.0,1.0,1.0,0.9117647058823529,0.8235294117647058,1.0,0.3181609195402299,0.28,0.3563218390804598,-0.1466386139476214,-0.15161472329393216,-0.1416625046013106,0.8256707233425441,0.8111587982832618,0.8401826484018264,13.79642857142857,10.95,16.642857142857142,0.0,0.0,0.0,0.0,0.0,0.0,0.0,0.0,0.0,0.0,0.0,0.0,0.0,0.0,0.0,0.0,0.0,0.0,0.0,0.0,0.0,0.0,0.0,0.0,0.0,0.0,0.0,0.0,0.0,0.0,1.0,1.0,1.0,0.078,0.056,0.1,0.9219999999999999,0.9,0.944,0.011792458849321206,0.007199596988689208,0.016385320709953206,0.16967214873062117,0.1596124312602402,0.17973186620100215,0.0007585229089865297,0.00046667782564835777,0.0010503679923247015,0.5044615805739927,0.4798807749627422,0.5290423861852434,0.0,0.0,0.0,1.9070728319189576,1.8982846955037795,1.9158609683341359,0.1639765836191285,0.11687147270796322,0.2110816945302938,0.9770536520633283,0.968944099378882,0.9851632047477745,0.0,0.0,0.0,0.0,0.0,0.0,0.0,0.0,0.0
smith,camc_static_anchor,2,0.6213351344365334,0.6159111168055936,0.6267591520674731,0.8353351344365334,0.8149111168055936,0.8557591520674732,1.2558351344365333,1.2069111168055935,1.304759152067473,1.9203351344365336,1.8219111168055935,2.0187591520674735,0.234,0.192,0.276,0.07452817391528395,0.06857689463371686,0.08047945319685104,0.03,0.024,0.036,0.11399999999999999,0.08,0.148,0.01,0.008,0.012,0.184,0.14,0.228,0.268,0.204,0.332,0.11399999999999999,0.08,0.148,0.184,0.14,0.228,0.184,0.14,0.228,0.886,0.852,0.92,0.9593333333333331,0.9559999999999995,0.9626666666666667,0.974,0.972,0.976,0.906,0.896,0.916,0.0,0.0,0.0,0.0,0.0,0.0,0.9737627300769891,0.9491781542718838,0.9983473058820945,0.0012287522375128688,0.0010787207177735117,0.0013787837572522262,0.00724690902131954,0.0072373352960000015,0.0072564827466390786,0.7594961750272224,0.7442790868917222,0.7747132631627226,0.0,0.0,0.0,0.0,0.0,0.0,1.0,1.0,1.0,0.6102756892230576,0.5714285714285714,0.6491228070175439,1.0,1.0,1.0,0.6102756892230576,0.5714285714285714,0.6491228070175439,1.0,1.0,1.0,0.9,0.8,1.0,0.37975431136309945,0.3137254901960784,0.4457831325301205,-0.1447690664741515,-0.14835154496342753,-0.1411865879848755,0.8268830373545621,0.808695652173913,0.8450704225352113,13.285714285714285,10.142857142857142,16.428571428571427,0.0,0.0,0.0,0.0,0.0,0.0,0.0,0.0,0.0,0.0,0.0,0.0,0.0,0.0,0.0,0.0,0.0,0.0,0.0,0.0,0.0,0.0,0.0,0.0,0.0,0.0,0.0,0.0,0.0,0.0,1.0,1.0,1.0,0.0,0.0,0.0,1.0,1.0,1.0,-0.018936521733359545,-0.021070767186303147,-0.016802276280415942,0.0,0.0,0.0,-0.1301516851311664,-0.1545023124351673,-0.10580105782716552,0.08503947544493509,0.05660377358490566,0.11347517730496454,0.0,0.0,0.0,1.9050401167801363,1.8955432166825905,1.914537016877682,0.1770856102403608,0.12844700639897563,0.22572421408174595,0.0,0.0,0.0,0.0,0.0,0.0,0.0,0.0,0.0,0.0,0.0,0.0
smith,greedy_myopic,2,0.6195364718122325,0.6181843741920926,0.6208885694323725,0.8575364718122326,0.8498885694323726,0.8651843741920926,1.3220364718122326,1.2968885694323724,1.3471843741920926,2.0705364718122325,2.0168885694323726,2.1241843741920925,0.186,0.156,0.216,0.08177833333575872,0.07626708626418158,0.08728958040733586,0.046,0.044,0.048,0.048,0.032,0.064,0.008,0.008,0.008,0.098,0.088,0.108,0.174,0.136,0.212,0.078,0.052,0.104,0.13,0.104,0.156,0.13,0.104,0.156,0.0,0.0,0.0,0.8619999999999994,0.8586666666666661,0.8653333333333327,0.944,0.936,0.952,0.648,0.648,0.648,0.0,0.0,0.0,0.0,0.0,0.0,1.0147165767971031,0.998405219844672,1.0310279337495343,0.003958695131970672,0.0037107060760442154,0.004206684187897128,0.03485901085370523,0.034044153086091614,0.03567386862131885,0.7774090604421049,0.7664115513326614,0.7884065695515483,0.0,0.0,0.0,0.0,0.0,0.0,1.0,1.0,1.0,0.5833333333333333,0.5,0.6666666666666666,1.0,1.0,1.0,0.5833333333333333,0.5,0.6666666666666666,1.0,1.0,1.0,1.0,1.0,1.0,0.2685904550499445,0.23529411764705882,0.3018867924528302,-0.16182086085161895,-0.16787781050800962,-0.15576391119522826,0.8258988486261214,0.8099173553719008,0.8418803418803419,25.085714285714285,15.6,34.57142857142857,0.0,0.0,0.0,0.0,0.0,0.0,0.0,0.0,0.0,0.0,0.0,0.0,0.0,0.0,0.0,0.0,0.0,0.0,0.0,0.0,0.0,0.0,0.0,0.0,0.0,0.0,0.0,0.0,0.0,0.0,0.0,0.0,0.0,0.0,0.0,0.0,0.0,0.0,0.0,0.0,0.0,0.0,0.0,0.0,0.0,0.0,0.0,0.0,0.0,0.0,0.0,0.0,0.0,0.0,0.0,0.0,0.0,0.0,0.0,0.0,0.0,0.0,0.0,0.0,0.0,0.0,0.0,0.0,0.0,0.0,0.0,0.0
smith,headroom_only,2,0.6241452873121665,0.6208909749526966,0.6273995996716364,0.8386452873121666,0.8208909749526967,0.8563995996716365,1.2601452873121666,1.2148909749526968,1.3053995996716363,1.9261452873121667,1.8328909749526967,2.0193995996716367,0.232,0.192,0.272,0.07471344284293527,0.0688165686285251,0.08061031705734545,0.03,0.024,0.036,0.10600000000000001,0.072,0.14,0.008,0.008,0.008,0.16,0.124,0.196,0.238,0.18,0.296,0.10600000000000001,0.072,0.14,0.16,0.124,0.196,0.16,0.124,0.196,0.894,0.86,0.928,0.9593333333333331,0.9559999999999995,0.9626666666666667,0.974,0.972,0.976,0.906,0.896,0.916,0.0,0.0,0.0,0.0,0.0,0.0,0.980986226560016,0.9597680990495406,1.0022043540704915,0.0012313937736096825,0.0010830050477909252,0.0013797824994284398,0.0075370278449970905,0.007437024905994181,0.007637030784,0.7602206846829074,0.7457186576921011,0.7747227116737138,0.0,0.0,0.0,0.0,0.0,0.0,1.0,1.0,1.0,0.6474654377880185,0.5806451612903226,0.7142857142857143,1.0,1.0,1.0,0.6474654377880185,0.5806451612903226,0.7142857142857143,1.0,1.0,1.0,0.7341269841269842,0.6111111111111112,0.8571428571428571,0.3249249249249249,0.24444444444444444,0.40540540540540543,-0.14478639322928796,-0.14771975468312798,-0.14185303177544795,0.8237770649558942,0.8103448275862069,0.8372093023255814,13.108333333333334,10.75,15.466666666666667,0.0,0.0,0.0,0.0,0.0,0.0,0.0,0.0,0.0,0.0,0.0,0.0,0.0,0.0,0.0,0.0,0.0,0.0,0.0,0.0,0.0,0.0,0.0,0.0,0.0,0.0,0.0,0.0,0.0,0.0,0.0,0.0,0.0,0.0,0.0,0.0,0.0,0.0,0.0,0.0,0.0,0.0,0.0,0.0,0.0,0.0,0.0,0.0,0.0,0.0,0.0,0.0,0.0,0.0,0.0,0.0,0.0,0.0,0.0,0.0,0.0,0.0,0.0,0.0,0.0,0.0,0.0,0.0,0.0,0.0,0.0,0.0
smith,maxweight_backlog,2,0.6218292623699634,0.6164260501111597,0.6272324746287671,0.8358292623699634,0.8154260501111597,0.8562324746287671,1.2563292623699633,1.2074260501111596,1.3052324746287671,1.9208292623699634,1.8224260501111595,2.019232474628767,0.234,0.192,0.276,0.0746982549491248,0.06880353465325406,0.08059297524499554,0.03,0.024,0.036,0.10400000000000001,0.068,0.14,0.01,0.008,0.012,0.16999999999999998,0.132,0.208,0.242,0.184,0.3,0.10400000000000001,0.068,0.14,0.16999999999999998,0.132,0.208,0.16999999999999998,0.132,0.208,0.0,0.0,0.0,0.9593333333333331,0.9559999999999995,0.9626666666666667,0.974,0.972,0.976,0.906,0.896,0.916,0.0,0.0,0.0,0.0,0.0,0.0,0.9782872814704713,0.9553652300053712,1.0012093329355714,0.0012310978299150655,0.0010824240317409077,0.0013797716280892231,0.007455982854872006,0.007391933325744012,0.0075200323840000005,0.7595047282043316,0.7442868181502669,0.7747226382583963,0.0,0.0,0.0,0.0,0.0,0.0,1.0,1.0,1.0,0.5941142191142191,0.5151515151515151,0.6730769230769231,1.0,1.0,1.0,0.5941142191142191,0.5151515151515151,0.6730769230769231,1.0,1.0,1.0,0.7521008403361344,0.6470588235294118,0.8571428571428571,0.3195652173913044,0.2391304347826087,0.4,-0.14581252521999297,-0.14924378966339458,-0.14238126077659136,0.8241840503044215,0.8111587982832618,0.8372093023255814,13.696428571428571,10.75,16.642857142857142,0.0,0.0,0.0,0.0,0.0,0.0,0.0,0.0,0.0,0.0,0.0,0.0,0.0,0.0,0.0,0.0,0.0,0.0,0.0,0.0,0.0,0.0,0.0,0.0,0.0,0.0,0.0,0.0,0.0,0.0,0.0,0.0,0.0,0.0,0.0,0.0,0.0,0.0,0.0,0.0,0.0,0.0,0.0,0.0,0.0,0.0,0.0,0.0,0.0,0.0,0.0,0.0,0.0,0.0,0.0,0.0,0.0,0.0,0.0,0.0,0.0,0.0,0.0,0.0,0.0,0.0,0.0,0.0,0.0,0.0,0.0,0.0
smith,minimal_verify,2,11.235005235788053,10.440384446938957,12.02962602463715,12.181505235788052,11.371384446938956,12.99162602463715,13.841505235788052,13.005384446938956,14.67762602463715,17.380005235788055,16.48238444693896,18.27762602463715,0.01,0.008,0.012,27.29930629308253,26.047856769803015,28.550755816362045,0.9319999999999999,0.912,0.952,0.004,0.004,0.004,0.004,0.004,0.004,0.006,0.004,0.008,0.008,0.008,0.008,0.004,0.004,0.004,0.006,0.004,0.008,0.006,0.004,0.008,0.0,0.0,0.0,0.0,0.0,0.0,0.0,0.0,0.0,0.0,0.0,0.0,0.0,0.0,0.0,0.0,0.0,0.0,0.8827865986085142,0.8813087625847893,0.884264434632239,0.008331427787754205,0.007964383181156054,0.008698472394352355,1.9668547478136067,1.9653841250433228,1.9683253705838903,1.8539400608305843,1.8349019595807559,1.8729781620804125,0.0,0.0,0.0,0.0,0.0,0.0,1.0,1.0,1.0,0.75,0.5,1.0,1.0,1.0,1.0,0.75,0.5,1.0,1.0,1.0,1.0,1.0,1.0,1.0,0.5,0.5,0.5,0.2420296200616649,0.23418044188913226,0.24987879823419754,0.050200803212851405,0.04417670682730924,0.05622489959839357,249.0,249.0,249.0,0.0,0.0,0.0,0.0,0.0,0.0,0.0,0.0,0.0,0.0,0.0,0.0,0.0,0.0,0.0,0.0,0.0,0.0,0.0,0.0,0.0,0.0,0.0,0.0,0.0,0.0,0.0,0.0,0.0,0.0,0.0,0.0,0.0,0.0,0.0,0.0,0.0,0.0,0.0,0.0,0.0,0.0,0.0,0.0,0.0,0.0,0.0,0.0,0.0,0.0,0.0,0.0,0.0,0.0,0.0,0.0,0.0,0.0,0.0,0.0,0.0,0.0,0.0,0.0,0.0,0.0,0.0,0.0,0.0,0.0,0.0,0.0
smith,oracle_src,2,0.5761952587540051,0.5747968278553894,0.5775936896526208,0.8051952587540052,0.7977968278553895,0.8125936896526208,1.2561952587540053,1.2377968278553895,1.2745936896526209,1.964195258754005,1.9247968278553893,2.0035936896526207,0.16799999999999998,0.156,0.18,0.07244123518740483,0.0682266306847969,0.07665583969001276,0.028,0.024,0.032,0.316,0.3,0.332,0.01,0.008,0.012,0.316,0.3,0.332,0.354,0.328,0.38,0.316,0.3,0.332,0.316,0.3,0.332,0.316,0.3,0.332,0.0,0.0,0.0,0.7839999999999991,0.7759999999999994,0.7919999999999988,0.9299999999999999,0.916,0.944,0.434,0.42,0.448,0.018000000000000002,0.016,0.02,0.018984627500000004,0.017297655000000002,0.020671600000000002,0.924243409950043,0.9160258107151296,0.9324610091849563,0.0012248406245344134,0.0010811694751622631,0.0013685117739065638,0.06514793828998774,0.059366665660759675,0.07092921091921582,0.782585864488596,0.7778788251930482,0.7872929037841438,0.0,0.0,0.0,0.0,0.0,0.0,1.0,1.0,1.0,1.0,1.0,1.0,1.0,1.0,1.0,1.0,1.0,1.0,1.0,1.0,1.0,0.7642570281124498,0.7333333333333333,0.7951807228915663,0.6827342747111682,0.6707317073170732,0.6947368421052632,-0.10436555631699723,-0.1054039797760895,-0.10332713285790496,0.7665012831479897,0.7485714285714286,0.7844311377245509,4.5875,4.175,5.0,0.0,0.0,0.0,0.0,0.0,0.0,0.0,0.0,0.0,0.0,0.0,0.0,0.0,0.0,0.0,0.0,0.0,0.0,0.0,0.0,0.0,0.0,0.0,0.0,0.0,0.0,0.0,0.0,0.0,0.0,0.0,0.0,0.0,0.0,0.0,0.0,0.0,0.0,0.0,0.0,0.0,0.0,0.0,0.0,0.0,0.0,0.0,0.0,0.0,0.0,0.0,0.0,0.0,0.0,0.0,0.0,0.0,0.0,0.0,0.0,0.0,0.0,0.0,0.0,0.0,0.0,0.0,0.0,0.0,0.0,0.0,0.0
smith,pareto_camc_rsrc_anchor,2,0.6214278322339299,0.6160965124003868,0.6267591520674731,0.83542783223393,0.8150965124003868,0.8557591520674732,1.25592783223393,1.2070965124003867,1.304759152067473,1.92042783223393,1.8220965124003867,2.0187591520674735,0.234,0.192,0.276,0.07453897607645632,0.0685984989560616,0.08047945319685104,0.03,0.024,0.036,0.10800000000000001,0.08,0.136,0.01,0.008,0.012,0.18,0.14,0.22,0.26,0.204,0.316,0.10800000000000001,0.08,0.136,0.18,0.14,0.22,0.18,0.14,0.22,0.892,0.864,0.92,0.9606666666666664,0.9586666666666662,0.9626666666666667,0.976,0.972,0.98,0.908,0.9,0.916,0.0,0.0,0.0,0.0,0.0,0.0,0.9748137951934392,0.9512802845047841,0.9983473058820945,0.001228752259971838,0.0010787207626914495,0.0013787837572522262,0.006802055687986206,0.006347628629333334,0.0072564827466390786,0.7594964532889423,0.7442796434151622,0.7747132631627226,0.0,0.0,0.0,0.0,0.0,0.0,1.0,1.0,1.0,0.5948051948051948,0.5714285714285714,0.6181818181818182,1.0,1.0,1.0,0.5948051948051948,0.5714285714285714,0.6181818181818182,1.0,1.0,1.0,0.9,0.8,1.0,0.37205261851576077,0.3137254901960784,0.43037974683544306,-0.14586829927890516,-0.15055001057293482,-0.1411865879848755,0.8279589371980676,0.808695652173913,0.8472222222222222,13.614285714285714,10.8,16.428571428571427,0.0,0.0,0.0,0.0,0.0,0.0,0.0,0.0,0.0,0.0,0.0,0.0,0.0,0.0,0.0,0.0,0.0,0.0,0.0,0.0,0.0,0.0,0.0,0.0,0.0,0.0,0.0,0.0,0.0,0.0,1.0,1.0,1.0,0.004,0.0,0.008,0.996,0.992,1.0,-0.01492363813375574,-0.017980657685959224,-0.011866618581552257,0.00743741479797938,0.0,0.01487482959595876,-0.025332885384434463,-0.025428743672932977,-0.025237027095935952,0.6181607408127282,0.6130030959752322,0.6233183856502242,0.0,0.0,0.0,1.9050167946211825,1.895496572364683,1.914537016877682,0.18968795975212058,0.1425948425814765,0.23678107692276465,0.8069271855243079,0.7577937649880095,0.8560606060606061,0.16404149407746532,0.13383838383838384,0.19424460431654678,0.021837075793910327,0.010101010101010102,0.03357314148681055,0.007194244604316547,0.0,0.014388489208633094
smith,pareto_camc_sempc_candidate,2,0.6214278322339299,0.6160965124003868,0.6267591520674731,0.83542783223393,0.8150965124003868,0.8557591520674732,1.25592783223393,1.2070965124003867,1.304759152067473,1.92042783223393,1.8220965124003867,2.0187591520674735,0.234,0.192,0.276,0.07453897607645632,0.0685984989560616,0.08047945319685104,0.03,0.024,0.036,0.10800000000000001,0.08,0.136,0.01,0.008,0.012,0.18,0.14,0.22,0.26,0.204,0.316,0.10800000000000001,0.08,0.136,0.18,0.14,0.22,0.18,0.14,0.22,0.892,0.864,0.92,0.9606666666666664,0.9586666666666662,0.9626666666666667,0.976,0.972,0.98,0.908,0.9,0.916,0.0,0.0,0.0,0.0,0.0,0.0,0.9748137951934392,0.9512802845047841,0.9983473058820945,0.001228752259971838,0.0010787207626914495,0.0013787837572522262,0.006802055687986206,0.006347628629333334,0.0072564827466390786,0.7594964532889423,0.7442796434151622,0.7747132631627226,0.0,0.0,0.0,0.0,0.0,0.0,1.0,1.0,1.0,0.5948051948051948,0.5714285714285714,0.6181818181818182,1.0,1.0,1.0,0.5948051948051948,0.5714285714285714,0.6181818181818182,1.0,1.0,1.0,0.9,0.8,1.0,0.37205261851576077,0.3137254901960784,0.43037974683544306,-0.14586829927890516,-0.15055001057293482,-0.1411865879848755,0.8279589371980676,0.808695652173913,0.8472222222222222,13.614285714285714,10.8,16.428571428571427,0.0,0.0,0.0,0.0,0.0,0.0,0.0,0.0,0.0,0.0,0.0,0.0,0.0,0.0,0.0,0.0,0.0,0.0,0.0,0.0,0.0,0.0,0.0,0.0,0.0,0.0,0.0,0.0,0.0,0.0,1.0,1.0,1.0,0.004,0.0,0.008,0.996,0.992,1.0,-0.01492363813375574,-0.017980657685959224,-0.011866618581552257,0.00743741479797938,0.0,0.01487482959595876,-0.025332885384434463,-0.025428743672932977,-0.025237027095935952,0.6181607408127282,0.6130030959752322,0.6233183856502242,0.0,0.0,0.0,1.9050167946211825,1.895496572364683,1.914537016877682,0.18968795975212058,0.1425948425814765,0.23678107692276465,0.8069271855243079,0.7577937649880095,0.8560606060606061,0.16404149407746532,0.13383838383838384,0.19424460431654678,0.021837075793910327,0.010101010101010102,0.03357314148681055,0.007194244604316547,0.0,0.014388489208633094
smith,pareto_camc_static_anchor,2,0.6213351344365334,0.6159111168055936,0.6267591520674731,0.8353351344365334,0.8149111168055936,0.8557591520674732,1.2558351344365333,1.2069111168055935,1.304759152067473,1.9203351344365336,1.8219111168055935,2.0187591520674735,0.234,0.192,0.276,0.07452817391528395,0.06857689463371686,0.08047945319685104,0.03,0.024,0.036,0.11399999999999999,0.08,0.148,0.01,0.008,0.012,0.184,0.14,0.228,0.268,0.204,0.332,0.11399999999999999,0.08,0.148,0.184,0.14,0.228,0.184,0.14,0.228,0.886,0.852,0.92,0.9593333333333331,0.9559999999999995,0.9626666666666667,0.974,0.972,0.976,0.906,0.896,0.916,0.0,0.0,0.0,0.0,0.0,0.0,0.9737627300769891,0.9491781542718838,0.9983473058820945,0.0012287522375128688,0.0010787207177735117,0.0013787837572522262,0.00724690902131954,0.0072373352960000015,0.0072564827466390786,0.7594961750272224,0.7442790868917222,0.7747132631627226,0.0,0.0,0.0,0.0,0.0,0.0,1.0,1.0,1.0,0.6102756892230576,0.5714285714285714,0.6491228070175439,1.0,1.0,1.0,0.6102756892230576,0.5714285714285714,0.6491228070175439,1.0,1.0,1.0,0.9,0.8,1.0,0.37975431136309945,0.3137254901960784,0.4457831325301205,-0.1447690664741515,-0.14835154496342753,-0.1411865879848755,0.8268830373545621,0.808695652173913,0.8450704225352113,13.285714285714285,10.142857142857142,16.428571428571427,0.0,0.0,0.0,0.0,0.0,0.0,0.0,0.0,0.0,0.0,0.0,0.0,0.0,0.0,0.0,0.0,0.0,0.0,0.0,0.0,0.0,0.0,0.0,0.0,0.0,0.0,0.0,0.0,0.0,0.0,1.0,1.0,1.0,0.0,0.0,0.0,1.0,1.0,1.0,-0.01627332278730674,-0.02068002699306122,-0.011866618581552257,0.0,0.0,0.0,-0.09454096311295482,-0.12631246742267924,-0.06276945880323039,0.08503947544493509,0.05660377358490566,0.11347517730496454,0.0,0.0,0.0,1.9050401167801363,1.8955432166825905,1.914537016877682,0.2016163900752525,0.1425948425814765,0.2606379375690285,0.0,0.0,0.0,0.890625,0.78125,1.0,0.0,0.0,0.0,0.109375,0.0,0.21875
smith,plain_mpc,2,0.5727926210000261,0.5637028060129597,0.5818824359870926,0.8342926210000261,0.8177028060129597,0.8508824359870926,1.3437926210000262,1.3137028060129596,1.3738824359870927,2.1687926210000263,2.1117028060129597,2.2258824359870926,0.11599999999999999,0.104,0.128,0.09934324185108565,0.08965972010266167,0.10902676359950964,0.054,0.048,0.06,0.044,0.032,0.056,0.012,0.012,0.012,0.214,0.208,0.22,0.4,0.372,0.428,0.132,0.12,0.144,0.316,0.292,0.34,0.316,0.292,0.34,0.0,0.0,0.0,0.6140000000000001,0.606666666666667,0.6213333333333333,0.87,0.852,0.888,0.0,0.0,0.0,0.0,0.0,0.0,0.0,0.0,0.0,0.9064880667343245,0.8975624131345499,0.9154137203340991,0.0016067820197305945,0.0015863234208605677,0.0016272406186006215,0.2800467299725997,0.2734504393710785,0.286643020574121,0.8034850307481121,0.7984252735816151,0.808544787914609,0.0,0.0,0.0,0.0,0.0,0.0,1.0,1.0,1.0,0.4172441579371474,0.410958904109589,0.4235294117647059,1.0,1.0,1.0,0.4172441579371474,0.410958904109589,0.4235294117647059,1.0,1.0,1.0,1.0,1.0,1.0,0.10843131343583559,0.08602150537634409,0.1308411214953271,-0.13893233929723253,-0.14256693841961265,-0.13529774017485238,0.8202654433394032,0.8057851239669421,0.8347457627118644,24.958333333333336,19.666666666666668,30.25,0.0,0.0,0.0,0.0,0.0,0.0,0.0,0.0,0.0,0.0,0.0,0.0,0.0,0.0,0.0,0.0,0.0,0.0,0.0,0.0,0.0,0.0,0.0,0.0,0.0,0.0,0.0,0.0,0.0,0.0,0.0,0.0,0.0,0.0,0.0,0.0,0.0,0.0,0.0,0.0,0.0,0.0,0.0,0.0,0.0,0.0,0.0,0.0,0.0,0.0,0.0,0.0,0.0,0.0,0.0,0.0,0.0,0.0,0.0,0.0,0.0,0.0,0.0,0.0,0.0,0.0,0.0,0.0,0.0,0.0,0.0,0.0
smith,rsrc,2,0.6220045461489828,0.616645382554828,0.6273637097431376,0.8360045461489828,0.815645382554828,0.8563637097431376,1.256504546148983,1.2076453825548281,1.3053637097431376,1.9210045461489829,1.8226453825548279,2.019363709743138,0.234,0.192,0.276,0.07472483586415357,0.06884319196630441,0.08060647976200275,0.03,0.024,0.036,0.10200000000000001,0.068,0.136,0.01,0.008,0.012,0.162,0.124,0.2,0.24,0.184,0.296,0.10200000000000001,0.068,0.136,0.162,0.124,0.2,0.162,0.124,0.2,0.898,0.864,0.932,0.9593333333333331,0.9559999999999995,0.9626666666666667,0.974,0.972,0.976,0.906,0.896,0.916,0.0,0.0,0.0,0.0,0.0,0.0,0.9794785358825973,0.9571219484639342,1.0018351233012603,0.0012313032838904895,0.0010828240746341403,0.0013797824931468387,0.007537027844996772,0.007437024905993544,0.007637030784,0.7595052450930564,0.7442877785354727,0.77472271165064,0.0,0.0,0.0,0.0,0.0,0.0,1.0,1.0,1.0,0.6141935483870968,0.5483870967741935,0.68,1.0,1.0,1.0,0.6141935483870968,0.5483870967741935,0.68,1.0,1.0,1.0,0.75,0.6470588235294118,0.8529411764705882,0.31551116333725027,0.2391304347826087,0.3918918918918919,-0.14594593763677988,-0.14959299885793323,-0.14229887641562652,0.8245608806231124,0.8111587982832618,0.8379629629629629,13.721428571428572,10.8,16.642857142857142,0.0,0.0,0.0,0.0,0.0,0.0,0.0,0.0,0.0,0.0,0.0,0.0,0.0,0.0,0.0,0.0,0.0,0.0,0.0,0.0,0.0,0.0,0.0,0.0,0.0,0.0,0.0,0.0,0.0,0.0,0.0,0.0,0.0,0.0,0.0,0.0,0.0,0.0,0.0,0.0,0.0,0.0,0.0,0.0,0.0,0.0,0.0,0.0,0.0,0.0,0.0,0.0,0.0,0.0,0.0,0.0,0.0,0.0,0.0,0.0,0.0,0.0,0.0,0.0,0.0,0.0,0.0,0.0,0.0,0.0,0.0,0.0
smith,rsrc_no_context,2,0.6220045461489828,0.616645382554828,0.6273637097431376,0.8360045461489828,0.815645382554828,0.8563637097431376,1.256504546148983,1.2076453825548281,1.3053637097431376,1.9210045461489829,1.8226453825548279,2.019363709743138,0.234,0.192,0.276,0.07472483586415357,0.06884319196630441,0.08060647976200275,0.03,0.024,0.036,0.10200000000000001,0.068,0.136,0.01,0.008,0.012,0.162,0.124,0.2,0.24,0.184,0.296,0.10200000000000001,0.068,0.136,0.162,0.124,0.2,0.162,0.124,0.2,0.898,0.864,0.932,0.9593333333333331,0.9559999999999995,0.9626666666666667,0.974,0.972,0.976,0.906,0.896,0.916,0.0,0.0,0.0,0.0,0.0,0.0,0.9794785358825973,0.9571219484639342,1.0018351233012603,0.0012313032838904895,0.0010828240746341403,0.0013797824931468387,0.007537027844996772,0.007437024905993544,0.007637030784,0.7595052450930564,0.7442877785354727,0.77472271165064,0.0,0.0,0.0,0.0,0.0,0.0,1.0,1.0,1.0,0.6141935483870968,0.5483870967741935,0.68,1.0,1.0,1.0,0.6141935483870968,0.5483870967741935,0.68,1.0,1.0,1.0,0.75,0.6470588235294118,0.8529411764705882,0.31551116333725027,0.2391304347826087,0.3918918918918919,-0.14594593763677988,-0.14959299885793323,-0.14229887641562652,0.8245608806231124,0.8111587982832618,0.8379629629629629,13.721428571428572,10.8,16.642857142857142,0.0,0.0,0.0,0.0,0.0,0.0,0.0,0.0,0.0,0.0,0.0,0.0,0.0,0.0,0.0,0.0,0.0,0.0,0.0,0.0,0.0,0.0,0.0,0.0,0.0,0.0,0.0,0.0,0.0,0.0,0.0,0.0,0.0,0.0,0.0,0.0,0.0,0.0,0.0,0.0,0.0,0.0,0.0,0.0,0.0,0.0,0.0,0.0,0.0,0.0,0.0,0.0,0.0,0.0,0.0,0.0,0.0,0.0,0.0,0.0,0.0,0.0,0.0,0.0,0.0,0.0,0.0,0.0,0.0,0.0,0.0,0.0
smith,rsrc_no_recovery,2,0.6241452873121665,0.6208909749526966,0.6273995996716364,0.8386452873121666,0.8208909749526967,0.8563995996716365,1.2601452873121666,1.2148909749526968,1.3053995996716363,1.9261452873121667,1.8328909749526967,2.0193995996716367,0.232,0.192,0.272,0.07471344284293527,0.0688165686285251,0.08061031705734545,0.03,0.024,0.036,0.10600000000000001,0.072,0.14,0.008,0.008,0.008,0.16,0.124,0.196,0.238,0.18,0.296,0.10600000000000001,0.072,0.14,0.16,0.124,0.196,0.16,0.124,0.196,0.894,0.86,0.928,0.9593333333333331,0.9559999999999995,0.9626666666666667,0.974,0.972,0.976,0.906,0.896,0.916,0.0,0.0,0.0,0.0,0.0,0.0,0.980986226560016,0.9597680990495406,1.0022043540704915,0.0012313937736096825,0.0010830050477909252,0.0013797824994284398,0.0075370278449970905,0.007437024905994181,0.007637030784,0.7602206846829074,0.7457186576921011,0.7747227116737138,0.0,0.0,0.0,0.0,0.0,0.0,1.0,1.0,1.0,0.6474654377880185,0.5806451612903226,0.7142857142857143,1.0,1.0,1.0,0.6474654377880185,0.5806451612903226,0.7142857142857143,1.0,1.0,1.0,0.7341269841269842,0.6111111111111112,0.8571428571428571,0.3249249249249249,0.24444444444444444,0.40540540540540543,-0.14478639322928796,-0.14771975468312798,-0.14185303177544795,0.8237770649558942,0.8103448275862069,0.8372093023255814,13.108333333333334,10.75,15.466666666666667,0.0,0.0,0.0,0.0,0.0,0.0,0.0,0.0,0.0,0.0,0.0,0.0,0.0,0.0,0.0,0.0,0.0,0.0,0.0,0.0,0.0,0.0,0.0,0.0,0.0,0.0,0.0,0.0,0.0,0.0,0.0,0.0,0.0,0.0,0.0,0.0,0.0,0.0,0.0,0.0,0.0,0.0,0.0,0.0,0.0,0.0,0.0,0.0,0.0,0.0,0.0,0.0,0.0,0.0,0.0,0.0,0.0,0.0,0.0,0.0,0.0,0.0,0.0,0.0,0.0,0.0,0.0,0.0,0.0,0.0,0.0,0.0
smith,se_mpc,2,0.6220045461489828,0.616645382554828,0.6273637097431376,0.8360045461489828,0.815645382554828,0.8563637097431376,1.256504546148983,1.2076453825548281,1.3053637097431376,1.9210045461489829,1.8226453825548279,2.019363709743138,0.234,0.192,0.276,0.07472483586415357,0.06884319196630441,0.08060647976200275,0.03,0.024,0.036,0.10200000000000001,0.068,0.136,0.01,0.008,0.012,0.162,0.124,0.2,0.24,0.184,0.296,0.10200000000000001,0.068,0.136,0.162,0.124,0.2,0.162,0.124,0.2,0.898,0.864,0.932,0.9593333333333331,0.9559999999999995,0.9626666666666667,0.974,0.972,0.976,0.906,0.896,0.916,0.0,0.0,0.0,0.0,0.0,0.0,0.9794785358825973,0.9571219484639342,1.0018351233012603,0.0012313032838904895,0.0010828240746341403,0.0013797824931468387,0.007537027844996772,0.007437024905993544,0.007637030784,0.7595052450930564,0.7442877785354727,0.77472271165064,0.0,0.0,0.0,0.0,0.0,0.0,1.0,1.0,1.0,0.6141935483870968,0.5483870967741935,0.68,1.0,1.0,1.0,0.6141935483870968,0.5483870967741935,0.68,1.0,1.0,1.0,0.75,0.6470588235294118,0.8529411764705882,0.31551116333725027,0.2391304347826087,0.3918918918918919,-0.14594593763677988,-0.14959299885793323,-0.14229887641562652,0.8245608806231124,0.8111587982832618,0.8379629629629629,13.721428571428572,10.8,16.642857142857142,0.0,0.0,0.0,0.0,0.0,0.0,0.898,0.864,0.932,0.0,0.0,0.0,0.0,0.0,0.0,0.0,0.0,0.0,0.0,0.0,0.0,0.0,0.0,0.0,0.0,0.0,0.0,0.0,0.0,0.0,0.0,0.0,0.0,0.0,0.0,0.0,0.0,0.0,0.0,0.0,0.0,0.0,0.0,0.0,0.0,0.0,0.0,0.0,0.0,0.0,0.0,0.0,0.0,0.0,0.0,0.0,0.0,0.0,0.0,0.0,0.0,0.0,0.0,0.0,0.0,0.0,0.0,0.0,0.0,0.0,0.0,0.0
smith,static_aggressive,2,0.6525249161383744,0.6490853627071432,0.6559644695696054,0.8852249161383743,0.8710853627071433,0.8993644695696054,1.3378249161383744,1.3030853627071433,1.3725644695696055,2.0730249161383743,2.005085362707143,2.1409644695696053,0.222,0.188,0.256,0.08833170358695272,0.0817953658048771,0.09486804136902832,0.05,0.048,0.052,0.012,0.004,0.02,0.008,0.008,0.008,0.04,0.028,0.052,0.1,0.068,0.132,0.034,0.016,0.052,0.07200000000000001,0.044,0.1,0.07200000000000001,0.044,0.1,0.0,0.0,0.0,0.9546666666666666,0.9506666666666664,0.9586666666666667,0.972,0.972,0.972,0.894,0.884,0.904,0.0,0.0,0.0,0.0,0.0,0.0,1.0688242892076572,1.0482920060023542,1.0893565724129604,0.005721662751959112,0.005162675956085705,0.00628064954783252,0.009742797673832317,0.008850577320997964,0.010635018026666672,0.7653716512773974,0.7530532394619199,0.7776900630928747,0.0,0.0,0.0,0.002,0.0,0.004,1.0,1.0,1.0,0.44181818181818183,0.36363636363636365,0.52,1.0,1.0,1.0,0.44181818181818183,0.36363636363636365,0.52,1.0,1.0,1.0,1.0,1.0,1.0,0.1051693404634581,0.058823529411764705,0.15151515151515152,-0.16756295550378192,-0.17663819852616602,-0.15848771248139784,0.8321203180067207,0.8152610441767069,0.8489795918367347,149.0,49.0,249.0,0.0,0.0,0.0,0.0,0.0,0.0,0.0,0.0,0.0,0.0,0.0,0.0,0.0,0.0,0.0,0.0,0.0,0.0,0.0,0.0,0.0,0.0,0.0,0.0,0.0,0.0,0.0,0.0,0.0,0.0,0.0,0.0,0.0,0.0,0.0,0.0,0.0,0.0,0.0,0.0,0.0,0.0,0.0,0.0,0.0,0.0,0.0,0.0,0.0,0.0,0.0,0.0,0.0,0.0,0.0,0.0,0.0,0.0,0.0,0.0,0.0,0.0,0.0,0.0,0.0,0.0,0.0,0.0,0.0,0.0,0.0,0.0
smith,static_conservative,2,0.6213351344365334,0.6159111168055936,0.6267591520674731,0.8353351344365334,0.8149111168055936,0.8557591520674732,1.2558351344365333,1.2069111168055935,1.304759152067473,1.9203351344365336,1.8219111168055935,2.0187591520674735,0.234,0.192,0.276,0.07452817391528395,0.06857689463371686,0.08047945319685104,0.03,0.024,0.036,0.11399999999999999,0.08,0.148,0.01,0.008,0.012,0.184,0.14,0.228,0.268,0.204,0.332,0.11399999999999999,0.08,0.148,0.184,0.14,0.228,0.184,0.14,0.228,0.0,0.0,0.0,0.9593333333333331,0.9559999999999995,0.9626666666666667,0.974,0.972,0.976,0.906,0.896,0.916,0.0,0.0,0.0,0.0,0.0,0.0,0.9737627300769891,0.9491781542718838,0.9983473058820945,0.0012287522375128688,0.0010787207177735117,0.0013787837572522262,0.00724690902131954,0.0072373352960000015,0.0072564827466390786,0.7594961750272224,0.7442790868917222,0.7747132631627226,0.0,0.0,0.0,0.0,0.0,0.0,1.0,1.0,1.0,0.6102756892230576,0.5714285714285714,0.6491228070175439,1.0,1.0,1.0,0.6102756892230576,0.5714285714285714,0.6491228070175439,1.0,1.0,1.0,0.9,0.8,1.0,0.37975431136309945,0.3137254901960784,0.4457831325301205,-0.1447690664741515,-0.14835154496342753,-0.1411865879848755,0.8268830373545621,0.808695652173913,0.8450704225352113,13.285714285714285,10.142857142857142,16.428571428571427,0.0,0.0,0.0,0.0,0.0,0.0,0.0,0.0,0.0,0.0,0.0,0.0,0.0,0.0,0.0,0.0,0.0,0.0,0.0,0.0,0.0,0.0,0.0,0.0,0.0,0.0,0.0,0.0,0.0,0.0,0.0,0.0,0.0,0.0,0.0,0.0,0.0,0.0,0.0,0.0,0.0,0.0,0.0,0.0,0.0,0.0,0.0,0.0,0.0,0.0,0.0,0.0,0.0,0.0,0.0,0.0,0.0,0.0,0.0,0.0,0.0,0.0,0.0,0.0,0.0,0.0,0.0,0.0,0.0,0.0,0.0,0.0
test,adaptive_threshold,2,0.46090597551733165,0.453142072620859,0.4686698784138043,0.6669059755173317,0.654142072620859,0.6796698784138043,1.0789059755173316,1.056142072620859,1.1016698784138044,1.6969059755173317,1.659142072620859,1.7346698784138044,0.176,0.156,0.196,0.001371559236235296,0.0001622608990767078,0.0025808575733938842,0.0,0.0,0.0,0.354,0.336,0.372,0.02,0.012,0.028,0.716,0.712,0.72,0.786,0.764,0.808,0.354,0.336,0.372,0.716,0.712,0.72,0.716,0.712,0.72,0.0,0.0,0.0,0.5913333333333334,0.585333333333333,0.5973333333333337,0.6839999999999999,0.672,0.696,0.126,0.112,0.14,0.024,0.012,0.036,0.020319487500000004,0.009343500000000003,0.031295475,0.8386328826450404,0.8283871204062893,0.8488786448837916,7.140085546657648e-05,0.0,0.00014280171093315297,0.29315246757073615,0.28095293563473944,0.30535199950673286,0.34938844441659533,0.3359169591619117,0.3628599296712789,0.0,0.0,0.0,0.0,0.0,0.0,1.0,1.0,1.0,0.49456928838951314,0.4666666666666667,0.5224719101123596,1.0,1.0,1.0,0.49456928838951314,0.4666666666666667,0.5224719101123596,1.0,1.0,1.0,1.0,1.0,1.0,0.4500933077600954,0.4397905759162304,0.4603960396039604,-0.2920591679134661,-0.2937712007050668,-0.29034713512186544,0.9938032384314328,0.9936305732484076,0.9939759036144579,4.097812097812097,3.9523809523809526,4.243243243243243,0.0,0.0,0.0,0.0,0.0,0.0,0.0,0.0,0.0,0.0,0.0,0.0,0.0,0.0,0.0,0.0,0.0,0.0,0.0,0.0,0.0,0.0,0.0,0.0,0.0,0.0,0.0,0.0,0.0,0.0,0.0,0.0,0.0,0.0,0.0,0.0,0.0,0.0,0.0,0.0,0.0,0.0,0.0,0.0,0.0,0.0,0.0,0.0,0.0,0.0,0.0,0.0,0.0,0.0,0.0,0.0,0.0,0.0,0.0,0.0,0.0,0.0,0.0,0.0,0.0,0.0,0.0,0.0,0.0,0.0,0.0,0.0
test,always_verify,2,0.5280568044926539,0.5135856575089555,0.5425279514763522,0.6890568044926538,0.6665856575089555,0.7115279514763522,1.0110568044926538,0.9725856575089554,1.0495279514763522,1.4940568044926537,1.4315856575089554,1.556527951476352,0.356,0.324,0.388,0.0013882511067971664,0.00011649127264137515,0.002660010940952958,0.0,0.0,0.0,0.208,0.172,0.244,0.012,0.012,0.012,0.28200000000000003,0.244,0.32,0.36,0.328,0.392,0.208,0.172,0.244,0.28200000000000003,0.244,0.32,0.28200000000000003,0.244,0.32,0.0,0.0,0.0,1.0,1.0,1.0,1.0,1.0,1.0,1.0,1.0,1.0,0.032,0.024,0.04,0.0269632375,0.0192225,0.034703975,0.9508775834666233,0.9366375859467638,0.9651175809864828,7.169818317317266e-05,0.0,0.00014339636634634533,0.0,0.0,0.0,0.2854659383034665,0.26805762824099266,0.30287424836594035,0.0,0.0,0.0,0.0,0.0,0.0,1.0,1.0,1.0,0.7337090163934425,0.7049180327868853,0.7625,1.0,1.0,1.0,0.7337090163934425,0.7049180327868853,0.7625,1.0,1.0,1.0,0.7258863896301944,0.6976744186046512,0.7540983606557377,0.41762070681931307,0.36585365853658536,0.46938775510204084,-0.3368019184758996,-0.3426014485364984,-0.3310023884153008,0.9949390384172992,0.9947089947089947,0.9951690821256038,7.355769230769231,6.75,7.961538461538462,0.0,0.0,0.0,0.0,0.0,0.0,0.0,0.0,0.0,0.0,0.0,0.0,0.0,0.0,0.0,0.0,0.0,0.0,0.0,0.0,0.0,0.0,0.0,0.0,0.0,0.0,0.0,0.0,0.0,0.0,0.0,0.0,0.0,0.0,0.0,0.0,0.0,0.0,0.0,0.0,0.0,0.0,0.0,0.0,0.0,0.0,0.0,0.0,0.0,0.0,0.0,0.0,0.0,0.0,0.0,0.0,0.0,0.0,0.0,0.0,0.0,0.0,0.0,0.0,0.0,0.0,0.0,0.0,0.0,0.0,0.0,0.0
test,always_verify_throttle,2,0.5275520801527638,0.5130324155406147,0.5420717447649127,0.6885520801527637,0.6660324155406148,0.7110717447649126,1.0105520801527637,0.9720324155406147,1.0490717447649125,1.4935520801527638,1.4310324155406147,1.5560717447649126,0.356,0.324,0.388,0.001388177107380737,0.0001163916649493455,0.0026599625498121286,0.0,0.0,0.0,0.23800000000000002,0.2,0.276,0.012,0.012,0.012,0.318,0.28,0.356,0.404,0.356,0.452,0.23800000000000002,0.2,0.276,0.318,0.28,0.356,0.318,0.28,0.356,0.0,0.0,0.0,1.0,1.0,1.0,1.0,1.0,1.0,1.0,1.0,1.0,0.032,0.024,0.04,0.026264987500000003,0.0188655,0.033664475000000006,0.9412264136676397,0.9257859646559623,0.9566668626793171,7.169683109520635e-05,0.0,0.0001433936621904127,0.0,0.0,0.0,0.285465936420215,0.26805762824099266,0.3028742445994374,0.0,0.0,0.0,0.0,0.0,0.0,1.0,1.0,1.0,0.7447833065810594,0.7142857142857143,0.7752808988764045,1.0,1.0,1.0,0.7447833065810594,0.7142857142857143,0.7752808988764045,1.0,1.0,1.0,0.8592753623188405,0.82,0.8985507246376812,0.5046733618375261,0.4606741573033708,0.5486725663716814,-0.33634315324385766,-0.3417601081834831,-0.3309261983042322,0.9947375690607735,0.994475138121547,0.995,7.120689655172414,6.241379310344827,8.0,0.0,0.0,0.0,0.0,0.0,0.0,0.0,0.0,0.0,0.0,0.0,0.0,0.0,0.0,0.0,0.0,0.0,0.0,0.0,0.0,0.0,0.0,0.0,0.0,0.0,0.0,0.0,0.0,0.0,0.0,0.0,0.0,0.0,0.0,0.0,0.0,0.0,0.0,0.0,0.0,0.0,0.0,0.0,0.0,0.0,0.0,0.0,0.0,0.0,0.0,0.0,0.0,0.0,0.0,0.0,0.0,0.0,0.0,0.0,0.0,0.0,0.0,0.0,0.0,0.0,0.0,0.0,0.0,0.0,0.0,0.0,0.0
test,camc_rsrc_anchor,2,0.4983821260156721,0.48190517265582483,0.5148590793755194,0.6788821260156721,0.6549051726558248,0.7028590793755194,1.039882126015672,1.0009051726558247,1.0788590793755195,1.5813821260156722,1.5199051726558246,1.6428590793755196,0.278,0.248,0.308,0.0013699504199082184,0.00011498208490151329,0.0026249187549149235,0.0,0.0,0.0,0.42,0.368,0.472,0.014,0.012,0.016,0.5680000000000001,0.512,0.624,0.5940000000000001,0.528,0.66,0.43,0.384,0.476,0.5680000000000001,0.512,0.624,0.5680000000000001,0.512,0.624,0.5700000000000001,0.524,0.616,0.8099999999999992,0.8079999999999992,0.8119999999999991,0.928,0.924,0.932,0.52,0.516,0.524,0.024,0.012,0.036,0.0205872375,0.009343500000000003,0.031830975,0.889747225374734,0.8770804232306909,0.9024140275187771,7.072484083828426e-05,0.0,0.00014144968167656853,0.052115500968744094,0.04548904731196053,0.058741954625527656,0.3130292062687261,0.296045902395909,0.33001251014154326,0.0,0.0,0.0,0.0,0.0,0.0,1.0,1.0,1.0,0.7564102564102564,0.75,0.7628205128205128,1.0,1.0,1.0,0.7564102564102564,0.75,0.7628205128205128,1.0,1.0,1.0,0.9341378039793662,0.9021739130434783,0.9661016949152542,0.6598484848484849,0.6287878787878788,0.6909090909090909,-0.3238031898992426,-0.32788617898693395,-0.31972020081155134,0.9930475642500959,0.9924242424242424,0.9936708860759493,3.8607142857142858,3.7714285714285714,3.95,0.0,0.0,0.0,0.0,0.0,0.0,0.0,0.0,0.0,0.0,0.0,0.0,0.0,0.0,0.0,0.0,0.0,0.0,0.0,0.0,0.0,0.0,0.0,0.0,0.0,0.0,0.0,0.0,0.0,0.0,1.0,1.0,1.0,0.024,0.008,0.04,0.976,0.96,0.992,-0.03974683655328719,-0.04731772668398614,-0.03217594642258824,0.006285771103680914,0.00390099245865759,0.008670549748704237,-0.025454757607060667,-0.029131081657256464,-0.02177843355686487,0.5484897838318034,0.5363735070575462,0.5606060606060606,0.0,0.0,0.0,1.6353432139451076,1.617406159992547,1.6532802678976681,0.6039062852024711,0.5360950234797818,0.6717175469251605,0.8185758054179106,0.7935222672064778,0.8436293436293436,0.0,0.0,0.0,0.0,0.0,0.0,0.0,0.0,0.0
test,camc_sempc_candidate,2,0.49188206612444463,0.47420211710362753,0.5095620151452618,0.6808820661244447,0.6552021171036275,0.7065620151452618,1.0588820661244447,1.0172021171036274,1.1005620151452618,1.6258820661244444,1.5602021171036273,1.6915620151452617,0.244,0.212,0.276,0.001370566216229771,0.00011534223390362319,0.002625790198555919,0.0,0.0,0.0,0.316,0.268,0.364,0.014,0.012,0.016,0.596,0.568,0.624,0.624,0.564,0.684,0.396,0.34,0.452,0.596,0.568,0.624,0.596,0.568,0.624,0.6040000000000001,0.548,0.66,0.7433333333333328,0.7413333333333332,0.7453333333333325,0.8260000000000001,0.808,0.844,0.44,0.436,0.444,0.036,0.02,0.052,0.0322109875,0.016363500000000003,0.048058475,0.8718899759637264,0.8564416424216901,0.8873383095057628,7.074928876622779e-05,0.0,0.00014149857753245558,0.09672775522012084,0.09122139458918209,0.1022341158510596,0.3251718960734059,0.30747407593151305,0.3428697162152988,0.0,0.0,0.0,0.0,0.0,0.0,1.0,1.0,1.0,0.6614752618273745,0.5985915492957746,0.7243589743589743,1.0,1.0,1.0,0.6614752618273745,0.5985915492957746,0.7243589743589743,1.0,1.0,1.0,0.961128423814991,0.9552238805970149,0.967032967032967,0.4842602961303969,0.45390070921985815,0.5146198830409356,-0.3278167245156867,-0.33477906215260356,-0.3208543868787699,0.9941231054747912,0.9937106918238994,0.994535519125683,4.346919127086007,3.8780487804878048,4.815789473684211,0.0,0.0,0.0,0.0,0.0,0.0,0.0,0.0,0.0,0.0,0.0,0.0,0.0,0.0,0.0,0.0,0.0,0.0,0.0,0.0,0.0,0.0,0.0,0.0,0.0,0.0,0.0,0.0,0.0,0.0,1.0,1.0,1.0,0.358,0.312,0.404,0.6419999999999999,0.596,0.688,0.0653586571158557,0.05529106330412555,0.07542625092758586,0.18790692890170202,0.1835883626455461,0.19222549515785792,0.004532328687973408,0.003322656744079151,0.0057420006318676655,0.40629930132972725,0.36815415821501013,0.4444444444444444,0.0,0.0,0.0,1.75553812857112,1.7527491016426509,1.758327155499589,0.5578721362470619,0.47554719506357185,0.640197077430552,0.9753692225283135,0.9669421487603306,0.9837962962962963,0.0,0.0,0.0,0.0,0.0,0.0,0.0,0.0,0.0
test,camc_static_anchor,2,0.4970105491913215,0.48040718426974294,0.5136139141129,0.6775105491913215,0.6534071842697429,0.7016139141129001,1.0385105491913214,0.9994071842697428,1.0776139141129,1.5800105491913214,1.5184071842697429,1.6416139141129,0.278,0.248,0.308,0.0013695772865423006,0.00011479736298799526,0.002624357210096606,0.0,0.0,0.0,0.5,0.46,0.54,0.016,0.012,0.02,0.634,0.596,0.672,0.6519999999999999,0.6,0.704,0.5,0.46,0.54,0.634,0.596,0.672,0.634,0.596,0.672,0.5,0.46,0.54,0.8159999999999992,0.8159999999999991,0.8159999999999993,0.928,0.924,0.932,0.524,0.524,0.524,0.024,0.012,0.036,0.0201444875,0.009343500000000003,0.030945474999999997,0.8673838075164906,0.8521732762074252,0.8825943388255559,7.070915093383228e-05,0.0,0.00014141830186766455,0.04136371803883296,0.0398371333188581,0.04289030275880782,0.31302918441493066,0.296045902395909,0.33001246643395227,0.0,0.0,0.0,0.0,0.0,0.0,1.0,1.0,1.0,0.7876917545541706,0.7718120805369127,0.8035714285714286,1.0,1.0,1.0,0.7876917545541706,0.7718120805369127,0.8035714285714286,1.0,1.0,1.0,0.9647342995169083,0.9555555555555556,0.9739130434782609,0.739810606060606,0.7329545454545454,0.7466666666666667,-0.32264390589570097,-0.3267574112318548,-0.3185304005595471,0.9919484702093397,0.991304347826087,0.9925925925925926,3.670995670995671,3.484848484848485,3.857142857142857,0.0,0.0,0.0,0.0,0.0,0.0,0.0,0.0,0.0,0.0,0.0,0.0,0.0,0.0,0.0,0.0,0.0,0.0,0.0,0.0,0.0,0.0,0.0,0.0,0.0,0.0,0.0,0.0,0.0,0.0,1.0,1.0,1.0,0.072,0.056,0.088,0.9279999999999999,0.912,0.944,-0.042475283794025556,-0.04254020666986879,-0.042410360918182316,0.00723651228654372,0.005521349991564769,0.008951674581522672,-0.06399054058888488,-0.0727889616180215,-0.05519211955974828,0.25749863730931927,0.2521246458923513,0.26287262872628725,0.0,0.0,0.0,1.7408229038200203,1.738700513681106,1.7429452939589343,0.7173071332140123,0.661001759723482,0.7736125067045426,0.0,0.0,0.0,0.0,0.0,0.0,0.0,0.0,0.0,0.0,0.0,0.0
test,greedy_myopic,2,0.4756800037422492,0.4698907286116979,0.48146927887280055,0.6776800037422492,0.667890728611698,0.6874692788728005,1.0816800037422492,1.0638907286116979,1.0994692788728007,1.6876800037422495,1.6578907286116982,1.7174692788728008,0.192,0.176,0.208,0.0015008079307480505,0.00010338441634302375,0.0028982314451530774,0.0,0.0,0.0,0.156,0.128,0.184,0.014,0.012,0.016,0.374,0.352,0.396,0.486,0.452,0.52,0.314,0.288,0.34,0.484,0.464,0.504,0.484,0.464,0.504,0.0,0.0,0.0,0.6419999999999999,0.6386666666666664,0.6453333333333335,0.766,0.756,0.776,0.178,0.168,0.188,0.028,0.016,0.04,0.0257021625,0.014134500000000001,0.037269825,0.9102315603333132,0.9004498502423746,0.9200132704242518,0.00013797182281503298,0.0,0.00027594364563006597,0.22384371784729906,0.21793896845758529,0.2297484672370128,0.34369843540632805,0.3316312570568627,0.3557656137557934,0.0,0.0,0.0,0.0,0.0,0.0,1.0,1.0,1.0,0.6476464148877943,0.6206896551724138,0.6746031746031746,1.0,1.0,1.0,0.6476464148877943,0.6206896551724138,0.6746031746031746,1.0,1.0,1.0,1.0,1.0,1.0,0.31851599727705926,0.2831858407079646,0.35384615384615387,-0.3344243331284943,-0.33628359537538277,-0.3325650708816058,0.9929618636445404,0.9908256880733946,0.9950980392156863,11.45,10.9,12.0,0.0,0.0,0.0,0.0,0.0,0.0,0.0,0.0,0.0,0.0,0.0,0.0,0.0,0.0,0.0,0.0,0.0,0.0,0.0,0.0,0.0,0.0,0.0,0.0,0.0,0.0,0.0,0.0,0.0,0.0,0.0,0.0,0.0,0.0,0.0,0.0,0.0,0.0,0.0,0.0,0.0,0.0,0.0,0.0,0.0,0.0,0.0,0.0,0.0,0.0,0.0,0.0,0.0,0.0,0.0,0.0,0.0,0.0,0.0,0.0,0.0,0.0,0.0,0.0,0.0,0.0,0.0,0.0,0.0,0.0,0.0,0.0
test,headroom_only,2,0.49901048337490056,0.4822355175603761,0.515785449189425,0.6795104833749006,0.6552355175603761,0.7037854491894251,1.0405104833749004,1.001235517560376,1.079785449189425,1.5820104833749005,1.520235517560376,1.643785449189425,0.278,0.248,0.308,0.0013705966825414925,0.0001149957023509598,0.0026261976627320253,0.0,0.0,0.0,0.442,0.4,0.484,0.014,0.012,0.016,0.56,0.5,0.62,0.5860000000000001,0.52,0.652,0.442,0.4,0.484,0.56,0.5,0.62,0.56,0.5,0.62,0.558,0.516,0.6,0.8146666666666659,0.8133333333333325,0.8159999999999993,0.928,0.924,0.932,0.52,0.516,0.524,0.0,0.0,0.0,0.0,0.0,0.0,0.8927790838819611,0.8789299736964413,0.9066281940674811,7.076057430211241e-05,0.0,0.00014152114860422482,0.04515803133327473,0.04363710259321695,0.046678960073332505,0.3130292560403365,0.296045902395909,0.330012609684764,0.0,0.0,0.0,0.0,0.0,0.0,1.0,1.0,1.0,0.7903225806451613,0.7806451612903226,0.8,1.0,1.0,1.0,0.7903225806451613,0.7806451612903226,0.8,1.0,1.0,1.0,0.9343388429752066,0.91,0.9586776859504132,0.7058282208588957,0.7,0.7116564417177914,-0.3259420641915862,-0.3294753585674377,-0.32240876981573474,0.9927906976744185,0.9922480620155039,0.9933333333333333,3.924085850556439,3.7941176470588234,4.054054054054054,0.0,0.0,0.0,0.0,0.0,0.0,0.0,0.0,0.0,0.0,0.0,0.0,0.0,0.0,0.0,0.0,0.0,0.0,0.0,0.0,0.0,0.0,0.0,0.0,0.0,0.0,0.0,0.0,0.0,0.0,0.0,0.0,0.0,0.0,0.0,0.0,0.0,0.0,0.0,0.0,0.0,0.0,0.0,0.0,0.0,0.0,0.0,0.0,0.0,0.0,0.0,0.0,0.0,0.0,0.0,0.0,0.0,0.0,0.0,0.0,0.0,0.0,0.0,0.0,0.0,0.0,0.0,0.0,0.0,0.0,0.0,0.0
test,maxweight_backlog,2,0.49838158336753846,0.4818723603571842,0.5148908063778928,0.6788815833675385,0.6548723603571842,0.7028908063778927,1.0398815833675386,1.000872360357184,1.0788908063778928,1.5813815833675384,1.519872360357184,1.6428908063778929,0.278,0.248,0.308,0.0013699346205167907,0.0001149576439776947,0.0026249115970558867,0.0,0.0,0.0,0.45199999999999996,0.416,0.488,0.016,0.012,0.02,0.5940000000000001,0.536,0.652,0.618,0.564,0.672,0.45199999999999996,0.416,0.488,0.5940000000000001,0.536,0.652,0.5940000000000001,0.536,0.652,0.0,0.0,0.0,0.8159999999999992,0.8159999999999991,0.8159999999999993,0.928,0.924,0.932,0.524,0.524,0.524,0.026,0.016,0.036,0.021876737500000003,0.012458000000000002,0.031295475,0.8845831109746541,0.8706732273337479,0.8984929946155604,7.072464084334048e-05,0.0,0.00014144928168668096,0.04379569946756802,0.04217078332131176,0.045420615613824274,0.31302920599016176,0.296045902395909,0.3300125095844145,0.0,0.0,0.0,0.0,0.0,0.0,1.0,1.0,1.0,0.7622928303268932,0.7484662576687117,0.7761194029850746,1.0,1.0,1.0,0.7622928303268932,0.7484662576687117,0.7761194029850746,1.0,1.0,1.0,0.96437578814628,0.9615384615384616,0.9672131147540983,0.7058004052684903,0.7023809523809523,0.7092198581560284,-0.3235125092413797,-0.32724182285706993,-0.31978319562568946,0.9926690924657534,0.9921875,0.9931506849315068,3.7541478129713424,3.7435897435897436,3.764705882352941,0.0,0.0,0.0,0.0,0.0,0.0,0.0,0.0,0.0,0.0,0.0,0.0,0.0,0.0,0.0,0.0,0.0,0.0,0.0,0.0,0.0,0.0,0.0,0.0,0.0,0.0,0.0,0.0,0.0,0.0,0.0,0.0,0.0,0.0,0.0,0.0,0.0,0.0,0.0,0.0,0.0,0.0,0.0,0.0,0.0,0.0,0.0,0.0,0.0,0.0,0.0,0.0,0.0,0.0,0.0,0.0,0.0,0.0,0.0,0.0,0.0,0.0,0.0,0.0,0.0,0.0,0.0,0.0,0.0,0.0,0.0,0.0
test,minimal_verify,2,0.47907376359767073,0.4573430900716305,0.5008044371237109,0.7265737635976707,0.6993430900716304,0.7538044371237109,1.2205737635976708,1.1833430900716304,1.257804437123711,1.9660737635976706,1.9093430900716304,2.022804437123711,0.022,0.012,0.032,0.01732916076932723,0.009933755468877392,0.02472456606977707,0.004,0.0,0.008,0.004,0.004,0.004,0.004,0.004,0.004,0.008,0.008,0.008,0.008,0.008,0.008,0.004,0.004,0.004,0.008,0.008,0.008,0.008,0.008,0.008,0.0,0.0,0.0,0.0,0.0,0.0,0.0,0.0,0.0,0.0,0.0,0.0,0.018000000000000002,0.012,0.024,0.014015250000000003,0.009343500000000003,0.018687000000000002,0.8726614756356605,0.8651269242113775,0.8801960270599436,0.00013511741520338822,0.0,0.00027023483040677644,1.9507125482625338,1.941396158755902,1.9600289377691655,0.40451406565907067,0.39430718057473313,0.41472095074340826,0.0,0.0,0.0,0.0,0.0,0.0,1.0,1.0,1.0,0.5,0.5,0.5,1.0,1.0,1.0,0.5,0.5,0.5,1.0,1.0,1.0,1.0,1.0,1.0,0.5,0.5,0.5,-0.07781672861768676,-0.085122136673202,-0.07051132056217152,0.9377510040160643,0.9236947791164659,0.9518072289156626,249.0,249.0,249.0,0.0,0.0,0.0,0.0,0.0,0.0,0.0,0.0,0.0,0.0,0.0,0.0,0.0,0.0,0.0,0.0,0.0,0.0,0.0,0.0,0.0,0.0,0.0,0.0,0.0,0.0,0.0,0.0,0.0,0.0,0.0,0.0,0.0,0.0,0.0,0.0,0.0,0.0,0.0,0.0,0.0,0.0,0.0,0.0,0.0,0.0,0.0,0.0,0.0,0.0,0.0,0.0,0.0,0.0,0.0,0.0,0.0,0.0,0.0,0.0,0.0,0.0,0.0,0.0,0.0,0.0,0.0,0.0,0.0,0.0,0.0,0.0
test,oracle_src,2,0.46230151447313905,0.4505119312808673,0.47409109766541074,0.677301514473139,0.6595119312808673,0.6950910976654108,1.107301514473139,1.0775119312808674,1.1370910976654107,1.7523015144731389,1.7045119312808672,1.8000910976654108,0.14,0.116,0.164,0.0018288137931534879,0.00016011268338630202,0.0034975149029206737,0.0,0.0,0.0,0.426,0.416,0.436,0.008,0.008,0.008,0.426,0.416,0.436,0.6,0.564,0.636,0.426,0.416,0.436,0.426,0.416,0.436,0.426,0.416,0.436,0.0,0.0,0.0,0.5133333333333334,0.5080000000000002,0.5186666666666667,0.54,0.54,0.54,0.068,0.06,0.076,0.082,0.08,0.084,0.07509164125000001,0.070172,0.0800112825,0.8575828494584574,0.8420354697289261,0.8731302291879888,8.945259783233713e-05,0.0,0.00017890519566467425,0.49580874045815393,0.4952959606562556,0.49632152026005233,0.36222452709760666,0.34734553058654905,0.37710352360866434,0.0,0.0,0.0,0.0,0.0,0.0,1.0,1.0,1.0,1.0,1.0,1.0,1.0,1.0,1.0,1.0,1.0,1.0,1.0,1.0,1.0,0.9667872265349329,0.9519230769230769,0.981651376146789,0.6875418172086176,0.6729559748427673,0.7021276595744681,-0.25121036458122015,-0.2567591958581694,-0.24566153330427082,0.9896045856407267,0.9863013698630136,0.9929078014184397,4.044047619047619,3.9166666666666665,4.171428571428572,0.0,0.0,0.0,0.0,0.0,0.0,0.0,0.0,0.0,0.0,0.0,0.0,0.0,0.0,0.0,0.0,0.0,0.0,0.0,0.0,0.0,0.0,0.0,0.0,0.0,0.0,0.0,0.0,0.0,0.0,0.0,0.0,0.0,0.0,0.0,0.0,0.0,0.0,0.0,0.0,0.0,0.0,0.0,0.0,0.0,0.0,0.0,0.0,0.0,0.0,0.0,0.0,0.0,0.0,0.0,0.0,0.0,0.0,0.0,0.0,0.0,0.0,0.0,0.0,0.0,0.0,0.0,0.0,0.0,0.0,0.0,0.0
test,pareto_camc_rsrc_anchor,2,0.49866657856497154,0.4819942865946499,0.5153388705352933,0.6791665785649715,0.6549942865946499,0.7033388705352932,1.0401665785649716,1.0009942865946497,1.0793388705352933,1.5816665785649715,1.5199942865946496,1.6433388705352934,0.278,0.248,0.308,0.0013699504199082184,0.00011498208490151329,0.0026249187549149235,0.0,0.0,0.0,0.432,0.388,0.476,0.014,0.012,0.016,0.5700000000000001,0.516,0.624,0.5940000000000001,0.528,0.66,0.432,0.388,0.476,0.5700000000000001,0.516,0.624,0.5700000000000001,0.516,0.624,0.5680000000000001,0.524,0.612,0.8146666666666659,0.8133333333333325,0.8159999999999993,0.928,0.924,0.932,0.52,0.516,0.524,0.024,0.012,0.036,0.0205872375,0.009343500000000003,0.031830975,0.8909914309055739,0.8775407538430539,0.9044421079680939,7.072484083828426e-05,0.0,0.00014144968167656853,0.044939295959313195,0.04348374704529388,0.04639484487333251,0.3130292062687261,0.296045902395909,0.33001251014154326,0.0,0.0,0.0,0.0,0.0,0.0,1.0,1.0,1.0,0.7573792486583184,0.751937984496124,0.7628205128205128,1.0,1.0,1.0,0.7573792486583184,0.751937984496124,0.7628205128205128,1.0,1.0,1.0,0.9471108030841202,0.9278350515463918,0.9663865546218487,0.6893939393939394,0.6818181818181818,0.696969696969697,-0.32446654207938547,-0.327890055936056,-0.3210430282227149,0.9929152322506611,0.9923664122137404,0.9934640522875817,3.7839285714285715,3.742857142857143,3.825,0.0,0.0,0.0,0.0,0.0,0.0,0.0,0.0,0.0,0.0,0.0,0.0,0.0,0.0,0.0,0.0,0.0,0.0,0.0,0.0,0.0,0.0,0.0,0.0,0.0,0.0,0.0,0.0,0.0,0.0,1.0,1.0,1.0,0.0,0.0,0.0,1.0,1.0,1.0,-0.051529529968609836,-0.05710223320251704,-0.04595682673470263,0.0,0.0,0.0,-0.10009570214528503,-0.11081059359475909,-0.08938081069581097,0.7305921862444087,0.7288503253796096,0.7323340471092077,0.0,0.0,0.0,1.6334088192245955,1.6167585748691704,1.6500590635800205,0.6178452595647639,0.5547470198909179,0.68094349923861,0.6176900584795322,0.5833333333333334,0.652046783625731,0.3823099415204678,0.347953216374269,0.4166666666666667,0.0,0.0,0.0,0.0,0.0,0.0
test,pareto_camc_sempc_candidate,2,0.5004477246457415,0.4851028249524315,0.5157926243390515,0.6769477246457415,0.6521028249524314,0.7017926243390515,1.0299477246457416,0.9861028249524314,1.0737926243390516,1.5594477246457414,1.4871028249524314,1.6317926243390515,0.29400000000000004,0.256,0.332,0.0013695772865423006,0.00011479736298799526,0.002624357210096606,0.0,0.0,0.0,0.45999999999999996,0.42,0.5,0.012,0.012,0.012,0.5940000000000001,0.544,0.644,0.6060000000000001,0.54,0.672,0.45999999999999996,0.42,0.5,0.5940000000000001,0.544,0.644,0.5940000000000001,0.544,0.644,0.54,0.5,0.58,0.8526666666666656,0.8453333333333323,0.859999999999999,0.954,0.948,0.96,0.608,0.588,0.628,0.024,0.012,0.036,0.019981737500000003,0.009343500000000003,0.030619975000000004,0.8842234462641057,0.8706682516568419,0.8977786408713695,7.070915093383228e-05,0.0,0.00014141830186766455,0.029304670641644492,0.028999481450954094,0.029609859832334894,0.3074145195220056,0.2876737149241212,0.32715532411988996,0.0,0.0,0.0,0.0,0.0,0.0,1.0,1.0,1.0,0.774228169528681,0.7720588235294118,0.7763975155279503,1.0,1.0,1.0,0.774228169528681,0.7720588235294118,0.7763975155279503,1.0,1.0,1.0,0.9561904761904761,0.9523809523809523,0.96,0.7275132275132274,0.7142857142857143,0.7407407407407407,-0.3252263551240966,-0.3298780035992308,-0.32057470664896237,0.992551724137931,0.992,0.993103448275862,3.9653679653679657,3.787878787878788,4.142857142857143,0.0,0.0,0.0,0.0,0.0,0.0,0.0,0.0,0.0,0.0,0.0,0.0,0.0,0.0,0.0,0.0,0.0,0.0,0.0,0.0,0.0,0.0,0.0,0.0,0.0,0.0,0.0,0.0,0.0,0.0,1.0,1.0,1.0,0.108,0.088,0.128,0.892,0.872,0.912,-0.036271431216379296,-0.03813860873129507,-0.034404253701463515,0.06677614577145183,0.05984550348553269,0.07370678805737096,0.0005296260777116967,-0.0033623924413533385,0.004421644596776732,0.7321166681631798,0.7277992277992278,0.7364341085271318,0.0,0.0,0.0,1.7357757332382895,1.7317681387326085,1.7397833277439705,0.7368069032469493,0.6747695873518689,0.7988442191420299,0.5375052352366327,0.5013262599469496,0.5736842105263158,0.2273314253804272,0.19736842105263158,0.2572944297082228,0.10638175345525618,0.09605263157894736,0.11671087533156499,0.12878158592768393,0.1246684350132626,0.13289473684210526
test,pareto_camc_static_anchor,2,0.49698036630411285,0.4804620183539129,0.5134987142543128,0.6774803663041128,0.6534620183539128,0.7014987142543128,1.038480366304113,0.9994620183539128,1.0774987142543129,1.5799803663041128,1.5184620183539126,1.641498714254313,0.278,0.248,0.308,0.0013695772865423006,0.00011479736298799526,0.002624357210096606,0.0,0.0,0.0,0.512,0.46,0.564,0.016,0.012,0.02,0.648,0.612,0.684,0.6659999999999999,0.608,0.724,0.512,0.46,0.564,0.648,0.612,0.684,0.648,0.612,0.684,0.488,0.436,0.54,0.8173333333333326,0.8159999999999993,0.8186666666666659,0.928,0.924,0.932,0.528,0.524,0.532,0.024,0.012,0.036,0.019713987500000002,0.009343500000000003,0.030084475000000003,0.8617486341264404,0.8460668200109298,0.8774304482419509,7.070915093383228e-05,0.0,0.00014141830186766455,0.04059719107811614,0.03888355152542448,0.042310830630807816,0.31302918441493066,0.296045902395909,0.33001246643395227,0.0,0.0,0.0,0.0,0.0,0.0,1.0,1.0,1.0,0.7880976952184382,0.7516339869281046,0.8245614035087719,1.0,1.0,1.0,0.7880976952184382,0.7516339869281046,0.8245614035087719,1.0,1.0,1.0,0.9735738513721862,0.9645390070921985,0.9826086956521739,0.7474011340505962,0.743421052631579,0.7513812154696132,-0.3218549220767536,-0.3247875317834519,-0.31892231237005525,0.9917091403329936,0.9908256880733946,0.9925925925925926,3.58008658008658,3.303030303030303,3.857142857142857,0.0,0.0,0.0,0.0,0.0,0.0,0.0,0.0,0.0,0.0,0.0,0.0,0.0,0.0,0.0,0.0,0.0,0.0,0.0,0.0,0.0,0.0,0.0,0.0,0.0,0.0,0.0,0.0,0.0,0.0,1.0,1.0,1.0,0.0,0.0,0.0,1.0,1.0,1.0,-0.06099804159326218,-0.06703825843920094,-0.05495782474732342,0.0,0.0,0.0,0.07032997223270657,0.0681363242998523,0.07252362016556083,0.3153276686298311,0.2937853107344633,0.33687002652519893,0.0,0.0,0.0,1.7404844306828444,1.7383377441407715,1.7426311172249174,0.8651044702835224,0.7743864575036842,0.9558224830633606,0.0,0.0,0.0,0.22562083585705633,0.2204724409448819,0.23076923076923078,0.007874015748031496,0.0,0.015748031496062992,0.7665051483949121,0.7637795275590551,0.7692307692307693
test,plain_mpc,2,0.46396904215282664,0.4540071735221274,0.4739309107835259,0.6869690421528266,0.6750071735221274,0.6989309107835259,1.1329690421528267,1.1170071735221274,1.148930910783526,1.8019690421528267,1.7800071735221275,1.823930910783526,0.10800000000000001,0.1,0.116,0.002019117260909031,0.00030091266729081356,0.003737321854527248,0.0,0.0,0.0,0.016,0.008,0.024,0.018000000000000002,0.016,0.02,0.122,0.12,0.124,0.28800000000000003,0.256,0.32,0.044,0.04,0.048,0.20600000000000002,0.168,0.244,0.20600000000000002,0.168,0.244,0.0,0.0,0.0,0.43266666666666603,0.4293333333333328,0.4359999999999993,0.398,0.396,0.4,0.0,0.0,0.0,0.026,0.016,0.036,0.022304,0.0133505,0.0312575,0.8881301753673955,0.8819362841424497,0.8943240665923412,9.098068875795634e-05,0.0,0.00018196137751591267,0.7448205591700241,0.7430811901177562,0.746559928222292,0.37352008309846363,0.3642341765385219,0.3828059896584054,0.0,0.0,0.0,0.0,0.0,0.0,1.0,1.0,1.0,0.21740827478532396,0.19672131147540983,0.23809523809523808,1.0,1.0,1.0,0.21740827478532396,0.19672131147540983,0.23809523809523808,1.0,1.0,1.0,1.0,1.0,1.0,0.053125,0.03125,0.075,-0.25967578296878485,-0.26722464402363383,-0.2521269219139359,0.9898202009518773,0.9877049180327869,0.9919354838709677,86.4,48.8,124.0,0.0,0.0,0.0,0.0,0.0,0.0,0.0,0.0,0.0,0.0,0.0,0.0,0.0,0.0,0.0,0.0,0.0,0.0,0.0,0.0,0.0,0.0,0.0,0.0,0.0,0.0,0.0,0.0,0.0,0.0,0.0,0.0,0.0,0.0,0.0,0.0,0.0,0.0,0.0,0.0,0.0,0.0,0.0,0.0,0.0,0.0,0.0,0.0,0.0,0.0,0.0,0.0,0.0,0.0,0.0,0.0,0.0,0.0,0.0,0.0,0.0,0.0,0.0,0.0,0.0,0.0,0.0,0.0,0.0,0.0,0.0,0.0
test,rsrc,2,0.49866657856497154,0.4819942865946499,0.5153388705352933,0.6791665785649715,0.6549942865946499,0.7033388705352932,1.0401665785649716,1.0009942865946497,1.0793388705352933,1.5816665785649715,1.5199942865946496,1.6433388705352934,0.278,0.248,0.308,0.0013699504199082184,0.00011498208490151329,0.0026249187549149235,0.0,0.0,0.0,0.432,0.388,0.476,0.014,0.012,0.016,0.5700000000000001,0.516,0.624,0.5940000000000001,0.528,0.66,0.432,0.388,0.476,0.5700000000000001,0.516,0.624,0.5700000000000001,0.516,0.624,0.5680000000000001,0.524,0.612,0.8146666666666659,0.8133333333333325,0.8159999999999993,0.928,0.924,0.932,0.52,0.516,0.524,0.024,0.012,0.036,0.0205872375,0.009343500000000003,0.031830975,0.8909914309055739,0.8775407538430539,0.9044421079680939,7.072484083828426e-05,0.0,0.00014144968167656853,0.044939295959313195,0.04348374704529388,0.04639484487333251,0.3130292062687261,0.296045902395909,0.33001251014154326,0.0,0.0,0.0,0.0,0.0,0.0,1.0,1.0,1.0,0.7573792486583184,0.751937984496124,0.7628205128205128,1.0,1.0,1.0,0.7573792486583184,0.751937984496124,0.7628205128205128,1.0,1.0,1.0,0.9471108030841202,0.9278350515463918,0.9663865546218487,0.6893939393939394,0.6818181818181818,0.696969696969697,-0.32446654207938547,-0.327890055936056,-0.3210430282227149,0.9929152322506611,0.9923664122137404,0.9934640522875817,3.7839285714285715,3.742857142857143,3.825,0.0,0.0,0.0,0.0,0.0,0.0,0.0,0.0,0.0,0.0,0.0,0.0,0.0,0.0,0.0,0.0,0.0,0.0,0.0,0.0,0.0,0.0,0.0,0.0,0.0,0.0,0.0,0.0,0.0,0.0,0.0,0.0,0.0,0.0,0.0,0.0,0.0,0.0,0.0,0.0,0.0,0.0,0.0,0.0,0.0,0.0,0.0,0.0,0.0,0.0,0.0,0.0,0.0,0.0,0.0,0.0,0.0,0.0,0.0,0.0,0.0,0.0,0.0,0.0,0.0,0.0,0.0,0.0,0.0,0.0,0.0,0.0
test,rsrc_no_context,2,0.49867072008088165,0.4819942865946499,0.5153471535671134,0.6791707200808816,0.6549942865946499,0.7033471535671134,1.0401707200808816,1.0009942865946497,1.0793471535671135,1.5816707200808815,1.5199942865946496,1.6433471535671136,0.278,0.248,0.308,0.0013699504199082184,0.00011498208490151329,0.0026249187549149235,0.0,0.0,0.0,0.434,0.392,0.476,0.014,0.012,0.016,0.5700000000000001,0.512,0.628,0.5920000000000001,0.524,0.66,0.434,0.392,0.476,0.5700000000000001,0.512,0.628,0.5700000000000001,0.512,0.628,0.5660000000000001,0.524,0.608,0.8146666666666659,0.8133333333333325,0.8159999999999993,0.928,0.924,0.932,0.52,0.516,0.524,0.0,0.0,0.0,0.0,0.0,0.0,0.8910563293671121,0.8775407538430539,0.9045719048911705,7.072484083828426e-05,0.0,0.00014144968167656853,0.0449538559593132,0.04348374704529388,0.04642396487333251,0.3130292062687261,0.296045902395909,0.33001251014154326,0.0,0.0,0.0,0.0,0.0,0.0,1.0,1.0,1.0,0.7617933917197452,0.7579617834394905,0.765625,1.0,1.0,1.0,0.7617933917197452,0.7579617834394905,0.765625,1.0,1.0,1.0,0.9474789915966386,0.9285714285714286,0.9663865546218487,0.6958130927596577,0.6946564885496184,0.696969696969697,-0.3265453172836247,-0.329738557844453,-0.3233520767227964,0.9928937324226597,0.9923664122137404,0.993421052631579,3.82014652014652,3.742857142857143,3.8974358974358974,0.0,0.0,0.0,0.0,0.0,0.0,0.0,0.0,0.0,0.0,0.0,0.0,0.0,0.0,0.0,0.0,0.0,0.0,0.0,0.0,0.0,0.0,0.0,0.0,0.0,0.0,0.0,0.0,0.0,0.0,0.0,0.0,0.0,0.0,0.0,0.0,0.0,0.0,0.0,0.0,0.0,0.0,0.0,0.0,0.0,0.0,0.0,0.0,0.0,0.0,0.0,0.0,0.0,0.0,0.0,0.0,0.0,0.0,0.0,0.0,0.0,0.0,0.0,0.0,0.0,0.0,0.0,0.0,0.0,0.0,0.0,0.0
test,rsrc_no_recovery,2,0.49901048337490056,0.4822355175603761,0.515785449189425,0.6795104833749006,0.6552355175603761,0.7037854491894251,1.0405104833749004,1.001235517560376,1.079785449189425,1.5820104833749005,1.520235517560376,1.643785449189425,0.278,0.248,0.308,0.0013705966825414925,0.0001149957023509598,0.0026261976627320253,0.0,0.0,0.0,0.44,0.4,0.48,0.014,0.012,0.016,0.56,0.504,0.616,0.5860000000000001,0.52,0.652,0.44,0.4,0.48,0.56,0.504,0.616,0.56,0.504,0.616,0.56,0.52,0.6,0.8146666666666659,0.8133333333333325,0.8159999999999993,0.928,0.924,0.932,0.52,0.516,0.524,0.024,0.012,0.036,0.0205872375,0.009343500000000003,0.031830975,0.8927175454204228,0.8789299736964413,0.9065051171444042,7.076057430211241e-05,0.0,0.00014152114860422482,0.04515803133327473,0.04363710259321695,0.046678960073332505,0.3130292560403365,0.296045902395909,0.330012609684764,0.0,0.0,0.0,0.0,0.0,0.0,1.0,1.0,1.0,0.7864357864357865,0.7792207792207793,0.7936507936507936,1.0,1.0,1.0,0.7864357864357865,0.7792207792207793,0.7936507936507936,1.0,1.0,1.0,0.9341666666666667,0.91,0.9583333333333334,0.7027607361963191,0.7,0.7055214723926381,-0.3238946906582688,-0.32801850892342194,-0.3197708723931157,0.9928205128205128,0.9923076923076923,0.9933333333333333,3.9387917329093804,3.823529411764706,4.054054054054054,0.0,0.0,0.0,0.0,0.0,0.0,0.0,0.0,0.0,0.0,0.0,0.0,0.0,0.0,0.0,0.0,0.0,0.0,0.0,0.0,0.0,0.0,0.0,0.0,0.0,0.0,0.0,0.0,0.0,0.0,0.0,0.0,0.0,0.0,0.0,0.0,0.0,0.0,0.0,0.0,0.0,0.0,0.0,0.0,0.0,0.0,0.0,0.0,0.0,0.0,0.0,0.0,0.0,0.0,0.0,0.0,0.0,0.0,0.0,0.0,0.0,0.0,0.0,0.0,0.0,0.0,0.0,0.0,0.0,0.0,0.0,0.0
test,se_mpc,2,0.4977130083234716,0.48198966025038537,0.5134363563965578,0.6777130083234716,0.6549896602503853,0.7004363563965579,1.0377130083234714,1.0009896602503852,1.0744363563965578,1.5777130083234714,1.5199896602503853,1.6354363563965577,0.28,0.252,0.308,0.0013699431653829744,0.00011498208490151329,0.0026249042458644355,0.0,0.0,0.0,0.434,0.396,0.472,0.014,0.012,0.016,0.5740000000000001,0.524,0.624,0.5980000000000001,0.536,0.66,0.434,0.396,0.472,0.5740000000000001,0.524,0.624,0.5740000000000001,0.524,0.624,0.5660000000000001,0.528,0.604,0.8139999999999992,0.8133333333333325,0.814666666666666,0.926,0.92,0.932,0.52,0.516,0.524,0.036,0.02,0.052,0.032280987500000004,0.016363500000000003,0.048198475000000005,0.8896618678286644,0.8774213692276948,0.9019023664296341,7.072443544657124e-05,0.0,0.00014144887089314248,0.04531118929264652,0.04349974704529387,0.047122631539999175,0.31231491998978783,0.296045902395909,0.32858393758366666,0.0,0.0,0.0,0.0,0.0,0.0,1.0,1.0,1.0,0.7560677236249755,0.7557251908396947,0.7564102564102564,1.0,1.0,1.0,0.7560677236249755,0.7557251908396947,0.7564102564102564,1.0,1.0,1.0,0.9527478171545969,0.9393939393939394,0.9661016949152542,0.6924694708276797,0.6909090909090909,0.6940298507462687,-0.3239963863986378,-0.32748282007152996,-0.32050995272574573,0.9929008629339755,0.9924242424242424,0.9933774834437086,3.720833333333333,3.6666666666666665,3.775,0.002,0.0,0.004,0.5,0.0,1.0,0.5660000000000001,0.528,0.604,2.0,0.0,4.0,0.0,0.0,0.0,0.071162,0.0,0.142324,0.5,0.0,1.0,0.0,0.0,0.0,0.0,0.0,0.0,0.0,0.0,0.0,0.0,0.0,0.0,0.0,0.0,0.0,0.0,0.0,0.0,0.0,0.0,0.0,0.0,0.0,0.0,0.0,0.0,0.0,0.0,0.0,0.0,0.0,0.0,0.0,0.0,0.0,0.0,0.0,0.0,0.0,0.0,0.0,0.0,0.0,0.0,0.0,0.0,0.0,0.0,0.0,0.0,0.0
test,static_aggressive,2,0.5094733030785752,0.4937952119407559,0.5251513942163945,0.6939733030785752,0.6707952119407559,0.7171513942163945,1.062973303078575,1.0247952119407557,1.1011513942163944,1.6164733030785752,1.5557952119407557,1.6771513942163945,0.262,0.232,0.292,0.0014599788822479845,7.788498402620769e-05,0.0028420727804697615,0.0,0.0,0.0,0.19,0.144,0.236,0.01,0.008,0.012,0.28,0.232,0.328,0.354,0.304,0.404,0.28,0.22,0.34,0.364,0.308,0.42,0.364,0.308,0.42,0.0,0.0,0.0,0.8059999999999992,0.8039999999999993,0.8079999999999992,0.924,0.92,0.928,0.498,0.492,0.504,0.028,0.016,0.04,0.026503749999999996,0.014600000000000002,0.03840749999999999,0.9568180624327816,0.9411275813506903,0.9725085435148728,0.00016877357861641885,0.0,0.0003375471572328377,0.054117035236337235,0.05047582778608976,0.05775824268658471,0.3187632140347898,0.3017601881101947,0.3357662399593849,0.0,0.0,0.0,0.0,0.0,0.0,1.0,1.0,1.0,0.7619047619047619,0.7142857142857143,0.8095238095238095,1.0,1.0,1.0,0.7619047619047619,0.7142857142857143,0.8095238095238095,1.0,1.0,1.0,0.9722222222222222,0.9444444444444444,1.0,0.5157634184471078,0.4473684210526316,0.5841584158415841,-0.3579667123452167,-0.3633941529443288,-0.35253927174610467,0.9950457503547487,0.9947643979057592,0.9953271028037384,8.768315018315018,7.346153846153846,10.19047619047619,0.0,0.0,0.0,0.0,0.0,0.0,0.0,0.0,0.0,0.0,0.0,0.0,0.0,0.0,0.0,0.0,0.0,0.0,0.0,0.0,0.0,0.0,0.0,0.0,0.0,0.0,0.0,0.0,0.0,0.0,0.0,0.0,0.0,0.0,0.0,0.0,0.0,0.0,0.0,0.0,0.0,0.0,0.0,0.0,0.0,0.0,0.0,0.0,0.0,0.0,0.0,0.0,0.0,0.0,0.0,0.0,0.0,0.0,0.0,0.0,0.0,0.0,0.0,0.0,0.0,0.0,0.0,0.0,0.0,0.0,0.0,0.0
test,static_conservative,2,0.49698036630411285,0.4804620183539129,0.5134987142543128,0.6774803663041128,0.6534620183539128,0.7014987142543128,1.038480366304113,0.9994620183539128,1.0774987142543129,1.5799803663041128,1.5184620183539126,1.641498714254313,0.278,0.248,0.308,0.0013695772865423006,0.00011479736298799526,0.002624357210096606,0.0,0.0,0.0,0.512,0.46,0.564,0.016,0.012,0.02,0.648,0.612,0.684,0.6659999999999999,0.608,0.724,0.512,0.46,0.564,0.648,0.612,0.684,0.648,0.612,0.684,0.0,0.0,0.0,0.8173333333333326,0.8159999999999993,0.8186666666666659,0.928,0.924,0.932,0.528,0.524,0.532,0.024,0.012,0.036,0.019713987500000002,0.009343500000000003,0.030084475000000003,0.8617486341264404,0.8460668200109298,0.8774304482419509,7.070915093383228e-05,0.0,0.00014141830186766455,0.04059719107811614,0.03888355152542448,0.042310830630807816,0.31302918441493066,0.296045902395909,0.33001246643395227,0.0,0.0,0.0,0.0,0.0,0.0,1.0,1.0,1.0,0.7880976952184382,0.7516339869281046,0.8245614035087719,1.0,1.0,1.0,0.7880976952184382,0.7516339869281046,0.8245614035087719,1.0,1.0,1.0,0.9735738513721862,0.9645390070921985,0.9826086956521739,0.7474011340505962,0.743421052631579,0.7513812154696132,-0.3218549220767536,-0.3247875317834519,-0.31892231237005525,0.9917091403329936,0.9908256880733946,0.9925925925925926,3.58008658008658,3.303030303030303,3.857142857142857,0.0,0.0,0.0,0.0,0.0,0.0,0.0,0.0,0.0,0.0,0.0,0.0,0.0,0.0,0.0,0.0,0.0,0.0,0.0,0.0,0.0,0.0,0.0,0.0,0.0,0.0,0.0,0.0,0.0,0.0,0.0,0.0,0.0,0.0,0.0,0.0,0.0,0.0,0.0,0.0,0.0,0.0,0.0,0.0,0.0,0.0,0.0,0.0,0.0,0.0,0.0,0.0,0.0,0.0,0.0,0.0,0.0,0.0,0.0,0.0,0.0,0.0,0.0,0.0,0.0,0.0,0.0,0.0,0.0,0.0,0.0,0.0
verified,adaptive_threshold,2,0.44450326787315064,0.4371396075413644,0.45186692820493685,0.6535032678731507,0.6391396075413645,0.6678669282049369,1.0715032678731506,1.0431396075413644,1.099866928204937,1.6985032678731509,1.6491396075413647,1.7478669282049368,0.164,0.136,0.192,0.00015563324727576333,0.0001289260309156033,0.00018234046363592337,0.0,0.0,0.0,0.272,0.244,0.3,0.028,0.024,0.032,0.5980000000000001,0.548,0.648,0.71,0.66,0.76,0.272,0.244,0.3,0.5980000000000001,0.548,0.648,0.5980000000000001,0.548,0.648,0.0,0.0,0.0,0.5326666666666668,0.5306666666666668,0.5346666666666667,0.592,0.588,0.596,0.062,0.052,0.072,0.016,0.012,0.02,0.01294275,0.0098475,0.016038,0.831045494444732,0.8128071471291254,0.8492838417603386,0.0,0.0,0.0,0.43090352898867407,0.40884082300138946,0.45296623497595867,0.4069187754749972,0.39260563514909214,0.42123191580090236,0.0,0.0,0.0,0.0,0.0,0.0,1.0,1.0,1.0,0.4541092187077589,0.44525547445255476,0.46296296296296297,1.0,1.0,1.0,0.4541092187077589,0.44525547445255476,0.46296296296296297,1.0,1.0,1.0,0.9918032786885246,0.9836065573770492,1.0,0.3791866028708134,0.36363636363636365,0.39473684210526316,-0.28313127752933465,-0.28927387972093255,-0.2769886753377367,0.9944973544973545,0.9942857142857143,0.9947089947089947,6.109375,5.46875,6.75,0.0,0.0,0.0,0.0,0.0,0.0,0.0,0.0,0.0,0.0,0.0,0.0,0.0,0.0,0.0,0.0,0.0,0.0,0.0,0.0,0.0,0.0,0.0,0.0,0.0,0.0,0.0,0.0,0.0,0.0,0.0,0.0,0.0,0.0,0.0,0.0,0.0,0.0,0.0,0.0,0.0,0.0,0.0,0.0,0.0,0.0,0.0,0.0,0.0,0.0,0.0,0.0,0.0,0.0,0.0,0.0,0.0,0.0,0.0,0.0,0.0,0.0,0.0,0.0,0.0,0.0,0.0,0.0,0.0,0.0,0.0,0.0
verified,always_verify,2,0.5180628462260275,0.5122132932755896,0.5239123991764655,0.6770628462260275,0.6682132932755896,0.6859123991764655,0.9950628462260276,0.9802132932755896,1.0099123991764656,1.4720628462260275,1.4482132932755896,1.4959123991764653,0.364,0.352,0.376,0.0,0.0,0.0,0.0,0.0,0.0,0.21000000000000002,0.188,0.232,0.01,0.008,0.012,0.292,0.292,0.292,0.388,0.384,0.392,0.21000000000000002,0.188,0.232,0.292,0.292,0.292,0.292,0.292,0.292,0.0,0.0,0.0,1.0,1.0,1.0,1.0,1.0,1.0,1.0,1.0,1.0,0.02,0.016,0.024,0.016220000000000002,0.012783500000000001,0.0196565,0.9458589497085146,0.9406753135249007,0.9510425858921285,0.0,0.0,0.0,0.0,0.0,0.0,0.33575238765001963,0.3269601488616582,0.3445446264383811,0.0,0.0,0.0,0.0,0.0,0.0,1.0,1.0,1.0,0.7191780821917808,0.6438356164383562,0.7945205479452054,1.0,1.0,1.0,0.7191780821917808,0.6438356164383562,0.7945205479452054,1.0,1.0,1.0,0.8114453411592076,0.7931034482758621,0.8297872340425532,0.43781887755102045,0.40625,0.46938775510204084,-0.34399682218253147,-0.345787694644409,-0.3422059497206539,1.0,1.0,1.0,6.938888888888888,6.766666666666667,7.111111111111111,0.0,0.0,0.0,0.0,0.0,0.0,0.0,0.0,0.0,0.0,0.0,0.0,0.0,0.0,0.0,0.0,0.0,0.0,0.0,0.0,0.0,0.0,0.0,0.0,0.0,0.0,0.0,0.0,0.0,0.0,0.0,0.0,0.0,0.0,0.0,0.0,0.0,0.0,0.0,0.0,0.0,0.0,0.0,0.0,0.0,0.0,0.0,0.0,0.0,0.0,0.0,0.0,0.0,0.0,0.0,0.0,0.0,0.0,0.0,0.0,0.0,0.0,0.0,0.0,0.0,0.0,0.0,0.0,0.0,0.0,0.0,0.0
verified,always_verify_throttle,2,0.5171944503964707,0.5109586937290543,0.5234302070638872,0.6756944503964708,0.6659586937290544,0.6854302070638872,0.9926944503964708,0.9759586937290543,1.0094302070638872,1.4681944503964708,1.4409586937290544,1.4954302070638872,0.366,0.352,0.38,0.0,0.0,0.0,0.0,0.0,0.0,0.244,0.22,0.268,0.012,0.012,0.012,0.324,0.32,0.328,0.424,0.412,0.436,0.244,0.22,0.268,0.324,0.32,0.328,0.324,0.32,0.328,0.0,0.0,0.0,1.0,1.0,1.0,1.0,1.0,1.0,1.0,1.0,1.0,0.02,0.016,0.024,0.015751,0.012528000000000003,0.018974,0.9363053283818281,0.9295270126499164,0.9430836441137398,0.0,0.0,0.0,0.0,0.0,0.0,0.335038101935734,0.32553157743308697,0.3445446264383811,0.0,0.0,0.0,0.0,0.0,0.0,1.0,1.0,1.0,0.7522865853658536,0.6875,0.8170731707317073,1.0,1.0,1.0,0.7522865853658536,0.6875,0.8170731707317073,1.0,1.0,1.0,0.8990502035278154,0.8727272727272727,0.9253731343283582,0.5174133784626347,0.46601941747572817,0.5688073394495413,-0.3433396464543489,-0.3445767744434418,-0.342102518465256,1.0,1.0,1.0,7.4604037267080745,6.964285714285714,7.956521739130435,0.0,0.0,0.0,0.0,0.0,0.0,0.0,0.0,0.0,0.0,0.0,0.0,0.0,0.0,0.0,0.0,0.0,0.0,0.0,0.0,0.0,0.0,0.0,0.0,0.0,0.0,0.0,0.0,0.0,0.0,0.0,0.0,0.0,0.0,0.0,0.0,0.0,0.0,0.0,0.0,0.0,0.0,0.0,0.0,0.0,0.0,0.0,0.0,0.0,0.0,0.0,0.0,0.0,0.0,0.0,0.0,0.0,0.0,0.0,0.0,0.0,0.0,0.0,0.0,0.0,0.0,0.0,0.0,0.0,0.0,0.0,0.0
verified,camc_rsrc_anchor,2,0.4805321288040669,0.4729613447010965,0.4881029129070373,0.6665321288040669,0.6519613447010966,0.6811029129070373,1.038532128804067,1.0099613447010964,1.0671029129070373,1.5965321288040668,1.5469613447010964,1.6461029129070373,0.256,0.228,0.284,0.0,0.0,0.0,0.0,0.0,0.0,0.47400000000000003,0.396,0.552,0.01,0.008,0.012,0.6679999999999999,0.608,0.728,0.6479999999999999,0.596,0.7,0.47800000000000004,0.4,0.556,0.6679999999999999,0.608,0.728,0.6679999999999999,0.608,0.728,0.522,0.444,0.6,0.7586666666666655,0.749333333333332,0.767999999999999,0.902,0.9,0.904,0.402,0.38,0.424,0.014,0.008,0.02,0.011634,0.0067645000000000005,0.0165035,0.8753242237279908,0.8611294861123989,0.8895189613435825,0.0,0.0,0.0,0.08509450307542371,0.07851174045908818,0.09167726569175923,0.37428070613694686,0.35974921193745135,0.3888122003364424,0.0,0.0,0.0,0.0,0.0,0.0,1.0,1.0,1.0,0.7108155002891845,0.6578947368421053,0.7637362637362637,1.0,1.0,1.0,0.7108155002891845,0.6578947368421053,0.7637362637362637,1.0,1.0,1.0,0.9530083443126922,0.9494949494949495,0.9565217391304348,0.6925790987535954,0.6308724832214765,0.7542857142857143,-0.3217900658436262,-0.32530649896493957,-0.3182736327223128,1.0,1.0,1.0,3.402872777017784,3.2941176470588234,3.511627906976744,0.0,0.0,0.0,0.0,0.0,0.0,0.0,0.0,0.0,0.0,0.0,0.0,0.0,0.0,0.0,0.0,0.0,0.0,0.0,0.0,0.0,0.0,0.0,0.0,0.0,0.0,0.0,0.0,0.0,0.0,1.0,1.0,1.0,0.022,0.02,0.024,0.978,0.976,0.98,-0.04188931846721747,-0.04951170049349956,-0.03426693644093538,0.01318035026459999,0.011187802074141528,0.015172898455058452,-0.027320406242267767,-0.03287846047690833,-0.021762352007627203,0.5317612198621959,0.4894291754756871,0.5740932642487047,0.0,0.0,0.0,1.6311614307578526,1.6073716478957527,1.6549512136199522,0.6758834971552206,0.564637843810155,0.7871291505002861,0.7994499068233386,0.755939524838013,0.8429602888086642,0.0,0.0,0.0,0.0,0.0,0.0,0.0,0.0,0.0
verified,camc_sempc_candidate,2,0.46618928761993206,0.46067994403342627,0.4716986312064379,0.6566892876199322,0.6466799440334263,0.6666986312064379,1.0376892876199322,1.0186799440334262,1.056698631206438,1.609189287619932,1.5766799440334265,1.6416986312064379,0.238,0.22,0.256,0.0,0.0,0.0,0.0,0.0,0.0,0.356,0.34,0.372,0.016,0.012,0.02,0.6839999999999999,0.652,0.716,0.6759999999999999,0.64,0.712,0.438,0.396,0.48,0.6839999999999999,0.652,0.716,0.6839999999999999,0.652,0.716,0.562,0.52,0.604,0.6959999999999993,0.6839999999999992,0.7079999999999994,0.806,0.804,0.808,0.348,0.324,0.372,0.02,0.016,0.024,0.01677125,0.013784500000000002,0.019757999999999998,0.8538804700789971,0.8424588501749134,0.8653020899830809,0.0,0.0,0.0,0.14247157699176077,0.1311656547488906,0.15377749923463094,0.3805581721223884,0.3694470053129423,0.3916693389318345,0.0,0.0,0.0,0.0,0.0,0.0,1.0,1.0,1.0,0.638876512321349,0.6073619631901841,0.6703910614525139,1.0,1.0,1.0,0.638876512321349,0.6073619631901841,0.6703910614525139,1.0,1.0,1.0,0.9721062618595826,0.967741935483871,0.9764705882352941,0.5121839887640449,0.5056179775280899,0.51875,-0.32647184159932713,-0.32696883918953906,-0.3259748440091152,1.0,1.0,1.0,3.634498480243161,3.3404255319148937,3.9285714285714284,0.0,0.0,0.0,0.0,0.0,0.0,0.0,0.0,0.0,0.0,0.0,0.0,0.0,0.0,0.0,0.0,0.0,0.0,0.0,0.0,0.0,0.0,0.0,0.0,0.0,0.0,0.0,0.0,0.0,0.0,1.0,1.0,1.0,0.376,0.32,0.432,0.624,0.568,0.68,0.06569993007926679,0.05503212090940211,0.07636773924913147,0.18789172548196656,0.18442444035084235,0.19135901061309077,0.0008925597732896279,0.00044932345457009105,0.0013357960920091646,0.40127701375245584,0.3526522593320236,0.449901768172888,0.0,0.0,0.0,1.7589460899134384,1.758895872614707,1.75899630721217,0.626897123196609,0.572194099355443,0.681600147037775,0.9625445499993918,0.9585152838427947,0.9665738161559888,0.0,0.0,0.0,0.0,0.0,0.0,0.0,0.0,0.0
verified,camc_static_anchor,2,0.47887488853443033,0.4717623105961302,0.48598746647273044,0.6623748885344303,0.6487623105961302,0.6759874664727304,1.0293748885344303,1.00276231059613,1.0559874664727305,1.5798748885344303,1.53376231059613,1.6259874664727305,0.266,0.24,0.292,0.0,0.0,0.0,0.0,0.0,0.0,0.5760000000000001,0.532,0.62,0.014,0.012,0.016,0.748,0.712,0.784,0.726,0.688,0.764,0.5760000000000001,0.532,0.62,0.748,0.712,0.784,0.748,0.712,0.784,0.42400000000000004,0.38,0.468,0.7713333333333323,0.7639999999999989,0.7786666666666657,0.908,0.908,0.908,0.41600000000000004,0.396,0.436,0.014,0.008,0.02,0.011226250000000002,0.006554500000000001,0.015898000000000002,0.8446234003103907,0.8282829289647318,0.8609638716560496,0.0,0.0,0.0,0.06347465575296503,0.05759335809423156,0.0693559534116985,0.3707092876389364,0.3568920892271439,0.3845264860507289,0.0,0.0,0.0,0.0,0.0,0.0,1.0,1.0,1.0,0.7690036688832838,0.7471910112359551,0.7908163265306123,1.0,1.0,1.0,0.7690036688832838,0.7471910112359551,0.7908163265306123,1.0,1.0,1.0,0.9747513946155711,0.9624060150375939,0.9870967741935484,0.7726165834652381,0.7441860465116279,0.8010471204188482,-0.32424917786658913,-0.32644950782491006,-0.32204884790826815,1.0,1.0,1.0,3.1004310344827584,2.925,3.2758620689655173,0.0,0.0,0.0,0.0,0.0,0.0,0.0,0.0,0.0,0.0,0.0,0.0,0.0,0.0,0.0,0.0,0.0,0.0,0.0,0.0,0.0,0.0,0.0,0.0,0.0,0.0,0.0,0.0,0.0,0.0,1.0,1.0,1.0,0.038,0.024,0.052,0.962,0.948,0.976,-0.05667978771619771,-0.060954264001465315,-0.05240531143093011,0.006675454331273818,0.006591938169958968,0.006758970492588667,-0.0676629264855323,-0.07387724718447448,-0.061448605786590116,0.30922935259951834,0.292817679558011,0.32564102564102565,0.0,0.0,0.0,1.7408349060040968,1.737685521539712,1.7439842904684817,0.8364715146457479,0.782143127664604,0.8907999016268917,0.0,0.0,0.0,0.0,0.0,0.0,0.0,0.0,0.0,0.0,0.0,0.0
verified,greedy_myopic,2,0.4605710440531254,0.45298192935367015,0.4681601587525806,0.6670710440531253,0.6519819293536702,0.6821601587525806,1.0800710440531254,1.04998192935367,1.1101601587525807,1.6995710440531253,1.64698192935367,1.7521601587525806,0.174,0.144,0.204,0.00012308305492568316,6.633246677116932e-05,0.00017983364308019701,0.0,0.0,0.0,0.134,0.084,0.184,0.018000000000000002,0.016,0.02,0.33,0.272,0.388,0.456,0.36,0.552,0.256,0.196,0.316,0.464,0.392,0.536,0.464,0.392,0.536,0.0,0.0,0.0,0.573333333333333,0.5639999999999998,0.5826666666666663,0.658,0.644,0.672,0.10200000000000001,0.084,0.12,0.018000000000000002,0.012,0.024,0.01590525,0.010663,0.0211475,0.9036315431419861,0.880067371161736,0.9271957151222362,0.0,0.0,0.0,0.3746520101225536,0.3673700990431394,0.38193392120196784,0.40334768025034207,0.38832058755692456,0.41837477294375963,0.0,0.0,0.0,0.0,0.0,0.0,1.0,1.0,1.0,0.5447761194029851,0.5,0.5895522388059702,1.0,1.0,1.0,0.5447761194029851,0.5,0.5895522388059702,1.0,1.0,1.0,1.0,1.0,1.0,0.2833333333333333,0.23333333333333334,0.3333333333333333,-0.3145738377290118,-0.3170155765849867,-0.312132098873037,0.9953656134943061,0.9950980392156863,0.9956331877729258,15.045454545454545,9.272727272727273,20.818181818181817,0.0,0.0,0.0,0.0,0.0,0.0,0.0,0.0,0.0,0.0,0.0,0.0,0.0,0.0,0.0,0.0,0.0,0.0,0.0,0.0,0.0,0.0,0.0,0.0,0.0,0.0,0.0,0.0,0.0,0.0,0.0,0.0,0.0,0.0,0.0,0.0,0.0,0.0,0.0,0.0,0.0,0.0,0.0,0.0,0.0,0.0,0.0,0.0,0.0,0.0,0.0,0.0,0.0,0.0,0.0,0.0,0.0,0.0,0.0,0.0,0.0,0.0,0.0,0.0,0.0,0.0,0.0,0.0,0.0,0.0,0.0,0.0
verified,headroom_only,2,0.48158000113931865,0.4744077129880655,0.4887522892905718,0.6675800011393187,0.6534077129880655,0.6817522892905719,1.0395800011393186,1.0114077129880654,1.0677522892905718,1.5975800011393186,1.5484077129880653,1.6467522892905717,0.256,0.228,0.284,0.0,0.0,0.0,0.0,0.0,0.0,0.488,0.42,0.556,0.01,0.008,0.012,0.6719999999999999,0.612,0.732,0.6279999999999999,0.568,0.688,0.488,0.42,0.556,0.6719999999999999,0.612,0.732,0.6719999999999999,0.612,0.732,0.512,0.444,0.58,0.7639999999999989,0.7546666666666655,0.7733333333333323,0.902,0.9,0.904,0.4,0.376,0.424,0.0,0.0,0.0,0.0,0.0,0.0,0.8798052414971043,0.8649512336708647,0.894659249323344,0.0,0.0,0.0,0.0735904344619163,0.06880571377832626,0.07837515514550634,0.37428070613694686,0.3597492119374513,0.3888122003364424,0.0,0.0,0.0,0.0,0.0,0.0,1.0,1.0,1.0,0.7229186756669881,0.6862745098039216,0.7595628415300546,1.0,1.0,1.0,0.7229186756669881,0.6862745098039216,0.7595628415300546,1.0,1.0,1.0,0.94741349777321,0.9424460431654677,0.9523809523809523,0.7329266295447101,0.704225352112676,0.7616279069767442,-0.32586029016829376,-0.3292051913824656,-0.32251538895412185,1.0,1.0,1.0,3.4448529411764706,3.264705882352941,3.625,0.0,0.0,0.0,0.0,0.0,0.0,0.0,0.0,0.0,0.0,0.0,0.0,0.0,0.0,0.0,0.0,0.0,0.0,0.0,0.0,0.0,0.0,0.0,0.0,0.0,0.0,0.0,0.0,0.0,0.0,0.0,0.0,0.0,0.0,0.0,0.0,0.0,0.0,0.0,0.0,0.0,0.0,0.0,0.0,0.0,0.0,0.0,0.0,0.0,0.0,0.0,0.0,0.0,0.0,0.0,0.0,0.0,0.0,0.0,0.0,0.0,0.0,0.0,0.0,0.0,0.0,0.0,0.0,0.0,0.0,0.0,0.0
verified,maxweight_backlog,2,0.47957368914601006,0.4722755188126502,0.48687185947937,0.66357368914601,0.6502755188126501,0.67687185947937,1.03157368914601,1.0062755188126502,1.05687185947937,1.5835736891460102,1.5402755188126502,1.62687185947937,0.264,0.24,0.288,0.0,0.0,0.0,0.0,0.0,0.0,0.528,0.472,0.584,0.01,0.008,0.012,0.702,0.652,0.752,0.688,0.644,0.732,0.528,0.472,0.584,0.702,0.652,0.752,0.702,0.652,0.752,0.0,0.0,0.0,0.7673333333333323,0.7586666666666655,0.775999999999999,0.906,0.904,0.908,0.406,0.384,0.428,0.018000000000000002,0.012,0.024,0.014837750000000004,0.009987500000000003,0.019688000000000004,0.8666553362937541,0.8530151614408686,0.8802955111466396,0.0,0.0,0.0,0.06853273119323991,0.06155265175104968,0.07551281063543015,0.3714235632798043,0.35832064050887974,0.3845264860507289,0.0,0.0,0.0,0.0,0.0,0.0,1.0,1.0,1.0,0.7502610625244746,0.7239263803680982,0.776595744680851,1.0,1.0,1.0,0.7502610625244746,0.7239263803680982,0.776595744680851,1.0,1.0,1.0,0.9633155328534944,0.952054794520548,0.9745762711864406,0.7369242779078844,0.7142857142857143,0.7595628415300546,-0.3246500660090904,-0.32701479900685804,-0.3222853330113228,1.0,1.0,1.0,3.057142857142857,2.9714285714285715,3.142857142857143,0.0,0.0,0.0,0.0,0.0,0.0,0.0,0.0,0.0,0.0,0.0,0.0,0.0,0.0,0.0,0.0,0.0,0.0,0.0,0.0,0.0,0.0,0.0,0.0,0.0,0.0,0.0,0.0,0.0,0.0,0.0,0.0,0.0,0.0,0.0,0.0,0.0,0.0,0.0,0.0,0.0,0.0,0.0,0.0,0.0,0.0,0.0,0.0,0.0,0.0,0.0,0.0,0.0,0.0,0.0,0.0,0.0,0.0,0.0,0.0,0.0,0.0,0.0,0.0,0.0,0.0,0.0,0.0,0.0,0.0,0.0,0.0
verified,minimal_verify,2,0.4556264245178077,0.45559898781224534,0.4556538612233701,0.6991264245178077,0.6986538612233701,0.6995989878122453,1.1861264245178078,1.1846538612233701,1.1875989878122453,1.9166264245178075,1.91365386122337,1.9195989878122452,0.026000000000000002,0.024,0.028,0.006436036716058507,0.0059930479889573375,0.006879025443159676,0.0,0.0,0.0,0.002,0.0,0.004,0.004,0.004,0.004,0.008,0.008,0.008,0.008,0.008,0.008,0.002,0.0,0.004,0.008,0.008,0.008,0.008,0.008,0.008,0.0,0.0,0.0,0.0,0.0,0.0,0.0,0.0,0.0,0.0,0.0,0.0,0.012,0.008,0.016,0.009343500000000001,0.006229000000000001,0.012458000000000002,0.8697555596430225,0.8685417978055954,0.8709693214804497,0.0,0.0,0.0,1.9482535789290998,1.9468606109335227,1.9496465469246769,0.4558145468219607,0.45064372086612575,0.46098537277779567,0.0,0.0,0.0,0.0,0.0,0.0,1.0,1.0,1.0,0.25,0.0,0.5,1.0,1.0,1.0,0.25,0.0,0.5,1.0,1.0,1.0,1.0,1.0,1.0,0.25,0.0,0.5,-0.08254144582741607,-0.08459048955005016,-0.08049240210478198,0.9419196787148594,0.924,0.9598393574297188,249.5,249.0,250.0,0.0,0.0,0.0,0.0,0.0,0.0,0.0,0.0,0.0,0.0,0.0,0.0,0.0,0.0,0.0,0.0,0.0,0.0,0.0,0.0,0.0,0.0,0.0,0.0,0.0,0.0,0.0,0.0,0.0,0.0,0.0,0.0,0.0,0.0,0.0,0.0,0.0,0.0,0.0,0.0,0.0,0.0,0.0,0.0,0.0,0.0,0.0,0.0,0.0,0.0,0.0,0.0,0.0,0.0,0.0,0.0,0.0,0.0,0.0,0.0,0.0,0.0,0.0,0.0,0.0,0.0,0.0,0.0,0.0,0.0,0.0,0.0
verified,oracle_src,2,0.4499029542632935,0.4469403055019417,0.45286560302464535,0.6669029542632936,0.6609403055019417,0.6728656030246454,1.1009029542632935,1.0889403055019418,1.1128656030246453,1.7519029542632936,1.7309403055019417,1.7728656030246455,0.132,0.12,0.144,0.0003856178119030269,0.0001433779415918295,0.0006278576822142244,0.0,0.0,0.0,0.296,0.288,0.304,0.02,0.016,0.024,0.296,0.288,0.304,0.44,0.44,0.44,0.296,0.288,0.304,0.296,0.288,0.304,0.296,0.288,0.304,0.0,0.0,0.0,0.44733333333333286,0.4333333333333327,0.46133333333333304,0.40800000000000003,0.388,0.428,0.024,0.012,0.036,0.046,0.04,0.052,0.04473859937500001,0.03552,0.053957198750000004,0.8491170826863463,0.8379101294781374,0.8603240358945553,0.0,0.0,0.0,0.6762134496652328,0.6534209434122639,0.6990059559182017,0.4180355011948454,0.4092279728939753,0.4268430294957155,0.0,0.0,0.0,0.0,0.0,0.0,1.0,1.0,1.0,1.0,1.0,1.0,1.0,1.0,1.0,1.0,1.0,1.0,1.0,1.0,1.0,0.9791666666666667,0.9583333333333334,1.0,0.6590909090909092,0.6272727272727273,0.6909090909090909,-0.23968192735369198,-0.24320323801432234,-0.23616061669306163,0.9886994704894743,0.9831460674157303,0.9942528735632183,8.569444444444445,7.25,9.88888888888889,0.0,0.0,0.0,0.0,0.0,0.0,0.0,0.0,0.0,0.0,0.0,0.0,0.0,0.0,0.0,0.0,0.0,0.0,0.0,0.0,0.0,0.0,0.0,0.0,0.0,0.0,0.0,0.0,0.0,0.0,0.0,0.0,0.0,0.0,0.0,0.0,0.0,0.0,0.0,0.0,0.0,0.0,0.0,0.0,0.0,0.0,0.0,0.0,0.0,0.0,0.0,0.0,0.0,0.0,0.0,0.0,0.0,0.0,0.0,0.0,0.0,0.0,0.0,0.0,0.0,0.0,0.0,0.0,0.0,0.0,0.0,0.0
verified,pareto_camc_rsrc_anchor,2,0.48056390277213007,0.47259012654806437,0.48853767899619577,0.66606390277213,0.6505901265480644,0.6815376789961958,1.03706390277213,1.0065901265480643,1.0675376789961957,1.59356390277213,1.5405901265480644,1.6465376789961956,0.258,0.228,0.288,0.0,0.0,0.0,0.0,0.0,0.0,0.486,0.412,0.56,0.01,0.008,0.012,0.6739999999999999,0.608,0.74,0.6519999999999999,0.588,0.716,0.486,0.412,0.56,0.6739999999999999,0.608,0.74,0.6739999999999999,0.608,0.74,0.514,0.44,0.588,0.7653333333333323,0.7559999999999989,0.7746666666666656,0.902,0.9,0.904,0.404,0.38,0.428,0.014,0.008,0.02,0.011634,0.0067645000000000005,0.0165035,0.8765865591416793,0.861255726195243,0.8919173920881154,0.0,0.0,0.0,0.07257456722775049,0.06731640973132798,0.077832724724173,0.3735664204226611,0.35832064050887974,0.3888122003364424,0.0,0.0,0.0,0.0,0.0,0.0,1.0,1.0,1.0,0.7171941678520626,0.6776315789473685,0.7567567567567568,1.0,1.0,1.0,0.7171941678520626,0.6776315789473685,0.7567567567567568,1.0,1.0,1.0,0.9494452149791957,0.941747572815534,0.9571428571428572,0.7042336487667693,0.6598639455782312,0.7486033519553073,-0.32486978655573956,-0.3272040727176049,-0.32253550039387424,1.0,1.0,1.0,3.3676470588235294,3.235294117647059,3.5,0.0,0.0,0.0,0.0,0.0,0.0,0.0,0.0,0.0,0.0,0.0,0.0,0.0,0.0,0.0,0.0,0.0,0.0,0.0,0.0,0.0,0.0,0.0,0.0,0.0,0.0,0.0,0.0,0.0,0.0,1.0,1.0,1.0,0.0,0.0,0.0,1.0,1.0,1.0,-0.06123995381803019,-0.06997469547504803,-0.05250521216101235,0.0,0.0,0.0,-0.11806025720044276,-0.13634571892785372,-0.09977479547303181,0.7409190099401187,0.7390396659707724,0.742798353909465,0.0,0.0,0.0,1.6266042061520776,1.6014983718378428,1.651710040466312,0.7054424092777596,0.6010496514983898,0.8098351670571294,0.574847019421882,0.5056497175141242,0.6440443213296398,0.4251529805781179,0.3559556786703601,0.4943502824858757,0.0,0.0,0.0,0.0,0.0,0.0
verified,pareto_camc_sempc_candidate,2,0.4824688974441481,0.47538116562598526,0.4895566292623109,0.663968897444148,0.6493811656259852,0.6785566292623109,1.026968897444148,0.9973811656259852,1.0565566292623108,1.5714688974441482,1.5193811656259852,1.623556629262311,0.274,0.244,0.304,0.0,0.0,0.0,0.0,0.0,0.0,0.546,0.508,0.584,0.014,0.012,0.016,0.712,0.684,0.74,0.6799999999999999,0.644,0.716,0.544,0.508,0.58,0.712,0.684,0.74,0.712,0.684,0.74,0.45599999999999996,0.42,0.492,0.8073333333333321,0.8053333333333321,0.8093333333333321,0.9319999999999999,0.924,0.94,0.5,0.5,0.5,0.018000000000000002,0.012,0.024,0.014771250000000001,0.0099945,0.019548000000000003,0.869574083914884,0.858220774028935,0.8809273938008328,0.0,0.0,0.0,0.05253979663933883,0.05098975719394661,0.05408983608473105,0.36785214478179973,0.352606374941442,0.3830979146221575,0.0,0.0,0.0,0.0,0.0,0.0,1.0,1.0,1.0,0.763236921131658,0.7426900584795322,0.7837837837837838,1.0,1.0,1.0,0.763236921131658,0.7426900584795322,0.7837837837837838,1.0,1.0,1.0,0.9479559918023945,0.937007874015748,0.958904109589041,0.7606266699052708,0.7391304347826086,0.7821229050279329,-0.3254121111429811,-0.3266264395453659,-0.32419778274059624,1.0,1.0,1.0,3.2543424317617866,3.1538461538461537,3.3548387096774195,0.0,0.0,0.0,0.0,0.0,0.0,0.0,0.0,0.0,0.0,0.0,0.0,0.0,0.0,0.0,0.0,0.0,0.0,0.0,0.0,0.0,0.0,0.0,0.0,0.0,0.0,0.0,0.0,0.0,0.0,1.0,1.0,1.0,0.11199999999999999,0.08,0.144,0.888,0.856,0.92,-0.05055660210440718,-0.05065156541216031,-0.050461638796654065,0.04803226152297922,0.04467677490806411,0.05138774813789433,-0.02557524143927225,-0.028507397114934458,-0.02264308576361004,0.7432259441007041,0.7376146788990826,0.7488372093023256,0.0,0.0,0.0,1.7373771187073306,1.73269851622909,1.7420557211855712,0.8850270847824833,0.836944974775438,0.9331091947895285,0.4803969284014709,0.43905472636815923,0.5217391304347826,0.33561540125459655,0.33043478260869563,0.3407960199004975,0.09012932233243719,0.07204968944099378,0.10820895522388059,0.09385834801149531,0.07577639751552795,0.11194029850746269
verified,pareto_camc_static_anchor,2,0.47883719868829244,0.47170214384192855,0.48597225353465634,0.6623371986882924,0.6487021438419285,0.6759722535346564,1.0293371986882924,1.0027021438419284,1.0559722535346565,1.5798371986882924,1.5337021438419285,1.6259722535346564,0.266,0.24,0.292,0.0,0.0,0.0,0.0,0.0,0.0,0.5840000000000001,0.536,0.632,0.016,0.016,0.016,0.75,0.712,0.788,0.73,0.688,0.772,0.5840000000000001,0.536,0.632,0.75,0.712,0.788,0.75,0.712,0.788,0.41600000000000004,0.368,0.464,0.7713333333333323,0.7639999999999989,0.7786666666666657,0.908,0.908,0.908,0.41600000000000004,0.396,0.436,0.014,0.008,0.02,0.01090075,0.006229000000000001,0.015572500000000001,0.8414482257189715,0.8237974091544958,0.859099042283447,0.0,0.0,0.0,0.06309420636672504,0.05749735809423155,0.06869105463921853,0.3707092876389364,0.3568920892271439,0.3845264860507289,0.0,0.0,0.0,0.0,0.0,0.0,1.0,1.0,1.0,0.7774197228084183,0.7528089887640449,0.8020304568527918,1.0,1.0,1.0,0.7774197228084183,0.7528089887640449,0.8020304568527918,1.0,1.0,1.0,0.975014169658039,0.9626865671641791,0.9873417721518988,0.7791450777202072,0.75,0.8082901554404145,-0.32408111136813733,-0.32619748700639944,-0.3219647357298753,1.0,1.0,1.0,3.13003663003663,2.9743589743589745,3.2857142857142856,0.0,0.0,0.0,0.0,0.0,0.0,0.0,0.0,0.0,0.0,0.0,0.0,0.0,0.0,0.0,0.0,0.0,0.0,0.0,0.0,0.0,0.0,0.0,0.0,0.0,0.0,0.0,0.0,0.0,0.0,1.0,1.0,1.0,0.0,0.0,0.0,1.0,1.0,1.0,-0.07281367799621724,-0.07870288428273338,-0.0669244717097011,0.0,0.0,0.0,0.04584767253621448,0.04041597567384154,0.051279369398587425,0.33852724883259233,0.3131868131868132,0.3638676844783715,0.0,0.0,0.0,1.7406602170601362,1.737430100679375,1.7438903334408975,0.9936527097099312,0.9128971118141487,1.0744083076057138,0.0,0.0,0.0,0.3082443871917556,0.3006993006993007,0.3157894736842105,0.0034965034965034965,0.0,0.006993006993006993,0.688259109311741,0.6842105263157895,0.6923076923076923
verified,plain_mpc,2,0.4527056403430126,0.4492315119572852,0.45617976872873994,0.6762056403430126,0.6702315119572853,0.68217976872874,1.1232056403430126,1.1122315119572852,1.13417976872874,1.7937056403430125,1.7752315119572852,1.81217976872874,0.10600000000000001,0.096,0.116,0.0006898939520845937,0.0003998147693645455,0.000979973134804642,0.0,0.0,0.0,0.02,0.016,0.024,0.022,0.02,0.024,0.10400000000000001,0.096,0.112,0.21000000000000002,0.188,0.232,0.04,0.04,0.04,0.14400000000000002,0.136,0.152,0.14400000000000002,0.136,0.152,0.0,0.0,0.0,0.37266666666666626,0.37199999999999983,0.37333333333333274,0.286,0.284,0.288,0.0,0.0,0.0,0.016,0.012,0.02,0.01285,0.0098475,0.0158525,0.8753284375663566,0.8684059067413754,0.8822509683913377,0.0,0.0,0.0,0.9116664854290486,0.8983866466147481,0.9249463242433492,0.4273148067316639,0.4192151569573353,0.4354144565059924,0.0,0.0,0.0,0.0,0.0,0.0,1.0,1.0,1.0,0.2786377708978328,0.2631578947368421,0.29411764705882354,1.0,1.0,1.0,0.2786377708978328,0.2631578947368421,0.29411764705882354,1.0,1.0,1.0,1.0,1.0,1.0,0.09427732942039618,0.0851063829787234,0.10344827586206896,-0.23632343429911537,-0.2419223022876234,-0.23072456631060734,0.9898040783686526,0.9878048780487805,0.9918032786885246,81.66666666666666,81.33333333333333,82.0,0.0,0.0,0.0,0.0,0.0,0.0,0.0,0.0,0.0,0.0,0.0,0.0,0.0,0.0,0.0,0.0,0.0,0.0,0.0,0.0,0.0,0.0,0.0,0.0,0.0,0.0,0.0,0.0,0.0,0.0,0.0,0.0,0.0,0.0,0.0,0.0,0.0,0.0,0.0,0.0,0.0,0.0,0.0,0.0,0.0,0.0,0.0,0.0,0.0,0.0,0.0,0.0,0.0,0.0,0.0,0.0,0.0,0.0,0.0,0.0,0.0,0.0,0.0,0.0,0.0,0.0,0.0,0.0,0.0,0.0,0.0,0.0
verified,rsrc,2,0.48056390277213007,0.47259012654806437,0.48853767899619577,0.66606390277213,0.6505901265480644,0.6815376789961958,1.03706390277213,1.0065901265480643,1.0675376789961957,1.59356390277213,1.5405901265480644,1.6465376789961956,0.258,0.228,0.288,0.0,0.0,0.0,0.0,0.0,0.0,0.486,0.412,0.56,0.01,0.008,0.012,0.6739999999999999,0.608,0.74,0.6519999999999999,0.588,0.716,0.486,0.412,0.56,0.6739999999999999,0.608,0.74,0.6739999999999999,0.608,0.74,0.514,0.44,0.588,0.7653333333333323,0.7559999999999989,0.7746666666666656,0.902,0.9,0.904,0.404,0.38,0.428,0.014,0.008,0.02,0.011634,0.0067645000000000005,0.0165035,0.8765865591416793,0.861255726195243,0.8919173920881154,0.0,0.0,0.0,0.07257456722775049,0.06731640973132798,0.077832724724173,0.3735664204226611,0.35832064050887974,0.3888122003364424,0.0,0.0,0.0,0.0,0.0,0.0,1.0,1.0,1.0,0.7171941678520626,0.6776315789473685,0.7567567567567568,1.0,1.0,1.0,0.7171941678520626,0.6776315789473685,0.7567567567567568,1.0,1.0,1.0,0.9494452149791957,0.941747572815534,0.9571428571428572,0.7042336487667693,0.6598639455782312,0.7486033519553073,-0.32486978655573956,-0.3272040727176049,-0.32253550039387424,1.0,1.0,1.0,3.3676470588235294,3.235294117647059,3.5,0.0,0.0,0.0,0.0,0.0,0.0,0.0,0.0,0.0,0.0,0.0,0.0,0.0,0.0,0.0,0.0,0.0,0.0,0.0,0.0,0.0,0.0,0.0,0.0,0.0,0.0,0.0,0.0,0.0,0.0,0.0,0.0,0.0,0.0,0.0,0.0,0.0,0.0,0.0,0.0,0.0,0.0,0.0,0.0,0.0,0.0,0.0,0.0,0.0,0.0,0.0,0.0,0.0,0.0,0.0,0.0,0.0,0.0,0.0,0.0,0.0,0.0,0.0,0.0,0.0,0.0,0.0,0.0,0.0,0.0,0.0,0.0
verified,rsrc_no_context,2,0.4805668141811186,0.47259012654806437,0.4885435018141727,0.6660668141811186,0.6505901265480644,0.6815435018141727,1.0370668141811183,1.0065901265480643,1.0675435018141726,1.5935668141811186,1.5405901265480644,1.6465435018141727,0.258,0.228,0.288,0.0,0.0,0.0,0.0,0.0,0.0,0.488,0.416,0.56,0.01,0.008,0.012,0.6759999999999999,0.612,0.74,0.6499999999999999,0.584,0.716,0.488,0.416,0.56,0.6759999999999999,0.612,0.74,0.6759999999999999,0.612,0.74,0.512,0.44,0.584,0.7653333333333323,0.7559999999999989,0.7746666666666656,0.902,0.9,0.904,0.404,0.38,0.428,0.0,0.0,0.0,0.0,0.0,0.0,0.8767711745262947,0.861255726195243,0.8922866228573464,0.0,0.0,0.0,0.07257456722775049,0.06731640973132798,0.077832724724173,0.3735664204226611,0.35832064050887974,0.3888122003364424,0.0,0.0,0.0,0.0,0.0,0.0,1.0,1.0,1.0,0.71824765942413,0.6797385620915033,0.7567567567567568,1.0,1.0,1.0,0.71824765942413,0.6797385620915033,0.7567567567567568,1.0,1.0,1.0,0.9497252747252747,0.9423076923076923,0.9571428571428572,0.709918114333818,0.6712328767123288,0.7486033519553073,-0.3264879746043923,-0.3296722329058194,-0.32330371630296517,1.0,1.0,1.0,3.3981348637015785,3.235294117647059,3.5609756097560976,0.0,0.0,0.0,0.0,0.0,0.0,0.0,0.0,0.0,0.0,0.0,0.0,0.0,0.0,0.0,0.0,0.0,0.0,0.0,0.0,0.0,0.0,0.0,0.0,0.0,0.0,0.0,0.0,0.0,0.0,0.0,0.0,0.0,0.0,0.0,0.0,0.0,0.0,0.0,0.0,0.0,0.0,0.0,0.0,0.0,0.0,0.0,0.0,0.0,0.0,0.0,0.0,0.0,0.0,0.0,0.0,0.0,0.0,0.0,0.0,0.0,0.0,0.0,0.0,0.0,0.0,0.0,0.0,0.0,0.0,0.0,0.0
verified,rsrc_no_recovery,2,0.48157098688064504,0.4744077129880655,0.48873426077322457,0.6675709868806451,0.6534077129880655,0.6817342607732246,1.039570986880645,1.0114077129880654,1.0677342607732245,1.597570986880645,1.5484077129880653,1.6467342607732245,0.256,0.228,0.284,0.0,0.0,0.0,0.0,0.0,0.0,0.484,0.412,0.556,0.01,0.008,0.012,0.6699999999999999,0.608,0.732,0.6279999999999999,0.568,0.688,0.484,0.412,0.556,0.6699999999999999,0.608,0.732,0.6699999999999999,0.608,0.732,0.516,0.444,0.588,0.7639999999999989,0.7546666666666655,0.7733333333333323,0.902,0.9,0.904,0.4,0.376,0.424,0.014,0.008,0.02,0.011704,0.0067645000000000005,0.016643500000000002,0.8796821645740273,0.8649512336708647,0.8944130954771898,0.0,0.0,0.0,0.0735904344619163,0.06880571377832626,0.07837515514550634,0.37428070613694686,0.3597492119374513,0.3888122003364424,0.0,0.0,0.0,0.0,0.0,0.0,1.0,1.0,1.0,0.7185972102387115,0.6776315789473685,0.7595628415300546,1.0,1.0,1.0,0.7185972102387115,0.6776315789473685,0.7595628415300546,1.0,1.0,1.0,0.9469511769225396,0.9424460431654677,0.9514563106796117,0.7258843760235834,0.6901408450704225,0.7616279069767442,-0.32469939134322956,-0.3276446887773823,-0.32175409390907683,1.0,1.0,1.0,3.4250358680057387,3.264705882352941,3.5853658536585367,0.0,0.0,0.0,0.0,0.0,0.0,0.0,0.0,0.0,0.0,0.0,0.0,0.0,0.0,0.0,0.0,0.0,0.0,0.0,0.0,0.0,0.0,0.0,0.0,0.0,0.0,0.0,0.0,0.0,0.0,0.0,0.0,0.0,0.0,0.0,0.0,0.0,0.0,0.0,0.0,0.0,0.0,0.0,0.0,0.0,0.0,0.0,0.0,0.0,0.0,0.0,0.0,0.0,0.0,0.0,0.0,0.0,0.0,0.0,0.0,0.0,0.0,0.0,0.0,0.0,0.0,0.0,0.0,0.0,0.0,0.0,0.0
verified,se_mpc,2,0.47965688072070867,0.4707760824452215,0.48853767899619577,0.6651568807207087,0.6487760824452216,0.6815376789961958,1.0361568807207084,1.0047760824452214,1.0675376789961957,1.5926568807207087,1.5387760824452217,1.6465376789961956,0.258,0.228,0.288,0.0,0.0,0.0,0.0,0.0,0.0,0.484,0.412,0.556,0.012,0.012,0.012,0.6739999999999999,0.608,0.74,0.6519999999999999,0.588,0.716,0.484,0.412,0.556,0.6739999999999999,0.608,0.74,0.6739999999999999,0.608,0.74,0.516,0.444,0.588,0.7646666666666655,0.7546666666666654,0.7746666666666656,0.902,0.9,0.904,0.402,0.376,0.428,0.022,0.02,0.024,0.018724,0.0172945,0.0201535,0.8760019437570634,0.8600864954260116,0.8919173920881154,0.0,0.0,0.0,0.07257456722775049,0.06731640973132798,0.077832724724173,0.3735664204226611,0.35832064050887974,0.3888122003364424,0.0,0.0,0.0,0.0,0.0,0.0,1.0,1.0,1.0,0.7144914651493599,0.6776315789473685,0.7513513513513513,1.0,1.0,1.0,0.7144914651493599,0.6776315789473685,0.7513513513513513,1.0,1.0,1.0,0.9492910525948174,0.941747572815534,0.9568345323741008,0.7014403526773838,0.6598639455782312,0.7430167597765364,-0.3245645412677569,-0.3272040727176049,-0.32192500981790895,1.0,1.0,1.0,3.3357142857142854,3.1714285714285713,3.5,0.002,0.0,0.004,0.5,0.0,1.0,0.516,0.444,0.588,1.5,0.0,3.0,0.0,0.0,0.0,0.07171773016416913,0.0,0.14343546032833826,0.5,0.0,1.0,0.0,0.0,0.0,0.0,0.0,0.0,0.0,0.0,0.0,0.0,0.0,0.0,0.0,0.0,0.0,0.0,0.0,0.0,0.0,0.0,0.0,0.0,0.0,0.0,0.0,0.0,0.0,0.0,0.0,0.0,0.0,0.0,0.0,0.0,0.0,0.0,0.0,0.0,0.0,0.0,0.0,0.0,0.0,0.0,0.0,0.0,0.0,0.0,0.0,0.0,0.0
verified,static_aggressive,2,0.4894861795786706,0.48147811378155747,0.49749424537578363,0.6779861795786706,0.6624781137815574,0.6934942453757836,1.0549861795786706,1.0244781137815573,1.0854942453757837,1.6204861795786707,1.5674781137815574,1.6734942453757837,0.246,0.216,0.276,0.0,0.0,0.0,0.0,0.0,0.0,0.21000000000000002,0.148,0.272,0.01,0.008,0.012,0.32999999999999996,0.244,0.416,0.406,0.328,0.484,0.33199999999999996,0.236,0.428,0.44,0.36,0.52,0.44,0.36,0.52,0.0,0.0,0.0,0.757999999999999,0.7479999999999989,0.7679999999999991,0.898,0.892,0.904,0.386,0.364,0.408,0.02,0.016,0.024,0.018250000000000002,0.014600000000000002,0.0219,0.9407064237561091,0.9195046917723462,0.961908155739872,0.0,0.0,0.0,0.09113244513753349,0.08366994528495707,0.0985949449901099,0.3778521347079947,0.3626063547945942,0.3930979146213953,0.0,0.0,0.0,0.0,0.0,0.0,1.0,1.0,1.0,0.7393162393162394,0.6555555555555556,0.823076923076923,1.0,1.0,1.0,0.7393162393162394,0.6555555555555556,0.823076923076923,1.0,1.0,1.0,0.979133545310016,0.972972972972973,0.9852941176470589,0.4963716992541827,0.43902439024390244,0.5537190082644629,-0.3581413252021137,-0.35894074433321893,-0.35734190607100846,1.0,1.0,1.0,8.743194192377496,6.275862068965517,11.210526315789474,0.0,0.0,0.0,0.0,0.0,0.0,0.0,0.0,0.0,0.0,0.0,0.0,0.0,0.0,0.0,0.0,0.0,0.0,0.0,0.0,0.0,0.0,0.0,0.0,0.0,0.0,0.0,0.0,0.0,0.0,0.0,0.0,0.0,0.0,0.0,0.0,0.0,0.0,0.0,0.0,0.0,0.0,0.0,0.0,0.0,0.0,0.0,0.0,0.0,0.0,0.0,0.0,0.0,0.0,0.0,0.0,0.0,0.0,0.0,0.0,0.0,0.0,0.0,0.0,0.0,0.0,0.0,0.0,0.0,0.0,0.0,0.0
verified,static_conservative,2,0.47883719868829244,0.47170214384192855,0.48597225353465634,0.6623371986882924,0.6487021438419285,0.6759722535346564,1.0293371986882924,1.0027021438419284,1.0559722535346565,1.5798371986882924,1.5337021438419285,1.6259722535346564,0.266,0.24,0.292,0.0,0.0,0.0,0.0,0.0,0.0,0.5840000000000001,0.536,0.632,0.016,0.016,0.016,0.75,0.712,0.788,0.73,0.688,0.772,0.5840000000000001,0.536,0.632,0.75,0.712,0.788,0.75,0.712,0.788,0.0,0.0,0.0,0.7713333333333323,0.7639999999999989,0.7786666666666657,0.908,0.908,0.908,0.41600000000000004,0.396,0.436,0.014,0.008,0.02,0.01090075,0.006229000000000001,0.015572500000000001,0.8414482257189715,0.8237974091544958,0.859099042283447,0.0,0.0,0.0,0.06309420636672504,0.05749735809423155,0.06869105463921853,0.3707092876389364,0.3568920892271439,0.3845264860507289,0.0,0.0,0.0,0.0,0.0,0.0,1.0,1.0,1.0,0.7774197228084183,0.7528089887640449,0.8020304568527918,1.0,1.0,1.0,0.7774197228084183,0.7528089887640449,0.8020304568527918,1.0,1.0,1.0,0.975014169658039,0.9626865671641791,0.9873417721518988,0.7791450777202072,0.75,0.8082901554404145,-0.32408111136813733,-0.32619748700639944,-0.3219647357298753,1.0,1.0,1.0,3.13003663003663,2.9743589743589745,3.2857142857142856,0.0,0.0,0.0,0.0,0.0,0.0,0.0,0.0,0.0,0.0,0.0,0.0,0.0,0.0,0.0,0.0,0.0,0.0,0.0,0.0,0.0,0.0,0.0,0.0,0.0,0.0,0.0,0.0,0.0,0.0,0.0,0.0,0.0,0.0,0.0,0.0,0.0,0.0,0.0,0.0,0.0,0.0,0.0,0.0,0.0,0.0,0.0,0.0,0.0,0.0,0.0,0.0,0.0,0.0,0.0,0.0,0.0,0.0,0.0,0.0,0.0,0.0,0.0,0.0,0.0,0.0,0.0,0.0,0.0,0.0,0.0,0.0
