dataset,controller,seed,horizon,discounted_cost,success_rate,avg_workload,overload_rate,safe_occupancy_rate,perf_occupancy_rate,benchmark_action_safe_occupancy_rate,benchmark_safe_occupancy_rate,safe_set_nonempty_rate,exact_safe_set_nonempty_rate,benchmark_action_set_nonempty_rate,fallback_rate,verification_rate,high_effort_rate,max_effort_rate,avg_atoms_selected,avg_context_load,avg_q_ver,avg_recovery_mass,avg_diagnostic_debt,avg_arrival_pressure,certificate_load_violation_rate,certificate_service_violation_rate,theta_nesting_precision,theta_nesting_recall,theta_benchmark_precision,theta_benchmark_recall,action_safe_precision,safe_event_precision,safe_event_recall,mean_drift_outside_safe,negative_drift_rate_outside_safe,avg_return_time_to_safe,excursion_count,mpc_eligible_rate,mpc_activation_rate,mpc_fallback_to_rsrc_rate,mpc_mean_candidate_count,mpc_candidate_rejection_rate,mpc_mean_surrogate_improvement,mpc_verify_down_rate,mpc_verify_up_rate,mpc_atom_up_rate,mpc_mode_switch_rate,camc_gate_evaluation_rate,camc_activation_rate,camc_anchor_preservation_rate,camc_mean_certified_margin,camc_mean_activated_margin,camc_mean_rejected_margin,camc_candidate_rejection_rate,camc_post_switch_violation_rate,camc_mean_anchor_value,camc_mean_best_candidate_value,camc_reject_safety_rate,camc_reject_loss_rate,camc_reject_benefit_rate,camc_reject_violation_rate,mode_distribution,safety_augmented_cost_low,safety_augmented_cost_medium,safety_augmented_cost_high
verified,oracle_src,0,250,0.4469403055019417,0.144,0.0001433779415918295,0.0,0.304,0.016,0.304,0.44,0.304,0.304,0.304,0.0,0.4333333333333327,0.388,0.012,0.052,0.053957198750000004,0.8379101294781374,0.0,0.6990059559182017,0.4092279728939753,0.0,0.0,1.0,1.0,1.0,1.0,1.0,1.0,0.6909090909090909,-0.23616061669306163,0.9942528735632183,7.25,24,0.0,0.0,0.0,0.0,0.0,0.0,0.0,0.0,0.0,0.0,0.0,0.0,0.0,0.0,0.0,0.0,0.0,0.0,0.0,0.0,0.0,0.0,0.0,0.0,"{'g0_aggressive': 38, 'g2_conservative': 13, 'g3_safe': 185, 'g1_balanced': 14}",0.6609403055019417,1.0889403055019418,1.7309403055019417
verified,oracle_src,1,250,0.45286560302464535,0.12,0.0006278576822142244,0.0,0.288,0.024,0.288,0.44,0.288,0.288,0.288,0.0,0.46133333333333304,0.428,0.036,0.04,0.03552,0.8603240358945553,0.0,0.6534209434122639,0.4268430294957155,0.0,0.0,1.0,1.0,1.0,1.0,1.0,0.9583333333333334,0.6272727272727273,-0.24320323801432234,0.9831460674157303,9.88888888888889,18,0.0,0.0,0.0,0.0,0.0,0.0,0.0,0.0,0.0,0.0,0.0,0.0,0.0,0.0,0.0,0.0,0.0,0.0,0.0,0.0,0.0,0.0,0.0,0.0,"{'g0_aggressive': 41, 'g1_balanced': 10, 'g3_safe': 185, 'g2_conservative': 14}",0.6728656030246454,1.1128656030246453,1.7728656030246455
verified,rsrc,0,250,0.47259012654806437,0.288,0.0,0.0,0.56,0.008,0.74,0.716,0.56,0.74,0.74,0.44,0.7559999999999989,0.9,0.38,0.008,0.0067645000000000005,0.861255726195243,0.0,0.077832724724173,0.35832064050887974,0.0,0.0,1.0,0.7567567567567568,1.0,0.7567567567567568,1.0,0.9571428571428572,0.7486033519553073,-0.32253550039387424,1.0,3.235294117647059,34,0.0,0.0,0.0,0.0,0.0,0.0,0.0,0.0,0.0,0.0,0.0,0.0,0.0,0.0,0.0,0.0,0.0,0.0,0.0,0.0,0.0,0.0,0.0,0.0,"{'g0_aggressive': 91, 'g1_balanced': 17, 'g3_safe': 128, 'g2_conservative': 14}",0.6505901265480644,1.0065901265480643,1.5405901265480644
verified,rsrc,1,250,0.48853767899619577,0.228,0.0,0.0,0.412,0.012,0.608,0.588,0.412,0.608,0.608,0.588,0.7746666666666656,0.904,0.428,0.02,0.0165035,0.8919173920881154,0.0,0.06731640973132798,0.3888122003364424,0.0,0.0,1.0,0.6776315789473685,1.0,0.6776315789473685,1.0,0.941747572815534,0.6598639455782312,-0.3272040727176049,1.0,3.5,42,0.0,0.0,0.0,0.0,0.0,0.0,0.0,0.0,0.0,0.0,0.0,0.0,0.0,0.0,0.0,0.0,0.0,0.0,0.0,0.0,0.0,0.0,0.0,0.0,"{'g3_safe': 161, 'g0_aggressive': 59, 'g2_conservative': 15, 'g1_balanced': 15}",0.6815376789961958,1.0675376789961957,1.6465376789961956
verified,se_mpc,0,250,0.4707760824452215,0.288,0.0,0.0,0.556,0.012,0.74,0.716,0.556,0.74,0.74,0.444,0.7546666666666654,0.9,0.376,0.02,0.0172945,0.8600864954260116,0.0,0.077832724724173,0.35832064050887974,0.0,0.0,1.0,0.7513513513513513,1.0,0.7513513513513513,1.0,0.9568345323741008,0.7430167597765364,-0.32192500981790895,1.0,3.1714285714285713,35,0.004,1.0,0.444,3.0,0.0,0.14343546032833826,1.0,0.0,0.0,0.0,0.0,0.0,0.0,0.0,0.0,0.0,0.0,0.0,0.0,0.0,0.0,0.0,0.0,0.0,"{'g0_aggressive': 90, 'g1_balanced': 17, 'g3_safe': 128, 'g2_conservative': 15}",0.6487760824452216,1.0047760824452214,1.5387760824452217
verified,se_mpc,1,250,0.48853767899619577,0.228,0.0,0.0,0.412,0.012,0.608,0.588,0.412,0.608,0.608,0.588,0.7746666666666656,0.904,0.428,0.024,0.0201535,0.8919173920881154,0.0,0.06731640973132798,0.3888122003364424,0.0,0.0,1.0,0.6776315789473685,1.0,0.6776315789473685,1.0,0.941747572815534,0.6598639455782312,-0.3272040727176049,1.0,3.5,42,0.0,0.0,0.588,0.0,0.0,0.0,0.0,0.0,0.0,0.0,0.0,0.0,0.0,0.0,0.0,0.0,0.0,0.0,0.0,0.0,0.0,0.0,0.0,0.0,"{'g3_safe': 161, 'g0_aggressive': 59, 'g2_conservative': 15, 'g1_balanced': 15}",0.6815376789961958,1.0675376789961957,1.6465376789961956
verified,camc_static_anchor,0,250,0.4717623105961302,0.292,0.0,0.0,0.62,0.012,0.784,0.764,0.62,0.784,0.784,0.38,0.7639999999999989,0.908,0.396,0.008,0.006554500000000001,0.8282829289647318,0.0,0.0693559534116985,0.3568920892271439,0.0,0.0,1.0,0.7908163265306123,1.0,0.7908163265306123,1.0,0.9870967741935484,0.8010471204188482,-0.32204884790826815,1.0,3.2758620689655173,29,0.0,0.0,0.0,0.0,0.0,0.0,0.0,0.0,0.0,0.0,1.0,0.052,0.948,-0.05240531143093011,0.006591938169958968,-0.061448605786590116,0.32564102564102565,0.0,1.737685521539712,0.8907999016268917,0.0,0.0,0.0,0.0,"{'g3_safe': 237, 'camc_switch': 13, 'g0_aggressive': 13}",0.6487623105961302,1.00276231059613,1.53376231059613
verified,camc_static_anchor,1,250,0.48598746647273044,0.24,0.0,0.0,0.532,0.016,0.712,0.688,0.532,0.712,0.712,0.468,0.7786666666666657,0.908,0.436,0.02,0.015898000000000002,0.8609638716560496,0.0,0.05759335809423156,0.3845264860507289,0.0,0.0,1.0,0.7471910112359551,1.0,0.7471910112359551,1.0,0.9624060150375939,0.7441860465116279,-0.32644950782491006,1.0,2.925,40,0.0,0.0,0.0,0.0,0.0,0.0,0.0,0.0,0.0,0.0,1.0,0.024,0.976,-0.060954264001465315,0.006758970492588667,-0.07387724718447448,0.292817679558011,0.0,1.7439842904684817,0.782143127664604,0.0,0.0,0.0,0.0,"{'g3_safe': 244, 'camc_switch': 6, 'g0_aggressive': 6}",0.6759874664727304,1.0559874664727305,1.6259874664727305
verified,camc_rsrc_anchor,0,250,0.4729613447010965,0.284,0.0,0.0,0.552,0.008,0.728,0.7,0.556,0.728,0.728,0.444,0.749333333333332,0.9,0.38,0.008,0.0067645000000000005,0.8611294861123989,0.0,0.09167726569175923,0.35974921193745135,0.0,0.0,1.0,0.7637362637362637,1.0,0.7637362637362637,1.0,0.9565217391304348,0.7542857142857143,-0.3182736327223128,1.0,3.2941176470588234,34,0.0,0.0,0.0,0.0,0.0,0.0,0.0,0.0,0.0,0.0,1.0,0.024,0.976,-0.04951170049349956,0.015172898455058452,-0.03287846047690833,0.4894291754756871,0.0,1.6073716478957527,0.7871291505002861,0.755939524838013,0.0,0.0,0.0,"{'g0_aggressive': 89, 'g1_balanced': 16, 'g3_safe': 130, 'g2_conservative': 15, 'camc_switch': 6}",0.6519613447010966,1.0099613447010964,1.5469613447010964
verified,camc_rsrc_anchor,1,250,0.4881029129070373,0.228,0.0,0.0,0.396,0.012,0.608,0.596,0.4,0.608,0.608,0.6,0.767999999999999,0.904,0.424,0.02,0.0165035,0.8895189613435825,0.0,0.07851174045908818,0.3888122003364424,0.0,0.0,1.0,0.6578947368421053,1.0,0.6578947368421053,1.0,0.9494949494949495,0.6308724832214765,-0.32530649896493957,1.0,3.511627906976744,43,0.0,0.0,0.0,0.0,0.0,0.0,0.0,0.0,0.0,0.0,1.0,0.02,0.98,-0.03426693644093538,0.011187802074141528,-0.021762352007627203,0.5740932642487047,0.0,1.6549512136199522,0.564637843810155,0.8429602888086642,0.0,0.0,0.0,"{'g3_safe': 164, 'g0_aggressive': 59, 'g2_conservative': 12, 'g1_balanced': 15, 'camc_switch': 5}",0.6811029129070373,1.0671029129070373,1.6461029129070373
verified,camc_sempc_candidate,0,250,0.46067994403342627,0.256,0.0,0.0,0.372,0.012,0.716,0.712,0.48,0.716,0.716,0.52,0.6839999999999992,0.808,0.324,0.016,0.013784500000000002,0.8424588501749134,0.0,0.15377749923463094,0.3694470053129423,0.0,0.0,1.0,0.6703910614525139,1.0,0.6703910614525139,1.0,0.967741935483871,0.5056179775280899,-0.3259748440091152,1.0,3.3404255319148937,47,0.0,0.0,0.0,0.0,0.0,0.0,0.0,0.0,0.0,0.0,1.0,0.432,0.568,0.07636773924913147,0.18442444035084235,0.00044932345457009105,0.3526522593320236,0.0,1.75899630721217,0.681600147037775,0.9665738161559888,0.0,0.0,0.0,"{'camc_switch': 108, 'g0_aggressive': 84, 'g3_safe': 142, 'g1_balanced': 16, 'g2_conservative': 8}",0.6466799440334263,1.0186799440334262,1.5766799440334265
verified,camc_sempc_candidate,1,250,0.4716986312064379,0.22,0.0,0.0,0.34,0.02,0.652,0.64,0.396,0.652,0.652,0.604,0.7079999999999994,0.804,0.372,0.024,0.019757999999999998,0.8653020899830809,0.0,0.1311656547488906,0.3916693389318345,0.0,0.0,1.0,0.6073619631901841,1.0,0.6073619631901841,1.0,0.9764705882352941,0.51875,-0.32696883918953906,1.0,3.9285714285714284,42,0.0,0.0,0.0,0.0,0.0,0.0,0.0,0.0,0.0,0.0,1.0,0.32,0.68,0.05503212090940211,0.19135901061309077,0.0013357960920091646,0.449901768172888,0.0,1.758895872614707,0.572194099355443,0.9585152838427947,0.0,0.0,0.0,"{'g3_safe': 170, 'camc_switch': 80, 'g0_aggressive': 65, 'g1_balanced': 11, 'g2_conservative': 4}",0.6666986312064379,1.056698631206438,1.6416986312064379
verified,pareto_camc_static_anchor,0,250,0.47170214384192855,0.292,0.0,0.0,0.632,0.016,0.788,0.772,0.632,0.788,0.788,0.368,0.7639999999999989,0.908,0.396,0.008,0.006229000000000001,0.8237974091544958,0.0,0.06869105463921853,0.3568920892271439,0.0,0.0,1.0,0.8020304568527918,1.0,0.8020304568527918,1.0,0.9873417721518988,0.8082901554404145,-0.3219647357298753,1.0,3.2857142857142856,28,0.0,0.0,0.0,0.0,0.0,0.0,0.0,0.0,0.0,0.0,1.0,0.0,1.0,-0.07870288428273338,0.0,0.051279369398587425,0.3638676844783715,0.0,1.737430100679375,1.0744083076057138,0.0,0.3006993006993007,0.006993006993006993,0.6923076923076923,{'g3_safe': 250},0.6487021438419285,1.0027021438419284,1.5337021438419285
verified,pareto_camc_static_anchor,1,250,0.48597225353465634,0.24,0.0,0.0,0.536,0.016,0.712,0.688,0.536,0.712,0.712,0.464,0.7786666666666657,0.908,0.436,0.02,0.015572500000000001,0.859099042283447,0.0,0.05749735809423155,0.3845264860507289,0.0,0.0,1.0,0.7528089887640449,1.0,0.7528089887640449,1.0,0.9626865671641791,0.75,-0.32619748700639944,1.0,2.9743589743589745,39,0.0,0.0,0.0,0.0,0.0,0.0,0.0,0.0,0.0,0.0,1.0,0.0,1.0,-0.0669244717097011,0.0,0.04041597567384154,0.3131868131868132,0.0,1.7438903334408975,0.9128971118141487,0.0,0.3157894736842105,0.0,0.6842105263157895,{'g3_safe': 250},0.6759722535346564,1.0559722535346565,1.6259722535346564
verified,pareto_camc_rsrc_anchor,0,250,0.47259012654806437,0.288,0.0,0.0,0.56,0.008,0.74,0.716,0.56,0.74,0.74,0.44,0.7559999999999989,0.9,0.38,0.008,0.0067645000000000005,0.861255726195243,0.0,0.077832724724173,0.35832064050887974,0.0,0.0,1.0,0.7567567567567568,1.0,0.7567567567567568,1.0,0.9571428571428572,0.7486033519553073,-0.32253550039387424,1.0,3.235294117647059,34,0.0,0.0,0.0,0.0,0.0,0.0,0.0,0.0,0.0,0.0,1.0,0.0,1.0,-0.06997469547504803,0.0,-0.13634571892785372,0.7390396659707724,0.0,1.6014983718378428,0.8098351670571294,0.5056497175141242,0.4943502824858757,0.0,0.0,"{'g0_aggressive': 91, 'g1_balanced': 17, 'g3_safe': 128, 'g2_conservative': 14}",0.6505901265480644,1.0065901265480643,1.5405901265480644
verified,pareto_camc_rsrc_anchor,1,250,0.48853767899619577,0.228,0.0,0.0,0.412,0.012,0.608,0.588,0.412,0.608,0.608,0.588,0.7746666666666656,0.904,0.428,0.02,0.0165035,0.8919173920881154,0.0,0.06731640973132798,0.3888122003364424,0.0,0.0,1.0,0.6776315789473685,1.0,0.6776315789473685,1.0,0.941747572815534,0.6598639455782312,-0.3272040727176049,1.0,3.5,42,0.0,0.0,0.0,0.0,0.0,0.0,0.0,0.0,0.0,0.0,1.0,0.0,1.0,-0.05250521216101235,0.0,-0.09977479547303181,0.742798353909465,0.0,1.651710040466312,0.6010496514983898,0.6440443213296398,0.3559556786703601,0.0,0.0,"{'g3_safe': 161, 'g0_aggressive': 59, 'g2_conservative': 15, 'g1_balanced': 15}",0.6815376789961958,1.0675376789961957,1.6465376789961956
verified,pareto_camc_sempc_candidate,0,250,0.47538116562598526,0.304,0.0,0.0,0.584,0.012,0.74,0.716,0.58,0.74,0.74,0.42,0.8093333333333321,0.94,0.5,0.012,0.0099945,0.858220774028935,0.0,0.05408983608473105,0.352606374941442,0.0,0.0,1.0,0.7837837837837838,1.0,0.7837837837837838,1.0,0.958904109589041,0.7821229050279329,-0.32419778274059624,1.0,3.3548387096774195,31,0.0,0.0,0.0,0.0,0.0,0.0,0.0,0.0,0.0,0.0,1.0,0.144,0.856,-0.05065156541216031,0.04467677490806411,-0.02264308576361004,0.7376146788990826,0.0,1.73269851622909,0.9331091947895285,0.43905472636815923,0.3407960199004975,0.10820895522388059,0.11194029850746269,"{'g3_safe': 214, 'camc_switch': 36, 'g0_aggressive': 36}",0.6493811656259852,0.9973811656259852,1.5193811656259852
verified,pareto_camc_sempc_candidate,1,250,0.4895566292623109,0.244,0.0,0.0,0.508,0.016,0.684,0.644,0.508,0.684,0.684,0.492,0.8053333333333321,0.924,0.5,0.024,0.019548000000000003,0.8809273938008328,0.0,0.05098975719394661,0.3830979146221575,0.0,0.0,1.0,0.7426900584795322,1.0,0.7426900584795322,1.0,0.937007874015748,0.7391304347826086,-0.3266264395453659,1.0,3.1538461538461537,39,0.0,0.0,0.0,0.0,0.0,0.0,0.0,0.0,0.0,0.0,1.0,0.08,0.92,-0.050461638796654065,0.05138774813789433,-0.028507397114934458,0.7488372093023256,0.0,1.7420557211855712,0.836944974775438,0.5217391304347826,0.33043478260869563,0.07204968944099378,0.07577639751552795,"{'g3_safe': 230, 'camc_switch': 20, 'g0_aggressive': 20}",0.6785566292623109,1.0565566292623108,1.623556629262311
verified,greedy_myopic,0,250,0.45298192935367015,0.204,0.00017983364308019701,0.0,0.184,0.016,0.388,0.552,0.316,0.536,0.536,0.0,0.5639999999999998,0.644,0.084,0.012,0.010663,0.880067371161736,0.0,0.3673700990431394,0.38832058755692456,0.0,0.0,1.0,0.5895522388059702,1.0,0.5895522388059702,1.0,1.0,0.3333333333333333,-0.3170155765849867,0.9950980392156863,9.272727272727273,22,0.0,0.0,0.0,0.0,0.0,0.0,0.0,0.0,0.0,0.0,0.0,0.0,0.0,0.0,0.0,0.0,0.0,0.0,0.0,0.0,0.0,0.0,0.0,0.0,"{'g0_aggressive': 145, 'g1_balanced': 105}",0.6519819293536702,1.04998192935367,1.64698192935367
verified,greedy_myopic,1,250,0.4681601587525806,0.144,6.633246677116932e-05,0.0,0.084,0.02,0.272,0.36,0.196,0.392,0.392,0.0,0.5826666666666663,0.672,0.12,0.024,0.0211475,0.9271957151222362,0.0,0.38193392120196784,0.41837477294375963,0.0,0.0,1.0,0.5,1.0,0.5,1.0,1.0,0.23333333333333334,-0.312132098873037,0.9956331877729258,20.818181818181817,11,0.0,0.0,0.0,0.0,0.0,0.0,0.0,0.0,0.0,0.0,0.0,0.0,0.0,0.0,0.0,0.0,0.0,0.0,0.0,0.0,0.0,0.0,0.0,0.0,"{'g0_aggressive': 137, 'g1_balanced': 113}",0.6821601587525806,1.1101601587525807,1.7521601587525806
verified,static_conservative,0,250,0.47170214384192855,0.292,0.0,0.0,0.632,0.016,0.788,0.772,0.632,0.788,0.788,0.0,0.7639999999999989,0.908,0.396,0.008,0.006229000000000001,0.8237974091544958,0.0,0.06869105463921853,0.3568920892271439,0.0,0.0,1.0,0.8020304568527918,1.0,0.8020304568527918,1.0,0.9873417721518988,0.8082901554404145,-0.3219647357298753,1.0,3.2857142857142856,28,0.0,0.0,0.0,0.0,0.0,0.0,0.0,0.0,0.0,0.0,0.0,0.0,0.0,0.0,0.0,0.0,0.0,0.0,0.0,0.0,0.0,0.0,0.0,0.0,{'g3_safe': 250},0.6487021438419285,1.0027021438419284,1.5337021438419285
verified,static_conservative,1,250,0.48597225353465634,0.24,0.0,0.0,0.536,0.016,0.712,0.688,0.536,0.712,0.712,0.0,0.7786666666666657,0.908,0.436,0.02,0.015572500000000001,0.859099042283447,0.0,0.05749735809423155,0.3845264860507289,0.0,0.0,1.0,0.7528089887640449,1.0,0.7528089887640449,1.0,0.9626865671641791,0.75,-0.32619748700639944,1.0,2.9743589743589745,39,0.0,0.0,0.0,0.0,0.0,0.0,0.0,0.0,0.0,0.0,0.0,0.0,0.0,0.0,0.0,0.0,0.0,0.0,0.0,0.0,0.0,0.0,0.0,0.0,{'g3_safe': 250},0.6759722535346564,1.0559722535346565,1.6259722535346564
verified,static_aggressive,0,250,0.48147811378155747,0.276,0.0,0.0,0.272,0.008,0.416,0.484,0.428,0.52,0.52,0.0,0.7479999999999989,0.892,0.364,0.016,0.014600000000000002,0.9195046917723462,0.0,0.0985949449901099,0.3626063547945942,0.0,0.0,1.0,0.823076923076923,1.0,0.823076923076923,1.0,0.9852941176470589,0.5537190082644629,-0.35894074433321893,1.0,6.275862068965517,29,0.0,0.0,0.0,0.0,0.0,0.0,0.0,0.0,0.0,0.0,0.0,0.0,0.0,0.0,0.0,0.0,0.0,0.0,0.0,0.0,0.0,0.0,0.0,0.0,{'g0_aggressive': 250},0.6624781137815574,1.0244781137815573,1.5674781137815574
verified,static_aggressive,1,250,0.49749424537578363,0.216,0.0,0.0,0.148,0.012,0.244,0.328,0.236,0.36,0.36,0.0,0.7679999999999991,0.904,0.408,0.024,0.0219,0.961908155739872,0.0,0.08366994528495707,0.3930979146213953,0.0,0.0,1.0,0.6555555555555556,1.0,0.6555555555555556,1.0,0.972972972972973,0.43902439024390244,-0.35734190607100846,1.0,11.210526315789474,19,0.0,0.0,0.0,0.0,0.0,0.0,0.0,0.0,0.0,0.0,0.0,0.0,0.0,0.0,0.0,0.0,0.0,0.0,0.0,0.0,0.0,0.0,0.0,0.0,{'g0_aggressive': 250},0.6934942453757836,1.0854942453757837,1.6734942453757837
verified,always_verify,0,250,0.5122132932755896,0.376,0.0,0.0,0.232,0.008,0.292,0.392,0.232,0.292,0.292,0.0,1.0,1.0,1.0,0.016,0.012783500000000001,0.9406753135249007,0.0,0.0,0.3269601488616582,0.0,0.0,1.0,0.7945205479452054,1.0,0.7945205479452054,1.0,0.7931034482758621,0.46938775510204084,-0.345787694644409,1.0,7.111111111111111,27,0.0,0.0,0.0,0.0,0.0,0.0,0.0,0.0,0.0,0.0,0.0,0.0,0.0,0.0,0.0,0.0,0.0,0.0,0.0,0.0,0.0,0.0,0.0,0.0,"{'g0_aggressive': 37, 'g1_balanced': 10, 'g3_safe': 198, 'g2_conservative': 5}",0.6682132932755896,0.9802132932755896,1.4482132932755896
verified,always_verify,1,250,0.5239123991764655,0.352,0.0,0.0,0.188,0.012,0.292,0.384,0.188,0.292,0.292,0.0,1.0,1.0,1.0,0.024,0.0196565,0.9510425858921285,0.0,0.0,0.3445446264383811,0.0,0.0,1.0,0.6438356164383562,1.0,0.6438356164383562,1.0,0.8297872340425532,0.40625,-0.3422059497206539,1.0,6.766666666666667,30,0.0,0.0,0.0,0.0,0.0,0.0,0.0,0.0,0.0,0.0,0.0,0.0,0.0,0.0,0.0,0.0,0.0,0.0,0.0,0.0,0.0,0.0,0.0,0.0,"{'g3_safe': 210, 'g0_aggressive': 36, 'g2_conservative': 3, 'g1_balanced': 1}",0.6859123991764655,1.0099123991764656,1.4959123991764653
verified,always_verify_throttle,0,250,0.5109586937290543,0.38,0.0,0.0,0.268,0.012,0.328,0.436,0.268,0.328,0.328,0.0,1.0,1.0,1.0,0.016,0.012528000000000003,0.9295270126499164,0.0,0.0,0.32553157743308697,0.0,0.0,1.0,0.8170731707317073,1.0,0.8170731707317073,1.0,0.9253731343283582,0.5688073394495413,-0.3445767744434418,1.0,7.956521739130435,23,0.0,0.0,0.0,0.0,0.0,0.0,0.0,0.0,0.0,0.0,0.0,0.0,0.0,0.0,0.0,0.0,0.0,0.0,0.0,0.0,0.0,0.0,0.0,0.0,"{'g2_conservative': 62, 'g3_safe': 188}",0.6659586937290544,0.9759586937290543,1.4409586937290544
verified,always_verify_throttle,1,250,0.5234302070638872,0.352,0.0,0.0,0.22,0.012,0.32,0.412,0.22,0.32,0.32,0.0,1.0,1.0,1.0,0.024,0.018974,0.9430836441137398,0.0,0.0,0.3445446264383811,0.0,0.0,1.0,0.6875,1.0,0.6875,1.0,0.8727272727272727,0.46601941747572817,-0.342102518465256,1.0,6.964285714285714,28,0.0,0.0,0.0,0.0,0.0,0.0,0.0,0.0,0.0,0.0,0.0,0.0,0.0,0.0,0.0,0.0,0.0,0.0,0.0,0.0,0.0,0.0,0.0,0.0,"{'g3_safe': 202, 'g2_conservative': 48}",0.6854302070638872,1.0094302070638872,1.4954302070638872
verified,adaptive_threshold,0,250,0.4371396075413644,0.192,0.0001289260309156033,0.0,0.3,0.032,0.648,0.76,0.3,0.648,0.648,0.0,0.5306666666666668,0.588,0.052,0.012,0.0098475,0.8128071471291254,0.0,0.40884082300138946,0.39260563514909214,0.0,0.0,1.0,0.46296296296296297,1.0,0.46296296296296297,1.0,1.0,0.39473684210526316,-0.28927387972093255,0.9942857142857143,5.46875,32,0.0,0.0,0.0,0.0,0.0,0.0,0.0,0.0,0.0,0.0,0.0,0.0,0.0,0.0,0.0,0.0,0.0,0.0,0.0,0.0,0.0,0.0,0.0,0.0,"{'g0_aggressive': 39, 'g3_safe': 191, 'g1_balanced': 11, 'g2_conservative': 9}",0.6391396075413645,1.0431396075413644,1.6491396075413647
verified,adaptive_threshold,1,250,0.45186692820493685,0.136,0.00018234046363592337,0.0,0.244,0.024,0.548,0.66,0.244,0.548,0.548,0.0,0.5346666666666667,0.596,0.072,0.02,0.016038,0.8492838417603386,0.0,0.45296623497595867,0.42123191580090236,0.0,0.0,1.0,0.44525547445255476,1.0,0.44525547445255476,1.0,0.9836065573770492,0.36363636363636365,-0.2769886753377367,0.9947089947089947,6.75,28,0.0,0.0,0.0,0.0,0.0,0.0,0.0,0.0,0.0,0.0,0.0,0.0,0.0,0.0,0.0,0.0,0.0,0.0,0.0,0.0,0.0,0.0,0.0,0.0,"{'g3_safe': 205, 'g2_conservative': 12, 'g0_aggressive': 22, 'g1_balanced': 11}",0.6678669282049369,1.099866928204937,1.7478669282049368
verified,maxweight_backlog,0,250,0.4722755188126502,0.288,0.0,0.0,0.584,0.008,0.752,0.732,0.584,0.752,0.752,0.0,0.7586666666666655,0.904,0.384,0.012,0.009987500000000003,0.8530151614408686,0.0,0.07551281063543015,0.35832064050887974,0.0,0.0,1.0,0.776595744680851,1.0,0.776595744680851,1.0,0.952054794520548,0.7595628415300546,-0.3222853330113228,1.0,2.9714285714285715,35,0.0,0.0,0.0,0.0,0.0,0.0,0.0,0.0,0.0,0.0,0.0,0.0,0.0,0.0,0.0,0.0,0.0,0.0,0.0,0.0,0.0,0.0,0.0,0.0,"{'g1_balanced': 113, 'g3_safe': 120, 'g2_conservative': 17}",0.6502755188126501,1.0062755188126502,1.5402755188126502
verified,maxweight_backlog,1,250,0.48687185947937,0.24,0.0,0.0,0.472,0.012,0.652,0.644,0.472,0.652,0.652,0.0,0.775999999999999,0.908,0.428,0.024,0.019688000000000004,0.8802955111466396,0.0,0.06155265175104968,0.3845264860507289,0.0,0.0,1.0,0.7239263803680982,1.0,0.7239263803680982,1.0,0.9745762711864406,0.7142857142857143,-0.32701479900685804,1.0,3.142857142857143,42,0.0,0.0,0.0,0.0,0.0,0.0,0.0,0.0,0.0,0.0,0.0,0.0,0.0,0.0,0.0,0.0,0.0,0.0,0.0,0.0,0.0,0.0,0.0,0.0,"{'g3_safe': 153, 'g1_balanced': 86, 'g2_conservative': 11}",0.67687185947937,1.05687185947937,1.62687185947937
verified,headroom_only,0,250,0.4744077129880655,0.284,0.0,0.0,0.556,0.008,0.732,0.688,0.556,0.732,0.732,0.444,0.7546666666666655,0.9,0.376,0.0,0.0,0.8649512336708647,0.0,0.07837515514550634,0.3597492119374513,0.0,0.0,1.0,0.7595628415300546,1.0,0.7595628415300546,1.0,0.9424460431654677,0.7616279069767442,-0.32251538895412185,1.0,3.264705882352941,34,0.0,0.0,0.0,0.0,0.0,0.0,0.0,0.0,0.0,0.0,0.0,0.0,0.0,0.0,0.0,0.0,0.0,0.0,0.0,0.0,0.0,0.0,0.0,0.0,"{'g0_aggressive': 104, 'g3_safe': 126, 'g2_conservative': 12, 'g1_balanced': 8}",0.6534077129880655,1.0114077129880654,1.5484077129880653
verified,headroom_only,1,250,0.4887522892905718,0.228,0.0,0.0,0.42,0.012,0.612,0.568,0.42,0.612,0.612,0.58,0.7733333333333323,0.904,0.424,0.0,0.0,0.894659249323344,0.0,0.06880571377832626,0.3888122003364424,0.0,0.0,1.0,0.6862745098039216,1.0,0.6862745098039216,1.0,0.9523809523809523,0.704225352112676,-0.3292051913824656,1.0,3.625,40,0.0,0.0,0.0,0.0,0.0,0.0,0.0,0.0,0.0,0.0,0.0,0.0,0.0,0.0,0.0,0.0,0.0,0.0,0.0,0.0,0.0,0.0,0.0,0.0,"{'g3_safe': 154, 'g1_balanced': 15, 'g0_aggressive': 69, 'g2_conservative': 12}",0.6817522892905719,1.0677522892905718,1.6467522892905717
verified,rsrc_no_recovery,0,250,0.4744077129880655,0.284,0.0,0.0,0.556,0.008,0.732,0.688,0.556,0.732,0.732,0.444,0.7546666666666655,0.9,0.376,0.008,0.0067645000000000005,0.8649512336708647,0.0,0.07837515514550634,0.3597492119374513,0.0,0.0,1.0,0.7595628415300546,1.0,0.7595628415300546,1.0,0.9424460431654677,0.7616279069767442,-0.32175409390907683,1.0,3.264705882352941,34,0.0,0.0,0.0,0.0,0.0,0.0,0.0,0.0,0.0,0.0,0.0,0.0,0.0,0.0,0.0,0.0,0.0,0.0,0.0,0.0,0.0,0.0,0.0,0.0,"{'g0_aggressive': 104, 'g3_safe': 126, 'g2_conservative': 12, 'g1_balanced': 8}",0.6534077129880655,1.0114077129880654,1.5484077129880653
verified,rsrc_no_recovery,1,250,0.48873426077322457,0.228,0.0,0.0,0.412,0.012,0.608,0.568,0.412,0.608,0.608,0.588,0.7733333333333323,0.904,0.424,0.02,0.016643500000000002,0.8944130954771898,0.0,0.06880571377832626,0.3888122003364424,0.0,0.0,1.0,0.6776315789473685,1.0,0.6776315789473685,1.0,0.9514563106796117,0.6901408450704225,-0.3276446887773823,1.0,3.5853658536585367,41,0.0,0.0,0.0,0.0,0.0,0.0,0.0,0.0,0.0,0.0,0.0,0.0,0.0,0.0,0.0,0.0,0.0,0.0,0.0,0.0,0.0,0.0,0.0,0.0,"{'g3_safe': 155, 'g1_balanced': 14, 'g0_aggressive': 69, 'g2_conservative': 12}",0.6817342607732246,1.0677342607732245,1.6467342607732245
verified,rsrc_no_context,0,250,0.47259012654806437,0.288,0.0,0.0,0.56,0.008,0.74,0.716,0.56,0.74,0.74,0.44,0.7559999999999989,0.9,0.38,0.0,0.0,0.861255726195243,0.0,0.077832724724173,0.35832064050887974,0.0,0.0,1.0,0.7567567567567568,1.0,0.7567567567567568,1.0,0.9571428571428572,0.7486033519553073,-0.32330371630296517,1.0,3.235294117647059,34,0.0,0.0,0.0,0.0,0.0,0.0,0.0,0.0,0.0,0.0,0.0,0.0,0.0,0.0,0.0,0.0,0.0,0.0,0.0,0.0,0.0,0.0,0.0,0.0,"{'g0_aggressive': 91, 'g1_balanced': 17, 'g3_safe': 128, 'g2_conservative': 14}",0.6505901265480644,1.0065901265480643,1.5405901265480644
verified,rsrc_no_context,1,250,0.4885435018141727,0.228,0.0,0.0,0.416,0.012,0.612,0.584,0.416,0.612,0.612,0.584,0.7746666666666656,0.904,0.428,0.0,0.0,0.8922866228573464,0.0,0.06731640973132798,0.3888122003364424,0.0,0.0,1.0,0.6797385620915033,1.0,0.6797385620915033,1.0,0.9423076923076923,0.6712328767123288,-0.3296722329058194,1.0,3.5609756097560976,41,0.0,0.0,0.0,0.0,0.0,0.0,0.0,0.0,0.0,0.0,0.0,0.0,0.0,0.0,0.0,0.0,0.0,0.0,0.0,0.0,0.0,0.0,0.0,0.0,"{'g3_safe': 160, 'g0_aggressive': 60, 'g2_conservative': 15, 'g1_balanced': 15}",0.6815435018141727,1.0675435018141726,1.6465435018141727
verified,minimal_verify,0,250,0.4556538612233701,0.028,0.0059930479889573375,0.0,0.004,0.004,0.008,0.008,0.004,0.008,0.008,0.0,0.0,0.0,0.0,0.008,0.006229000000000001,0.8685417978055954,0.0,1.9468606109335227,0.45064372086612575,0.0,0.0,1.0,0.5,1.0,0.5,1.0,1.0,0.5,-0.08459048955005016,0.9598393574297188,249.0,1,0.0,0.0,0.0,0.0,0.0,0.0,0.0,0.0,0.0,0.0,0.0,0.0,0.0,0.0,0.0,0.0,0.0,0.0,0.0,0.0,0.0,0.0,0.0,0.0,"{'g0_aggressive': 1, 'g3_safe': 249}",0.6986538612233701,1.1846538612233701,1.91365386122337
verified,minimal_verify,1,250,0.45559898781224534,0.024,0.006879025443159676,0.0,0.0,0.004,0.008,0.008,0.0,0.008,0.008,0.0,0.0,0.0,0.0,0.016,0.012458000000000002,0.8709693214804497,0.0,1.9496465469246769,0.46098537277779567,0.0,0.0,,0.0,,0.0,,,0.0,-0.08049240210478198,0.924,250.0,1,0.0,0.0,0.0,0.0,0.0,0.0,0.0,0.0,0.0,0.0,0.0,0.0,0.0,0.0,0.0,0.0,0.0,0.0,0.0,0.0,0.0,0.0,0.0,0.0,{'g3_safe': 250},0.6995989878122453,1.1875989878122453,1.9195989878122452
verified,plain_mpc,0,250,0.4492315119572852,0.116,0.0003998147693645455,0.0,0.024,0.02,0.112,0.232,0.04,0.152,0.152,0.0,0.37333333333333274,0.288,0.0,0.012,0.0098475,0.8684059067413754,0.0,0.8983866466147481,0.4192151569573353,0.0,0.0,1.0,0.2631578947368421,1.0,0.2631578947368421,1.0,1.0,0.10344827586206896,-0.2419223022876234,0.9918032786885246,81.33333333333333,3,0.0,0.0,0.0,0.0,0.0,0.0,0.0,0.0,0.0,0.0,0.0,0.0,0.0,0.0,0.0,0.0,0.0,0.0,0.0,0.0,0.0,0.0,0.0,0.0,"{'g0_aggressive': 49, 'g2_conservative': 45, 'g1_balanced': 29, 'g3_safe': 127}",0.6702315119572853,1.1122315119572852,1.7752315119572852
verified,plain_mpc,1,250,0.45617976872873994,0.096,0.000979973134804642,0.0,0.016,0.024,0.096,0.188,0.04,0.136,0.136,0.0,0.37199999999999983,0.284,0.0,0.02,0.0158525,0.8822509683913377,0.0,0.9249463242433492,0.4354144565059924,0.0,0.0,1.0,0.29411764705882354,1.0,0.29411764705882354,1.0,1.0,0.0851063829787234,-0.23072456631060734,0.9878048780487805,82.0,3,0.0,0.0,0.0,0.0,0.0,0.0,0.0,0.0,0.0,0.0,0.0,0.0,0.0,0.0,0.0,0.0,0.0,0.0,0.0,0.0,0.0,0.0,0.0,0.0,"{'g3_safe': 135, 'g0_aggressive': 39, 'g1_balanced': 39, 'g2_conservative': 37}",0.68217976872874,1.13417976872874,1.81217976872874
test,oracle_src,0,250,0.4505119312808673,0.164,0.00016011268338630202,0.0,0.436,0.008,0.436,0.636,0.436,0.436,0.436,0.0,0.5080000000000002,0.54,0.06,0.08,0.070172,0.8420354697289261,0.0,0.4952959606562556,0.34734553058654905,0.0,0.0,1.0,1.0,1.0,1.0,1.0,0.981651376146789,0.6729559748427673,-0.2567591958581694,0.9929078014184397,3.9166666666666665,36,0.0,0.0,0.0,0.0,0.0,0.0,0.0,0.0,0.0,0.0,0.0,0.0,0.0,0.0,0.0,0.0,0.0,0.0,0.0,0.0,0.0,0.0,0.0,0.0,"{'g0_aggressive': 63, 'g1_balanced': 14, 'g3_safe': 161, 'g2_conservative': 12}",0.6595119312808673,1.0775119312808674,1.7045119312808672
test,oracle_src,1,250,0.47409109766541074,0.116,0.0034975149029206737,0.0,0.416,0.008,0.416,0.564,0.416,0.416,0.416,0.0,0.5186666666666667,0.54,0.076,0.084,0.0800112825,0.8731302291879888,0.00017890519566467425,0.49632152026005233,0.37710352360866434,0.0,0.0,1.0,1.0,1.0,1.0,1.0,0.9519230769230769,0.7021276595744681,-0.24566153330427082,0.9863013698630136,4.171428571428572,35,0.0,0.0,0.0,0.0,0.0,0.0,0.0,0.0,0.0,0.0,0.0,0.0,0.0,0.0,0.0,0.0,0.0,0.0,0.0,0.0,0.0,0.0,0.0,0.0,"{'g0_aggressive': 54, 'g2_conservative': 21, 'g1_balanced': 14, 'g3_safe': 161}",0.6950910976654108,1.1370910976654107,1.8000910976654108
test,rsrc,0,250,0.4819942865946499,0.308,0.00011498208490151329,0.0,0.476,0.016,0.624,0.66,0.476,0.624,0.624,0.524,0.8133333333333325,0.932,0.516,0.012,0.009343500000000003,0.8775407538430539,0.0,0.04348374704529388,0.296045902395909,0.0,0.0,1.0,0.7628205128205128,1.0,0.7628205128205128,1.0,0.9663865546218487,0.696969696969697,-0.327890055936056,0.9923664122137404,3.742857142857143,35,0.0,0.0,0.0,0.0,0.0,0.0,0.0,0.0,0.0,0.0,0.0,0.0,0.0,0.0,0.0,0.0,0.0,0.0,0.0,0.0,0.0,0.0,0.0,0.0,"{'g0_aggressive': 85, 'g3_safe': 147, 'g1_balanced': 10, 'g2_conservative': 8}",0.6549942865946499,1.0009942865946497,1.5199942865946496
test,rsrc,1,250,0.5153388705352933,0.248,0.0026249187549149235,0.0,0.388,0.012,0.516,0.528,0.388,0.516,0.516,0.612,0.8159999999999993,0.924,0.524,0.036,0.031830975,0.9044421079680939,0.00014144968167656853,0.04639484487333251,0.33001251014154326,0.0,0.0,1.0,0.751937984496124,1.0,0.751937984496124,1.0,0.9278350515463918,0.6818181818181818,-0.3210430282227149,0.9934640522875817,3.825,40,0.0,0.0,0.0,0.0,0.0,0.0,0.0,0.0,0.0,0.0,0.0,0.0,0.0,0.0,0.0,0.0,0.0,0.0,0.0,0.0,0.0,0.0,0.0,0.0,"{'g0_aggressive': 57, 'g3_safe': 166, 'g1_balanced': 18, 'g2_conservative': 9}",0.7033388705352932,1.0793388705352933,1.6433388705352934
test,se_mpc,0,250,0.48198966025038537,0.308,0.00011498208490151329,0.0,0.472,0.016,0.624,0.66,0.472,0.624,0.624,0.528,0.8133333333333325,0.932,0.516,0.02,0.016363500000000003,0.8774213692276948,0.0,0.04349974704529387,0.296045902395909,0.0,0.0,1.0,0.7564102564102564,1.0,0.7564102564102564,1.0,0.9661016949152542,0.6909090909090909,-0.32748282007152996,0.9924242424242424,3.6666666666666665,36,0.0,0.0,0.528,0.0,0.0,0.0,0.0,0.0,0.0,0.0,0.0,0.0,0.0,0.0,0.0,0.0,0.0,0.0,0.0,0.0,0.0,0.0,0.0,0.0,"{'g0_aggressive': 85, 'g3_safe': 147, 'g1_balanced': 9, 'g2_conservative': 9}",0.6549896602503853,1.0009896602503852,1.5199896602503853
test,se_mpc,1,250,0.5134363563965578,0.252,0.0026249042458644355,0.0,0.396,0.012,0.524,0.536,0.396,0.524,0.524,0.604,0.814666666666666,0.92,0.524,0.052,0.048198475000000005,0.9019023664296341,0.00014144887089314248,0.047122631539999175,0.32858393758366666,0.0,0.0,1.0,0.7557251908396947,1.0,0.7557251908396947,1.0,0.9393939393939394,0.6940298507462687,-0.32050995272574573,0.9933774834437086,3.775,40,0.004,1.0,0.604,4.0,0.0,0.142324,1.0,0.0,0.0,0.0,0.0,0.0,0.0,0.0,0.0,0.0,0.0,0.0,0.0,0.0,0.0,0.0,0.0,0.0,"{'g0_aggressive': 57, 'g3_safe': 164, 'g1_balanced': 19, 'g2_conservative': 10}",0.7004363563965579,1.0744363563965578,1.6354363563965577
test,camc_static_anchor,0,250,0.48040718426974294,0.308,0.00011479736298799526,0.0,0.54,0.02,0.672,0.704,0.54,0.672,0.672,0.46,0.8159999999999991,0.932,0.524,0.012,0.009343500000000003,0.8521732762074252,0.0,0.0398371333188581,0.296045902395909,0.0,0.0,1.0,0.8035714285714286,1.0,0.8035714285714286,1.0,0.9555555555555556,0.7329545454545454,-0.3267574112318548,0.991304347826087,3.484848484848485,33,0.0,0.0,0.0,0.0,0.0,0.0,0.0,0.0,0.0,0.0,1.0,0.088,0.912,-0.042410360918182316,0.005521349991564769,-0.05519211955974828,0.26287262872628725,0.0,1.738700513681106,0.7736125067045426,0.0,0.0,0.0,0.0,"{'g3_safe': 228, 'camc_switch': 22, 'g0_aggressive': 22}",0.6534071842697429,0.9994071842697428,1.5184071842697429
test,camc_static_anchor,1,250,0.5136139141129,0.248,0.002624357210096606,0.0,0.46,0.012,0.596,0.6,0.46,0.596,0.596,0.54,0.8159999999999993,0.924,0.524,0.036,0.030945474999999997,0.8825943388255559,0.00014141830186766455,0.04289030275880782,0.33001246643395227,0.0,0.0,1.0,0.7718120805369127,1.0,0.7718120805369127,1.0,0.9739130434782609,0.7466666666666667,-0.3185304005595471,0.9925925925925926,3.857142857142857,35,0.0,0.0,0.0,0.0,0.0,0.0,0.0,0.0,0.0,0.0,1.0,0.056,0.944,-0.04254020666986879,0.008951674581522672,-0.0727889616180215,0.2521246458923513,0.0,1.7429452939589343,0.661001759723482,0.0,0.0,0.0,0.0,"{'g3_safe': 236, 'camc_switch': 14, 'g0_aggressive': 14}",0.7016139141129001,1.0776139141129,1.6416139141129
test,camc_rsrc_anchor,0,250,0.48190517265582483,0.308,0.00011498208490151329,0.0,0.472,0.016,0.624,0.66,0.476,0.624,0.624,0.524,0.8119999999999991,0.932,0.516,0.012,0.009343500000000003,0.8770804232306909,0.0,0.04548904731196053,0.296045902395909,0.0,0.0,1.0,0.7628205128205128,1.0,0.7628205128205128,1.0,0.9661016949152542,0.6909090909090909,-0.32788617898693395,0.9924242424242424,3.7714285714285714,35,0.0,0.0,0.0,0.0,0.0,0.0,0.0,0.0,0.0,0.0,1.0,0.008,0.992,-0.04731772668398614,0.00390099245865759,-0.029131081657256464,0.5363735070575462,0.0,1.617406159992547,0.6717175469251605,0.7935222672064778,0.0,0.0,0.0,"{'g0_aggressive': 85, 'g3_safe': 147, 'g1_balanced': 10, 'g2_conservative': 8, 'camc_switch': 2}",0.6549051726558248,1.0009051726558247,1.5199051726558246
test,camc_rsrc_anchor,1,250,0.5148590793755194,0.248,0.0026249187549149235,0.0,0.368,0.012,0.512,0.528,0.384,0.512,0.512,0.616,0.8079999999999992,0.924,0.524,0.036,0.031830975,0.9024140275187771,0.00014144968167656853,0.058741954625527656,0.33001251014154326,0.0,0.0,1.0,0.75,1.0,0.75,1.0,0.9021739130434783,0.6287878787878788,-0.31972020081155134,0.9936708860759493,3.95,40,0.0,0.0,0.0,0.0,0.0,0.0,0.0,0.0,0.0,0.0,1.0,0.04,0.96,-0.03217594642258824,0.008670549748704237,-0.02177843355686487,0.5606060606060606,0.0,1.6532802678976681,0.5360950234797818,0.8436293436293436,0.0,0.0,0.0,"{'g0_aggressive': 57, 'g3_safe': 167, 'g1_balanced': 20, 'camc_switch': 10, 'g2_conservative': 6}",0.7028590793755194,1.0788590793755195,1.6428590793755196
test,camc_sempc_candidate,0,250,0.47420211710362753,0.276,0.00011534223390362319,0.0,0.364,0.016,0.624,0.684,0.452,0.624,0.624,0.548,0.7413333333333332,0.808,0.444,0.02,0.016363500000000003,0.8564416424216901,0.0,0.09122139458918209,0.30747407593151305,0.0,0.0,1.0,0.7243589743589743,1.0,0.7243589743589743,1.0,0.967032967032967,0.5146198830409356,-0.33477906215260356,0.9937106918238994,3.8780487804878048,41,0.0,0.0,0.0,0.0,0.0,0.0,0.0,0.0,0.0,0.0,1.0,0.404,0.596,0.07542625092758586,0.19222549515785792,0.0057420006318676655,0.36815415821501013,0.0,1.7527491016426509,0.640197077430552,0.9669421487603306,0.0,0.0,0.0,"{'camc_switch': 101, 'g0_aggressive': 86, 'g3_safe': 149, 'g1_balanced': 11, 'g2_conservative': 4}",0.6552021171036275,1.0172021171036274,1.5602021171036273
test,camc_sempc_candidate,1,250,0.5095620151452618,0.212,0.002625790198555919,0.0,0.268,0.012,0.568,0.564,0.34,0.568,0.568,0.66,0.7453333333333325,0.844,0.436,0.052,0.048058475,0.8873383095057628,0.00014149857753245558,0.1022341158510596,0.3428697162152988,0.0,0.0,1.0,0.5985915492957746,1.0,0.5985915492957746,1.0,0.9552238805970149,0.45390070921985815,-0.3208543868787699,0.994535519125683,4.815789473684211,38,0.0,0.0,0.0,0.0,0.0,0.0,0.0,0.0,0.0,0.0,1.0,0.312,0.688,0.05529106330412555,0.1835883626455461,0.003322656744079151,0.4444444444444444,0.0,1.758327155499589,0.47554719506357185,0.9837962962962963,0.0,0.0,0.0,"{'camc_switch': 78, 'g0_aggressive': 59, 'g3_safe': 173, 'g1_balanced': 13, 'g2_conservative': 5}",0.7065620151452618,1.1005620151452618,1.6915620151452617
test,pareto_camc_static_anchor,0,250,0.4804620183539129,0.308,0.00011479736298799526,0.0,0.564,0.02,0.684,0.724,0.564,0.684,0.684,0.436,0.8186666666666659,0.932,0.532,0.012,0.009343500000000003,0.8460668200109298,0.0,0.03888355152542448,0.296045902395909,0.0,0.0,1.0,0.8245614035087719,1.0,0.8245614035087719,1.0,0.9645390070921985,0.7513812154696132,-0.3247875317834519,0.9908256880733946,3.303030303030303,33,0.0,0.0,0.0,0.0,0.0,0.0,0.0,0.0,0.0,0.0,1.0,0.0,1.0,-0.06703825843920094,0.0,0.07252362016556083,0.33687002652519893,0.0,1.7383377441407715,0.9558224830633606,0.0,0.2204724409448819,0.015748031496062992,0.7637795275590551,{'g3_safe': 250},0.6534620183539128,0.9994620183539128,1.5184620183539126
test,pareto_camc_static_anchor,1,250,0.5134987142543128,0.248,0.002624357210096606,0.0,0.46,0.012,0.612,0.608,0.46,0.612,0.612,0.54,0.8159999999999993,0.924,0.524,0.036,0.030084475000000003,0.8774304482419509,0.00014141830186766455,0.042310830630807816,0.33001246643395227,0.0,0.0,1.0,0.7516339869281046,1.0,0.7516339869281046,1.0,0.9826086956521739,0.743421052631579,-0.31892231237005525,0.9925925925925926,3.857142857142857,35,0.0,0.0,0.0,0.0,0.0,0.0,0.0,0.0,0.0,0.0,1.0,0.0,1.0,-0.05495782474732342,0.0,0.0681363242998523,0.2937853107344633,0.0,1.7426311172249174,0.7743864575036842,0.0,0.23076923076923078,0.0,0.7692307692307693,{'g3_safe': 250},0.7014987142543128,1.0774987142543129,1.641498714254313
test,pareto_camc_rsrc_anchor,0,250,0.4819942865946499,0.308,0.00011498208490151329,0.0,0.476,0.016,0.624,0.66,0.476,0.624,0.624,0.524,0.8133333333333325,0.932,0.516,0.012,0.009343500000000003,0.8775407538430539,0.0,0.04348374704529388,0.296045902395909,0.0,0.0,1.0,0.7628205128205128,1.0,0.7628205128205128,1.0,0.9663865546218487,0.696969696969697,-0.327890055936056,0.9923664122137404,3.742857142857143,35,0.0,0.0,0.0,0.0,0.0,0.0,0.0,0.0,0.0,0.0,1.0,0.0,1.0,-0.05710223320251704,0.0,-0.11081059359475909,0.7288503253796096,0.0,1.6167585748691704,0.68094349923861,0.5833333333333334,0.4166666666666667,0.0,0.0,"{'g0_aggressive': 85, 'g3_safe': 147, 'g1_balanced': 10, 'g2_conservative': 8}",0.6549942865946499,1.0009942865946497,1.5199942865946496
test,pareto_camc_rsrc_anchor,1,250,0.5153388705352933,0.248,0.0026249187549149235,0.0,0.388,0.012,0.516,0.528,0.388,0.516,0.516,0.612,0.8159999999999993,0.924,0.524,0.036,0.031830975,0.9044421079680939,0.00014144968167656853,0.04639484487333251,0.33001251014154326,0.0,0.0,1.0,0.751937984496124,1.0,0.751937984496124,1.0,0.9278350515463918,0.6818181818181818,-0.3210430282227149,0.9934640522875817,3.825,40,0.0,0.0,0.0,0.0,0.0,0.0,0.0,0.0,0.0,0.0,1.0,0.0,1.0,-0.04595682673470263,0.0,-0.08938081069581097,0.7323340471092077,0.0,1.6500590635800205,0.5547470198909179,0.652046783625731,0.347953216374269,0.0,0.0,"{'g0_aggressive': 57, 'g3_safe': 166, 'g1_balanced': 18, 'g2_conservative': 9}",0.7033388705352932,1.0793388705352933,1.6433388705352934
test,pareto_camc_sempc_candidate,0,250,0.4851028249524315,0.332,0.00011479736298799526,0.0,0.5,0.012,0.644,0.672,0.5,0.644,0.644,0.5,0.859999999999999,0.96,0.628,0.012,0.009343500000000003,0.8706682516568419,0.0,0.028999481450954094,0.2876737149241212,0.0,0.0,1.0,0.7763975155279503,1.0,0.7763975155279503,1.0,0.96,0.7142857142857143,-0.3298780035992308,0.992,3.787878787878788,33,0.0,0.0,0.0,0.0,0.0,0.0,0.0,0.0,0.0,0.0,1.0,0.128,0.872,-0.03813860873129507,0.05984550348553269,-0.0033623924413533385,0.7277992277992278,0.0,1.7317681387326085,0.7988442191420299,0.5013262599469496,0.2572944297082228,0.11671087533156499,0.1246684350132626,"{'g3_safe': 218, 'camc_switch': 32, 'g0_aggressive': 32}",0.6521028249524314,0.9861028249524314,1.4871028249524314
test,pareto_camc_sempc_candidate,1,250,0.5157926243390515,0.256,0.002624357210096606,0.0,0.42,0.012,0.544,0.54,0.42,0.544,0.544,0.58,0.8453333333333323,0.948,0.588,0.036,0.030619975000000004,0.8977786408713695,0.00014141830186766455,0.029609859832334894,0.32715532411988996,0.0,0.0,1.0,0.7720588235294118,1.0,0.7720588235294118,1.0,0.9523809523809523,0.7407407407407407,-0.32057470664896237,0.993103448275862,4.142857142857143,35,0.0,0.0,0.0,0.0,0.0,0.0,0.0,0.0,0.0,0.0,1.0,0.088,0.912,-0.034404253701463515,0.07370678805737096,0.004421644596776732,0.7364341085271318,0.0,1.7397833277439705,0.6747695873518689,0.5736842105263158,0.19736842105263158,0.09605263157894736,0.13289473684210526,"{'g3_safe': 228, 'camc_switch': 22, 'g0_aggressive': 21, 'g1_balanced': 1}",0.7017926243390515,1.0737926243390516,1.6317926243390515
test,greedy_myopic,0,250,0.4698907286116979,0.208,0.00010338441634302375,0.0,0.184,0.016,0.396,0.52,0.34,0.504,0.504,0.0,0.6386666666666664,0.776,0.168,0.016,0.014134500000000001,0.9004498502423746,0.0,0.2297484672370128,0.3316312570568627,0.0,0.0,1.0,0.6746031746031746,1.0,0.6746031746031746,1.0,1.0,0.35384615384615387,-0.33628359537538277,0.9950980392156863,12.0,17,0.0,0.0,0.0,0.0,0.0,0.0,0.0,0.0,0.0,0.0,0.0,0.0,0.0,0.0,0.0,0.0,0.0,0.0,0.0,0.0,0.0,0.0,0.0,0.0,"{'g0_aggressive': 169, 'g1_balanced': 81}",0.667890728611698,1.0638907286116979,1.6578907286116982
test,greedy_myopic,1,250,0.48146927887280055,0.176,0.0028982314451530774,0.0,0.128,0.012,0.352,0.452,0.288,0.464,0.464,0.0,0.6453333333333335,0.756,0.188,0.04,0.037269825,0.9200132704242518,0.00027594364563006597,0.21793896845758529,0.3557656137557934,0.0,0.0,1.0,0.6206896551724138,1.0,0.6206896551724138,1.0,1.0,0.2831858407079646,-0.3325650708816058,0.9908256880733946,10.9,20,0.0,0.0,0.0,0.0,0.0,0.0,0.0,0.0,0.0,0.0,0.0,0.0,0.0,0.0,0.0,0.0,0.0,0.0,0.0,0.0,0.0,0.0,0.0,0.0,"{'g0_aggressive': 169, 'g1_balanced': 81}",0.6874692788728005,1.0994692788728007,1.7174692788728008
test,static_conservative,0,250,0.4804620183539129,0.308,0.00011479736298799526,0.0,0.564,0.02,0.684,0.724,0.564,0.684,0.684,0.0,0.8186666666666659,0.932,0.532,0.012,0.009343500000000003,0.8460668200109298,0.0,0.03888355152542448,0.296045902395909,0.0,0.0,1.0,0.8245614035087719,1.0,0.8245614035087719,1.0,0.9645390070921985,0.7513812154696132,-0.3247875317834519,0.9908256880733946,3.303030303030303,33,0.0,0.0,0.0,0.0,0.0,0.0,0.0,0.0,0.0,0.0,0.0,0.0,0.0,0.0,0.0,0.0,0.0,0.0,0.0,0.0,0.0,0.0,0.0,0.0,{'g3_safe': 250},0.6534620183539128,0.9994620183539128,1.5184620183539126
test,static_conservative,1,250,0.5134987142543128,0.248,0.002624357210096606,0.0,0.46,0.012,0.612,0.608,0.46,0.612,0.612,0.0,0.8159999999999993,0.924,0.524,0.036,0.030084475000000003,0.8774304482419509,0.00014141830186766455,0.042310830630807816,0.33001246643395227,0.0,0.0,1.0,0.7516339869281046,1.0,0.7516339869281046,1.0,0.9826086956521739,0.743421052631579,-0.31892231237005525,0.9925925925925926,3.857142857142857,35,0.0,0.0,0.0,0.0,0.0,0.0,0.0,0.0,0.0,0.0,0.0,0.0,0.0,0.0,0.0,0.0,0.0,0.0,0.0,0.0,0.0,0.0,0.0,0.0,{'g3_safe': 250},0.7014987142543128,1.0774987142543129,1.641498714254313
test,static_aggressive,0,250,0.4937952119407559,0.292,7.788498402620769e-05,0.0,0.236,0.008,0.328,0.404,0.34,0.42,0.42,0.0,0.8079999999999992,0.928,0.504,0.016,0.014600000000000002,0.9411275813506903,0.0,0.05047582778608976,0.3017601881101947,0.0,0.0,1.0,0.8095238095238095,1.0,0.8095238095238095,1.0,1.0,0.5841584158415841,-0.3633941529443288,0.9947643979057592,7.346153846153846,26,0.0,0.0,0.0,0.0,0.0,0.0,0.0,0.0,0.0,0.0,0.0,0.0,0.0,0.0,0.0,0.0,0.0,0.0,0.0,0.0,0.0,0.0,0.0,0.0,{'g0_aggressive': 250},0.6707952119407559,1.0247952119407557,1.5557952119407557
test,static_aggressive,1,250,0.5251513942163945,0.232,0.0028420727804697615,0.0,0.144,0.012,0.232,0.304,0.22,0.308,0.308,0.0,0.8039999999999993,0.92,0.492,0.04,0.03840749999999999,0.9725085435148728,0.0003375471572328377,0.05775824268658471,0.3357662399593849,0.0,0.0,1.0,0.7142857142857143,1.0,0.7142857142857143,1.0,0.9444444444444444,0.4473684210526316,-0.35253927174610467,0.9953271028037384,10.19047619047619,21,0.0,0.0,0.0,0.0,0.0,0.0,0.0,0.0,0.0,0.0,0.0,0.0,0.0,0.0,0.0,0.0,0.0,0.0,0.0,0.0,0.0,0.0,0.0,0.0,{'g0_aggressive': 250},0.7171513942163945,1.1011513942163944,1.6771513942163945
test,always_verify,0,250,0.5135856575089555,0.388,0.00011649127264137515,0.0,0.244,0.012,0.32,0.392,0.244,0.32,0.32,0.0,1.0,1.0,1.0,0.024,0.0192225,0.9366375859467638,0.0,0.0,0.26805762824099266,0.0,0.0,1.0,0.7625,1.0,0.7625,1.0,0.7540983606557377,0.46938775510204084,-0.3426014485364984,0.9947089947089947,6.75,28,0.0,0.0,0.0,0.0,0.0,0.0,0.0,0.0,0.0,0.0,0.0,0.0,0.0,0.0,0.0,0.0,0.0,0.0,0.0,0.0,0.0,0.0,0.0,0.0,"{'g0_aggressive': 43, 'g3_safe': 193, 'g1_balanced': 9, 'g2_conservative': 5}",0.6665856575089555,0.9725856575089554,1.4315856575089554
test,always_verify,1,250,0.5425279514763522,0.324,0.002660010940952958,0.0,0.172,0.012,0.244,0.328,0.172,0.244,0.244,0.0,1.0,1.0,1.0,0.04,0.034703975,0.9651175809864828,0.00014339636634634533,0.0,0.30287424836594035,0.0,0.0,1.0,0.7049180327868853,1.0,0.7049180327868853,1.0,0.6976744186046512,0.36585365853658536,-0.3310023884153008,0.9951690821256038,7.961538461538462,26,0.0,0.0,0.0,0.0,0.0,0.0,0.0,0.0,0.0,0.0,0.0,0.0,0.0,0.0,0.0,0.0,0.0,0.0,0.0,0.0,0.0,0.0,0.0,0.0,"{'g0_aggressive': 33, 'g3_safe': 209, 'g1_balanced': 3, 'g2_conservative': 5}",0.7115279514763522,1.0495279514763522,1.556527951476352
test,always_verify_throttle,0,250,0.5130324155406147,0.388,0.0001163916649493455,0.0,0.276,0.012,0.356,0.452,0.276,0.356,0.356,0.0,1.0,1.0,1.0,0.024,0.0188655,0.9257859646559623,0.0,0.0,0.26805762824099266,0.0,0.0,1.0,0.7752808988764045,1.0,0.7752808988764045,1.0,0.8985507246376812,0.5486725663716814,-0.3417601081834831,0.994475138121547,6.241379310344827,29,0.0,0.0,0.0,0.0,0.0,0.0,0.0,0.0,0.0,0.0,0.0,0.0,0.0,0.0,0.0,0.0,0.0,0.0,0.0,0.0,0.0,0.0,0.0,0.0,"{'g2_conservative': 62, 'g3_safe': 188}",0.6660324155406148,0.9720324155406147,1.4310324155406147
test,always_verify_throttle,1,250,0.5420717447649127,0.324,0.0026599625498121286,0.0,0.2,0.012,0.28,0.356,0.2,0.28,0.28,0.0,1.0,1.0,1.0,0.04,0.033664475000000006,0.9566668626793171,0.0001433936621904127,0.0,0.3028742445994374,0.0,0.0,1.0,0.7142857142857143,1.0,0.7142857142857143,1.0,0.82,0.4606741573033708,-0.3309261983042322,0.995,8.0,25,0.0,0.0,0.0,0.0,0.0,0.0,0.0,0.0,0.0,0.0,0.0,0.0,0.0,0.0,0.0,0.0,0.0,0.0,0.0,0.0,0.0,0.0,0.0,0.0,"{'g2_conservative': 41, 'g3_safe': 209}",0.7110717447649126,1.0490717447649125,1.5560717447649126
test,adaptive_threshold,0,250,0.453142072620859,0.196,0.0001622608990767078,0.0,0.372,0.028,0.712,0.808,0.372,0.712,0.712,0.0,0.585333333333333,0.696,0.112,0.012,0.009343500000000003,0.8283871204062893,0.0,0.30535199950673286,0.3359169591619117,0.0,0.0,1.0,0.5224719101123596,1.0,0.5224719101123596,1.0,1.0,0.4603960396039604,-0.2937712007050668,0.9936305732484076,4.243243243243243,37,0.0,0.0,0.0,0.0,0.0,0.0,0.0,0.0,0.0,0.0,0.0,0.0,0.0,0.0,0.0,0.0,0.0,0.0,0.0,0.0,0.0,0.0,0.0,0.0,"{'g0_aggressive': 49, 'g3_safe': 178, 'g1_balanced': 14, 'g2_conservative': 9}",0.654142072620859,1.056142072620859,1.659142072620859
test,adaptive_threshold,1,250,0.4686698784138043,0.156,0.0025808575733938842,0.0,0.336,0.012,0.72,0.764,0.336,0.72,0.72,0.0,0.5973333333333337,0.672,0.14,0.036,0.031295475,0.8488786448837916,0.00014280171093315297,0.28095293563473944,0.3628599296712789,0.0,0.0,1.0,0.4666666666666667,1.0,0.4666666666666667,1.0,1.0,0.4397905759162304,-0.29034713512186544,0.9939759036144579,3.9523809523809526,42,0.0,0.0,0.0,0.0,0.0,0.0,0.0,0.0,0.0,0.0,0.0,0.0,0.0,0.0,0.0,0.0,0.0,0.0,0.0,0.0,0.0,0.0,0.0,0.0,"{'g0_aggressive': 34, 'g3_safe': 184, 'g1_balanced': 16, 'g2_conservative': 16}",0.6796698784138043,1.1016698784138044,1.7346698784138044
test,maxweight_backlog,0,250,0.4818723603571842,0.308,0.0001149576439776947,0.0,0.488,0.02,0.652,0.672,0.488,0.652,0.652,0.0,0.8159999999999991,0.932,0.524,0.016,0.012458000000000002,0.8706732273337479,0.0,0.04217078332131176,0.296045902395909,0.0,0.0,1.0,0.7484662576687117,1.0,0.7484662576687117,1.0,0.9672131147540983,0.7023809523809523,-0.32724182285706993,0.9921875,3.764705882352941,34,0.0,0.0,0.0,0.0,0.0,0.0,0.0,0.0,0.0,0.0,0.0,0.0,0.0,0.0,0.0,0.0,0.0,0.0,0.0,0.0,0.0,0.0,0.0,0.0,"{'g1_balanced': 103, 'g3_safe': 140, 'g2_conservative': 7}",0.6548723603571842,1.000872360357184,1.519872360357184
test,maxweight_backlog,1,250,0.5148908063778928,0.248,0.0026249115970558867,0.0,0.416,0.012,0.536,0.564,0.416,0.536,0.536,0.0,0.8159999999999993,0.924,0.524,0.036,0.031295475,0.8984929946155604,0.00014144928168668096,0.045420615613824274,0.3300125095844145,0.0,0.0,1.0,0.7761194029850746,1.0,0.7761194029850746,1.0,0.9615384615384616,0.7092198581560284,-0.31978319562568946,0.9931506849315068,3.7435897435897436,39,0.0,0.0,0.0,0.0,0.0,0.0,0.0,0.0,0.0,0.0,0.0,0.0,0.0,0.0,0.0,0.0,0.0,0.0,0.0,0.0,0.0,0.0,0.0,0.0,"{'g1_balanced': 79, 'g3_safe': 160, 'g2_conservative': 11}",0.7028908063778927,1.0788908063778928,1.6428908063778929
test,headroom_only,0,250,0.4822355175603761,0.308,0.0001149957023509598,0.0,0.484,0.016,0.62,0.652,0.484,0.62,0.62,0.516,0.8133333333333325,0.932,0.516,0.0,0.0,0.8789299736964413,0.0,0.04363710259321695,0.296045902395909,0.0,0.0,1.0,0.7806451612903226,1.0,0.7806451612903226,1.0,0.9586776859504132,0.7116564417177914,-0.3294753585674377,0.9922480620155039,3.7941176470588234,34,0.0,0.0,0.0,0.0,0.0,0.0,0.0,0.0,0.0,0.0,0.0,0.0,0.0,0.0,0.0,0.0,0.0,0.0,0.0,0.0,0.0,0.0,0.0,0.0,"{'g0_aggressive': 91, 'g3_safe': 144, 'g1_balanced': 6, 'g2_conservative': 9}",0.6552355175603761,1.001235517560376,1.520235517560376
test,headroom_only,1,250,0.515785449189425,0.248,0.0026261976627320253,0.0,0.4,0.012,0.5,0.52,0.4,0.5,0.5,0.6,0.8159999999999993,0.924,0.524,0.0,0.0,0.9066281940674811,0.00014152114860422482,0.046678960073332505,0.330012609684764,0.0,0.0,1.0,0.8,1.0,0.8,1.0,0.91,0.7,-0.32240876981573474,0.9933333333333333,4.054054054054054,37,0.0,0.0,0.0,0.0,0.0,0.0,0.0,0.0,0.0,0.0,0.0,0.0,0.0,0.0,0.0,0.0,0.0,0.0,0.0,0.0,0.0,0.0,0.0,0.0,"{'g0_aggressive': 67, 'g2_conservative': 13, 'g3_safe': 160, 'g1_balanced': 10}",0.7037854491894251,1.079785449189425,1.643785449189425
test,rsrc_no_recovery,0,250,0.4822355175603761,0.308,0.0001149957023509598,0.0,0.48,0.016,0.616,0.652,0.48,0.616,0.616,0.52,0.8133333333333325,0.932,0.516,0.012,0.009343500000000003,0.8789299736964413,0.0,0.04363710259321695,0.296045902395909,0.0,0.0,1.0,0.7792207792207793,1.0,0.7792207792207793,1.0,0.9583333333333334,0.7055214723926381,-0.32801850892342194,0.9923076923076923,3.823529411764706,34,0.0,0.0,0.0,0.0,0.0,0.0,0.0,0.0,0.0,0.0,0.0,0.0,0.0,0.0,0.0,0.0,0.0,0.0,0.0,0.0,0.0,0.0,0.0,0.0,"{'g0_aggressive': 91, 'g3_safe': 144, 'g1_balanced': 6, 'g2_conservative': 9}",0.6552355175603761,1.001235517560376,1.520235517560376
test,rsrc_no_recovery,1,250,0.515785449189425,0.248,0.0026261976627320253,0.0,0.4,0.012,0.504,0.52,0.4,0.504,0.504,0.6,0.8159999999999993,0.924,0.524,0.036,0.031830975,0.9065051171444042,0.00014152114860422482,0.046678960073332505,0.330012609684764,0.0,0.0,1.0,0.7936507936507936,1.0,0.7936507936507936,1.0,0.91,0.7,-0.3197708723931157,0.9933333333333333,4.054054054054054,37,0.0,0.0,0.0,0.0,0.0,0.0,0.0,0.0,0.0,0.0,0.0,0.0,0.0,0.0,0.0,0.0,0.0,0.0,0.0,0.0,0.0,0.0,0.0,0.0,"{'g0_aggressive': 67, 'g2_conservative': 12, 'g3_safe': 161, 'g1_balanced': 10}",0.7037854491894251,1.079785449189425,1.643785449189425
test,rsrc_no_context,0,250,0.4819942865946499,0.308,0.00011498208490151329,0.0,0.476,0.016,0.628,0.66,0.476,0.628,0.628,0.524,0.8133333333333325,0.932,0.516,0.0,0.0,0.8775407538430539,0.0,0.04348374704529388,0.296045902395909,0.0,0.0,1.0,0.7579617834394905,1.0,0.7579617834394905,1.0,0.9663865546218487,0.696969696969697,-0.329738557844453,0.9923664122137404,3.742857142857143,35,0.0,0.0,0.0,0.0,0.0,0.0,0.0,0.0,0.0,0.0,0.0,0.0,0.0,0.0,0.0,0.0,0.0,0.0,0.0,0.0,0.0,0.0,0.0,0.0,"{'g0_aggressive': 85, 'g3_safe': 147, 'g1_balanced': 10, 'g2_conservative': 8}",0.6549942865946499,1.0009942865946497,1.5199942865946496
test,rsrc_no_context,1,250,0.5153471535671134,0.248,0.0026249187549149235,0.0,0.392,0.012,0.512,0.524,0.392,0.512,0.512,0.608,0.8159999999999993,0.924,0.524,0.0,0.0,0.9045719048911705,0.00014144968167656853,0.04642396487333251,0.33001251014154326,0.0,0.0,1.0,0.765625,1.0,0.765625,1.0,0.9285714285714286,0.6946564885496184,-0.3233520767227964,0.993421052631579,3.8974358974358974,39,0.0,0.0,0.0,0.0,0.0,0.0,0.0,0.0,0.0,0.0,0.0,0.0,0.0,0.0,0.0,0.0,0.0,0.0,0.0,0.0,0.0,0.0,0.0,0.0,"{'g0_aggressive': 58, 'g3_safe': 166, 'g1_balanced': 17, 'g2_conservative': 9}",0.7033471535671134,1.0793471535671135,1.6433471535671136
test,minimal_verify,0,250,0.4573430900716305,0.032,0.009933755468877392,0.0,0.004,0.004,0.008,0.008,0.004,0.008,0.008,0.0,0.0,0.0,0.0,0.012,0.009343500000000003,0.8651269242113775,0.0,1.941396158755902,0.39430718057473313,0.0,0.0,1.0,0.5,1.0,0.5,1.0,1.0,0.5,-0.085122136673202,0.9518072289156626,249.0,1,0.0,0.0,0.0,0.0,0.0,0.0,0.0,0.0,0.0,0.0,0.0,0.0,0.0,0.0,0.0,0.0,0.0,0.0,0.0,0.0,0.0,0.0,0.0,0.0,"{'g0_aggressive': 1, 'g3_safe': 249}",0.6993430900716304,1.1833430900716304,1.9093430900716304
test,minimal_verify,1,250,0.5008044371237109,0.012,0.02472456606977707,0.008,0.004,0.004,0.008,0.008,0.004,0.008,0.008,0.0,0.0,0.0,0.0,0.024,0.018687000000000002,0.8801960270599436,0.00027023483040677644,1.9600289377691655,0.41472095074340826,0.0,0.0,1.0,0.5,1.0,0.5,1.0,1.0,0.5,-0.07051132056217152,0.9236947791164659,249.0,1,0.0,0.0,0.0,0.0,0.0,0.0,0.0,0.0,0.0,0.0,0.0,0.0,0.0,0.0,0.0,0.0,0.0,0.0,0.0,0.0,0.0,0.0,0.0,0.0,"{'g0_aggressive': 1, 'g3_safe': 249}",0.7538044371237109,1.257804437123711,2.022804437123711
test,plain_mpc,0,250,0.4540071735221274,0.116,0.00030091266729081356,0.0,0.008,0.02,0.124,0.256,0.04,0.168,0.168,0.0,0.4293333333333328,0.396,0.0,0.016,0.0133505,0.8819362841424497,0.0,0.746559928222292,0.3642341765385219,0.0,0.0,1.0,0.23809523809523808,1.0,0.23809523809523808,1.0,1.0,0.03125,-0.26722464402363383,0.9919354838709677,124.0,2,0.0,0.0,0.0,0.0,0.0,0.0,0.0,0.0,0.0,0.0,0.0,0.0,0.0,0.0,0.0,0.0,0.0,0.0,0.0,0.0,0.0,0.0,0.0,0.0,"{'g0_aggressive': 64, 'g3_safe': 98, 'g2_conservative': 42, 'g1_balanced': 46}",0.6750071735221274,1.1170071735221274,1.7800071735221275
test,plain_mpc,1,250,0.4739309107835259,0.1,0.003737321854527248,0.0,0.024,0.016,0.12,0.32,0.048,0.244,0.244,0.0,0.4359999999999993,0.4,0.0,0.036,0.0312575,0.8943240665923412,0.00018196137751591267,0.7430811901177562,0.3828059896584054,0.0,0.0,1.0,0.19672131147540983,1.0,0.19672131147540983,1.0,1.0,0.075,-0.2521269219139359,0.9877049180327869,48.8,5,0.0,0.0,0.0,0.0,0.0,0.0,0.0,0.0,0.0,0.0,0.0,0.0,0.0,0.0,0.0,0.0,0.0,0.0,0.0,0.0,0.0,0.0,0.0,0.0,"{'g0_aggressive': 64, 'g2_conservative': 40, 'g1_balanced': 43, 'g3_safe': 103}",0.6989309107835259,1.148930910783526,1.823930910783526
rebench,oracle_src,0,250,0.446496901864091,0.14,0.0038397748380244907,0.0,0.232,0.016,0.232,0.388,0.232,0.232,0.232,0.0,0.44133333333333286,0.404,0.06,0.06,0.052918561249999996,0.839524939335162,2.5462681748753934e-05,0.6916496266076322,0.5337566061859953,0.0,0.0,1.0,1.0,1.0,1.0,1.0,0.9827586206896551,0.5876288659793815,-0.22288203339337617,0.9791666666666666,11.294117647058824,17,0.0,0.0,0.0,0.0,0.0,0.0,0.0,0.0,0.0,0.0,0.0,0.0,0.0,0.0,0.0,0.0,0.0,0.0,0.0,0.0,0.0,0.0,0.0,0.0,"{'g0_aggressive': 33, 'g1_balanced': 6, 'g3_safe': 203, 'g2_conservative': 8}",0.661496901864091,1.091496901864091,1.736496901864091
rebench,oracle_src,1,250,0.4520557330391413,0.156,0.0015016824504305235,0.0,0.388,0.008,0.388,0.512,0.388,0.388,0.388,0.0,0.49866666666666654,0.488,0.112,0.048,0.048709854999999996,0.8487000151586888,0.0,0.5474811411092677,0.5395476825181935,0.0,0.0,1.0,1.0,1.0,1.0,1.0,0.9484536082474226,0.71875,-0.22681931071796083,0.9738562091503268,4.78125,32,0.0,0.0,0.0,0.0,0.0,0.0,0.0,0.0,0.0,0.0,0.0,0.0,0.0,0.0,0.0,0.0,0.0,0.0,0.0,0.0,0.0,0.0,0.0,0.0,"{'g0_aggressive': 52, 'g3_safe': 165, 'g1_balanced': 19, 'g2_conservative': 14}",0.6630557330391413,1.0850557330391413,1.7180557330391413
rebench,rsrc,0,250,0.47806036767075527,0.264,0.002085332412635509,0.0,0.548,0.008,0.66,0.668,0.548,0.66,0.66,0.452,0.7413333333333326,0.84,0.408,0.016,0.014835625000000002,0.8656023212018522,0.0,0.0798592904187538,0.489728223516479,0.0,0.0,1.0,0.8303030303030303,1.0,0.8303030303030303,1.0,0.9562043795620438,0.7844311377245509,-0.2880660152367537,0.9734513274336283,2.973684210526316,38,0.0,0.0,0.0,0.0,0.0,0.0,0.0,0.0,0.0,0.0,0.0,0.0,0.0,0.0,0.0,0.0,0.0,0.0,0.0,0.0,0.0,0.0,0.0,0.0,"{'g0_aggressive': 93, 'g1_balanced': 20, 'g3_safe': 125, 'g2_conservative': 12}",0.6620603676707553,1.0300603676707554,1.5820603676707554
rebench,rsrc,1,250,0.4829782859271862,0.236,0.0005580459950280358,0.0,0.408,0.012,0.58,0.592,0.408,0.58,0.58,0.592,0.7746666666666658,0.88,0.46,0.004,0.0034400000000000003,0.8901618534792695,0.0,0.08349745907671911,0.5109765379077101,0.0,0.0,1.0,0.7034482758620689,1.0,0.7034482758620689,1.0,0.9509803921568627,0.6554054054054054,-0.29739279195582924,0.9932432432432432,3.2888888888888888,45,0.0,0.0,0.0,0.0,0.0,0.0,0.0,0.0,0.0,0.0,0.0,0.0,0.0,0.0,0.0,0.0,0.0,0.0,0.0,0.0,0.0,0.0,0.0,0.0,"{'g0_aggressive': 60, 'g3_safe': 164, 'g1_balanced': 11, 'g2_conservative': 15}",0.6739782859271862,1.0559782859271862,1.6289782859271862
rebench,se_mpc,0,250,0.4762680263408748,0.264,0.002085332575556091,0.0,0.544,0.012,0.66,0.668,0.548,0.66,0.66,0.452,0.7399999999999992,0.84,0.404,0.02,0.018198625,0.8648048039095447,0.0,0.0798700488187538,0.489728223516479,0.0,0.0,1.0,0.8303030303030303,1.0,0.8303030303030303,1.0,0.9558823529411765,0.7784431137724551,-0.2885124586528453,0.9736842105263158,3.0,38,0.004,1.0,0.456,3.0,0.0,0.1410754181670652,1.0,0.0,0.0,0.0,0.0,0.0,0.0,0.0,0.0,0.0,0.0,0.0,0.0,0.0,0.0,0.0,0.0,0.0,"{'g0_aggressive': 93, 'g3_safe': 124, 'g2_conservative': 13, 'g1_balanced': 20}",0.6602680263408748,1.0282680263408748,1.5802680263408748
rebench,se_mpc,1,250,0.4853877667324235,0.232,0.0005580459950280358,0.0,0.404,0.012,0.576,0.592,0.404,0.576,0.576,0.596,0.7733333333333324,0.88,0.456,0.004,0.0034400000000000003,0.8913126227100387,0.0,0.08368412574338578,0.5124051093362815,0.0,0.0,1.0,0.7013888888888888,1.0,0.7013888888888888,1.0,0.9504950495049505,0.6486486486486487,-0.2970285884278167,0.9932885906040269,3.311111111111111,45,0.004,1.0,0.596,3.0,0.0,0.14346518716036527,1.0,0.0,0.0,0.0,0.0,0.0,0.0,0.0,0.0,0.0,0.0,0.0,0.0,0.0,0.0,0.0,0.0,0.0,"{'g0_aggressive': 59, 'g3_safe': 164, 'g1_balanced': 12, 'g2_conservative': 15}",0.6773877667324235,1.0613877667324236,1.6373877667324237
rebench,camc_static_anchor,0,250,0.47440688998915576,0.276,0.001886983713089419,0.0,0.632,0.032,0.776,0.748,0.632,0.776,0.776,0.368,0.7466666666666659,0.852,0.412,0.016,0.01306013625,0.8204233158530139,0.0,0.06955525510558676,0.4854425092308204,0.0,0.0,1.0,0.8144329896907216,1.0,0.8144329896907216,1.0,0.9810126582278481,0.8288770053475936,-0.28418132489314024,0.967391304347826,2.7058823529411766,34,0.0,0.0,0.0,0.0,0.0,0.0,0.0,0.0,0.0,0.0,1.0,0.004,0.996,-0.055948446822302725,0.011022721516503242,-0.06652537047534401,0.3661616161616162,0.0,1.753353377741083,0.9099753052204951,0.0,0.0,0.0,0.0,"{'g3_safe': 249, 'camc_switch': 1, 'g0_aggressive': 1}",0.6554068899891557,1.0174068899891557,1.5604068899891557
rebench,camc_static_anchor,1,250,0.4777667698811244,0.244,0.0005425197945223088,0.0,0.484,0.012,0.66,0.7,0.484,0.66,0.66,0.516,0.7773333333333325,0.88,0.468,0.004,0.0034400000000000003,0.8597550113600124,0.0,0.07615399053472337,0.5081193950505672,0.0,0.0,1.0,0.7333333333333333,1.0,0.7333333333333333,1.0,0.9917355371900827,0.6857142857142857,-0.2976605029999388,0.9922480620155039,2.8043478260869565,46,0.0,0.0,0.0,0.0,0.0,0.0,0.0,0.0,0.0,0.0,1.0,0.004,0.996,-0.0577323944268935,0.009693799755457255,-0.0812922806488221,0.2909604519774011,0.0,1.7732317293180881,0.7199305869881137,0.0,0.0,0.0,0.0,"{'g3_safe': 249, 'camc_switch': 1, 'g0_aggressive': 1}",0.6667667698811244,1.0447667698811243,1.6117667698811242
rebench,camc_rsrc_anchor,0,250,0.4775068027258308,0.264,0.0021579864142767064,0.0,0.536,0.008,0.66,0.68,0.536,0.66,0.66,0.464,0.7306666666666657,0.84,0.408,0.016,0.014835625000000002,0.8614491090420311,0.0,0.10079537471398926,0.489728223516479,0.0,0.0,1.0,0.8121212121212121,1.0,0.8121212121212121,1.0,0.9626865671641791,0.7588235294117647,-0.28554059056373804,0.9741379310344828,2.9743589743589745,39,0.0,0.0,0.0,0.0,0.0,0.0,0.0,0.0,0.0,0.0,1.0,0.032,0.968,-0.05076923378734301,0.008030872280702544,-0.03665734268446443,0.4781659388646288,0.0,1.6235857706211816,0.7571251123831837,0.7671232876712328,0.0,0.0,0.0,"{'g0_aggressive': 89, 'g1_balanced': 18, 'g3_safe': 128, 'g2_conservative': 15, 'camc_switch': 8}",0.6615068027258308,1.0295068027258307,1.5815068027258308
rebench,camc_rsrc_anchor,1,250,0.48241397050513385,0.232,0.000558045916293473,0.0,0.38,0.012,0.584,0.6,0.38,0.584,0.584,0.62,0.7639999999999992,0.876,0.46,0.004,0.0034400000000000003,0.887712364518014,0.0,0.1008357327678517,0.5123516249613869,0.0,0.0,1.0,0.6506849315068494,1.0,0.6506849315068494,1.0,0.9473684210526315,0.6,-0.29493704363212014,0.9935483870967742,3.369565217391304,46,0.0,0.0,0.0,0.0,0.0,0.0,0.0,0.0,0.0,0.0,1.0,0.028,0.972,-0.03445113216384424,0.009860655896711512,-0.023616751257510553,0.5568927789934355,0.0,1.6895124923077214,0.5477653354533315,0.8585461689587426,0.0,0.0,0.0,"{'g0_aggressive': 57, 'g3_safe': 169, 'g1_balanced': 12, 'g2_conservative': 12, 'camc_switch': 7}",0.6744139705051339,1.0584139705051339,1.634413970505134
rebench,camc_sempc_candidate,0,250,0.4678676869001399,0.248,0.0022845225790166577,0.0,0.424,0.012,0.68,0.712,0.504,0.68,0.68,0.496,0.6706666666666663,0.784,0.34,0.024,0.021957125,0.8390074669189168,0.0,0.15438336725450938,0.4954425092307604,0.0,0.0,1.0,0.7411764705882353,1.0,0.7411764705882353,1.0,0.9905660377358491,0.5898876404494382,-0.29442879631299224,0.9791666666666666,2.938775510204082,49,0.0,0.0,0.0,0.0,0.0,0.0,0.0,0.0,0.0,0.0,1.0,0.428,0.572,0.0797322866682104,0.19464618429736316,0.006599109297127279,0.3343253968253968,0.0,1.7733872361620355,0.7199395418390993,0.9465875370919882,0.0,0.0,0.0,"{'camc_switch': 107, 'g0_aggressive': 87, 'g3_safe': 143, 'g1_balanced': 16, 'g2_conservative': 4}",0.6558676869001399,1.03186768690014,1.59586768690014
rebench,camc_sempc_candidate,1,250,0.47522071377724273,0.212,0.0005420641692124883,0.0,0.312,0.012,0.62,0.656,0.344,0.62,0.62,0.656,0.7133333333333329,0.816,0.404,0.004,0.0034400000000000003,0.8748437121887057,0.0,0.15198205396066863,0.5195479648214223,0.0,0.0,1.0,0.5548387096774193,1.0,0.5548387096774193,1.0,0.9871794871794872,0.4695121951219512,-0.2968921057155926,0.9941860465116279,3.739130434782609,46,0.0,0.0,0.0,0.0,0.0,0.0,0.0,0.0,0.0,0.0,1.0,0.292,0.708,0.05367909238426098,0.19454927686786178,0.00685569964595954,0.4522560335781742,0.0,1.7890616835770332,0.4941511467367864,0.9721577726218097,0.0,0.0,0.0,"{'camc_switch': 73, 'g0_aggressive': 61, 'g3_safe': 177, 'g1_balanced': 8, 'g2_conservative': 4}",0.6722207137772427,1.0662207137772426,1.6572207137772428
rebench,pareto_camc_static_anchor,0,250,0.47440688998915553,0.276,0.001886983713088355,0.0,0.632,0.032,0.776,0.748,0.632,0.776,0.776,0.368,0.7466666666666659,0.852,0.412,0.016,0.01273463625,0.8200540850837834,0.0,0.06955525510558676,0.4854425092308204,0.0,0.0,1.0,0.8144329896907216,1.0,0.8144329896907216,1.0,0.9810126582278481,0.8288770053475936,-0.28418617371279653,0.967391304347826,2.7058823529411766,34,0.0,0.0,0.0,0.0,0.0,0.0,0.0,0.0,0.0,0.0,1.0,0.0,1.0,-0.08277871061361404,0.0,0.01739264239273845,0.3686868686868687,0.0,1.7533291488906382,1.0806688691534911,0.0,0.363013698630137,0.0,0.636986301369863,{'g3_safe': 250},0.6554068899891555,1.0174068899891555,1.5604068899891554
rebench,pareto_camc_static_anchor,1,250,0.4777549767524652,0.244,0.0005425196551171192,0.0,0.484,0.012,0.66,0.7,0.484,0.66,0.66,0.516,0.7773333333333325,0.88,0.468,0.004,0.0031145000000000005,0.859374703670704,0.0,0.07610599053472336,0.5081193950505672,0.0,0.0,1.0,0.7333333333333333,1.0,0.7333333333333333,1.0,0.9917355371900827,0.6857142857142857,-0.29768019197587303,0.9922480620155039,2.8043478260869565,46,0.0,0.0,0.0,0.0,0.0,0.0,0.0,0.0,0.0,0.0,1.0,0.0,1.0,-0.06379524778081742,0.0,0.0010096082754704001,0.2937853107344633,0.0,1.7732021092902244,0.8361594305516127,0.0,0.41346153846153844,0.0,0.5865384615384616,{'g3_safe': 250},0.6667549767524652,1.044754976752465,1.611754976752465
rebench,pareto_camc_rsrc_anchor,0,250,0.47806036767075527,0.264,0.002085332412635509,0.0,0.548,0.008,0.66,0.668,0.548,0.66,0.66,0.452,0.7413333333333326,0.84,0.408,0.016,0.014835625000000002,0.8656023212018522,0.0,0.0798592904187538,0.489728223516479,0.0,0.0,1.0,0.8303030303030303,1.0,0.8303030303030303,1.0,0.9562043795620438,0.7844311377245509,-0.2880660152367537,0.9734513274336283,2.973684210526316,38,0.0,0.0,0.0,0.0,0.0,0.0,0.0,0.0,0.0,0.0,1.0,0.0,1.0,-0.07226211252331909,0.0,-0.1581673616712239,0.7291440953412784,0.0,1.614965017753592,0.791871773337665,0.5022288261515602,0.49777117384843983,0.0,0.0,"{'g0_aggressive': 93, 'g1_balanced': 20, 'g3_safe': 125, 'g2_conservative': 12}",0.6620603676707553,1.0300603676707554,1.5820603676707554
rebench,pareto_camc_rsrc_anchor,1,250,0.4829782859271862,0.236,0.0005580459950280358,0.0,0.408,0.012,0.58,0.592,0.408,0.58,0.58,0.592,0.7746666666666658,0.88,0.46,0.004,0.0034400000000000003,0.8901618534792695,0.0,0.08349745907671911,0.5109765379077101,0.0,0.0,1.0,0.7034482758620689,1.0,0.7034482758620689,1.0,0.9509803921568627,0.6554054054054054,-0.29739279195582924,0.9932432432432432,3.2888888888888888,45,0.0,0.0,0.0,0.0,0.0,0.0,0.0,0.0,0.0,0.0,1.0,0.0,1.0,-0.054356406568678274,0.0,-0.11596657136479513,0.7308934337997847,0.0,1.6822082334289656,0.6093436440335738,0.6362297496318114,0.3637702503681885,0.0,0.0,"{'g0_aggressive': 60, 'g3_safe': 164, 'g1_balanced': 11, 'g2_conservative': 15}",0.6739782859271862,1.0559782859271862,1.6289782859271862
rebench,pareto_camc_sempc_candidate,0,250,0.4772926151183068,0.28,0.0019314930183145815,0.0,0.608,0.02,0.744,0.72,0.608,0.744,0.744,0.392,0.7733333333333322,0.892,0.452,0.016,0.01315463625,0.841180871487901,0.0,0.05780600376137468,0.48401393780224894,0.0,0.0,1.0,0.8172043010752689,1.0,0.8172043010752689,1.0,0.9868421052631579,0.8333333333333334,-0.28825539194676963,0.9693877551020408,3.0625,32,0.0,0.0,0.0,0.0,0.0,0.0,0.0,0.0,0.0,0.0,1.0,0.084,0.916,-0.06413361445844727,0.06766693554100256,-0.031906081838851214,0.7406698564593301,0.0,1.751338116823456,1.0096643445518827,0.36175710594315247,0.479328165374677,0.09043927648578812,0.06847545219638243,"{'g3_safe': 229, 'camc_switch': 21, 'g0_aggressive': 21}",0.6572926151183067,1.0172926151183068,1.5572926151183069
rebench,pareto_camc_sempc_candidate,1,250,0.48185746691359915,0.244,0.0005425633647524346,0.0,0.436,0.012,0.608,0.64,0.432,0.608,0.608,0.568,0.7986666666666659,0.896,0.516,0.004,0.0034400000000000003,0.8778443761463736,0.0,0.06527743821131446,0.5081208367820599,0.0,0.0,1.0,0.7105263157894737,1.0,0.7105263157894737,1.0,0.9541284403669725,0.65,-0.30055460401946027,0.9929078014184397,3.0652173913043477,46,0.0,0.0,0.0,0.0,0.0,0.0,0.0,0.0,0.0,0.0,1.0,0.068,0.932,-0.045105475440989,0.0581227571483742,-0.027839876183684994,0.7392578125,0.0,1.7725565797496117,0.7224923838480317,0.5442536327608983,0.34478203434610305,0.06340819022457067,0.047556142668428,"{'g3_safe': 233, 'camc_switch': 17, 'g0_aggressive': 17}",0.6708574669135992,1.048857466913599,1.615857466913599
rebench,greedy_myopic,0,250,0.4699384118400459,0.192,0.0024606329518467997,0.0,0.112,0.012,0.34,0.512,0.26,0.484,0.484,0.0,0.5906666666666665,0.644,0.204,0.02,0.01822880375,0.9017890776637725,0.00010743374533191535,0.34475326329047634,0.5153412820929685,0.0,0.0,1.0,0.5371900826446281,1.0,0.5371900826446281,1.0,1.0,0.21875,-0.30371066663953045,0.9819819819819819,12.333333333333334,18,0.0,0.0,0.0,0.0,0.0,0.0,0.0,0.0,0.0,0.0,0.0,0.0,0.0,0.0,0.0,0.0,0.0,0.0,0.0,0.0,0.0,0.0,0.0,0.0,"{'g0_aggressive': 165, 'g1_balanced': 85}",0.671938411840046,1.075938411840046,1.6819384118400462
rebench,greedy_myopic,1,250,0.47206401807138354,0.168,0.0009736875664316016,0.0,0.116,0.012,0.308,0.452,0.252,0.436,0.436,0.0,0.5973333333333334,0.652,0.208,0.012,0.010554500000000003,0.9174561805980032,6.916658342935711e-05,0.3438841318036749,0.5352619683784259,0.0,0.0,1.0,0.5779816513761468,1.0,0.5779816513761468,1.0,0.9655172413793104,0.24778761061946902,-0.29471217776366776,0.9864253393665159,10.523809523809524,21,0.0,0.0,0.0,0.0,0.0,0.0,0.0,0.0,0.0,0.0,0.0,0.0,0.0,0.0,0.0,0.0,0.0,0.0,0.0,0.0,0.0,0.0,0.0,0.0,"{'g0_aggressive': 151, 'g1_balanced': 99}",0.6800640180713835,1.0960640180713837,1.7200640180713835
rebench,static_conservative,0,250,0.47440688998915553,0.276,0.001886983713088355,0.0,0.632,0.032,0.776,0.748,0.632,0.776,0.776,0.0,0.7466666666666659,0.852,0.412,0.016,0.01273463625,0.8200540850837834,0.0,0.06955525510558676,0.4854425092308204,0.0,0.0,1.0,0.8144329896907216,1.0,0.8144329896907216,1.0,0.9810126582278481,0.8288770053475936,-0.28418617371279653,0.967391304347826,2.7058823529411766,34,0.0,0.0,0.0,0.0,0.0,0.0,0.0,0.0,0.0,0.0,0.0,0.0,0.0,0.0,0.0,0.0,0.0,0.0,0.0,0.0,0.0,0.0,0.0,0.0,{'g3_safe': 250},0.6554068899891555,1.0174068899891555,1.5604068899891554
rebench,static_conservative,1,250,0.4777549767524652,0.244,0.0005425196551171192,0.0,0.484,0.012,0.66,0.7,0.484,0.66,0.66,0.0,0.7773333333333325,0.88,0.468,0.004,0.0031145000000000005,0.859374703670704,0.0,0.07610599053472336,0.5081193950505672,0.0,0.0,1.0,0.7333333333333333,1.0,0.7333333333333333,1.0,0.9917355371900827,0.6857142857142857,-0.29768019197587303,0.9922480620155039,2.8043478260869565,46,0.0,0.0,0.0,0.0,0.0,0.0,0.0,0.0,0.0,0.0,0.0,0.0,0.0,0.0,0.0,0.0,0.0,0.0,0.0,0.0,0.0,0.0,0.0,0.0,{'g3_safe': 250},0.6667549767524652,1.044754976752465,1.611754976752465
rebench,static_aggressive,0,250,0.4849814273963849,0.26,0.0024087124599148895,0.0,0.272,0.008,0.4,0.476,0.396,0.52,0.52,0.0,0.7359999999999992,0.836,0.396,0.02,0.018804124999999998,0.9171489298466153,0.00023909717006416549,0.08960821449936837,0.4911649505785283,0.0,0.0,1.0,0.7615384615384615,1.0,0.7615384615384615,1.0,0.9705882352941176,0.5546218487394958,-0.33477740792500316,0.978021978021978,7.0,26,0.0,0.0,0.0,0.0,0.0,0.0,0.0,0.0,0.0,0.0,0.0,0.0,0.0,0.0,0.0,0.0,0.0,0.0,0.0,0.0,0.0,0.0,0.0,0.0,{'g0_aggressive': 250},0.6699814273963849,1.0399814273963848,1.5949814273963847
rebench,static_aggressive,1,250,0.48892121276638456,0.232,0.0007984141792379131,0.0,0.144,0.012,0.28,0.356,0.248,0.364,0.364,0.0,0.7679999999999991,0.872,0.448,0.02,0.01825,0.9557834235218287,9.278065397768487e-05,0.09774596124151047,0.5125080009375728,0.0,0.0,1.0,0.6813186813186813,1.0,0.6813186813186813,1.0,0.9444444444444444,0.38202247191011235,-0.33400367358644134,0.9906542056074766,10.19047619047619,21,0.0,0.0,0.0,0.0,0.0,0.0,0.0,0.0,0.0,0.0,0.0,0.0,0.0,0.0,0.0,0.0,0.0,0.0,0.0,0.0,0.0,0.0,0.0,0.0,{'g0_aggressive': 250},0.6809212127663846,1.0649212127663845,1.6409212127663846
rebench,always_verify,0,250,0.521323515289568,0.352,0.002209045898574513,0.0,0.212,0.008,0.296,0.344,0.212,0.3,0.3,0.0,1.0,1.0,1.0,0.02,0.0165986,0.9532244233451659,0.0,0.0,0.45842747536194406,0.0,0.0,1.0,0.7066666666666667,1.0,0.7066666666666667,0.9811320754716981,0.7924528301886793,0.4883720930232558,-0.3187421858729247,0.9847715736040609,7.88,25,0.0,0.0,0.0,0.0,0.0,0.0,0.0,0.0,0.0,0.0,0.0,0.0,0.0,0.0,0.0,0.0,0.0,0.0,0.0,0.0,0.0,0.0,0.0,0.0,"{'g0_aggressive': 39, 'g1_balanced': 6, 'g3_safe': 201, 'g2_conservative': 4}",0.683323515289568,1.0073235152895679,1.493323515289568
rebench,always_verify,1,250,0.5249572546107583,0.332,0.0005792332024773368,0.0,0.168,0.012,0.236,0.336,0.168,0.236,0.236,0.0,1.0,1.0,1.0,0.02,0.015572500000000001,0.9585963330266148,0.0,0.0,0.4768109950329608,0.0,0.0,1.0,0.711864406779661,1.0,0.711864406779661,1.0,0.7142857142857143,0.35714285714285715,-0.3167759255425199,0.9951923076923077,7.703703703703703,27,0.0,0.0,0.0,0.0,0.0,0.0,0.0,0.0,0.0,0.0,0.0,0.0,0.0,0.0,0.0,0.0,0.0,0.0,0.0,0.0,0.0,0.0,0.0,0.0,"{'g0_aggressive': 26, 'g3_safe': 215, 'g1_balanced': 5, 'g2_conservative': 4}",0.6919572546107582,1.0259572546107583,1.5269572546107582
rebench,always_verify_throttle,0,250,0.5206031846422084,0.352,0.0022075358229135074,0.0,0.24,0.012,0.312,0.376,0.24,0.312,0.312,0.0,1.0,1.0,1.0,0.02,0.0161901325,0.943835640302354,0.0,0.0,0.45842747536194406,0.0,0.0,1.0,0.7692307692307693,1.0,0.7692307692307693,1.0,0.85,0.5425531914893617,-0.3176324833270258,0.9842105263157894,8.26086956521739,23,0.0,0.0,0.0,0.0,0.0,0.0,0.0,0.0,0.0,0.0,0.0,0.0,0.0,0.0,0.0,0.0,0.0,0.0,0.0,0.0,0.0,0.0,0.0,0.0,"{'g2_conservative': 56, 'g3_safe': 194}",0.6826031846422085,1.0066031846422083,1.4926031846422085
rebench,always_verify_throttle,1,250,0.5242925065687855,0.332,0.0005790691297270562,0.0,0.184,0.012,0.268,0.364,0.184,0.268,0.268,0.0,1.0,1.0,1.0,0.02,0.015572500000000001,0.9523602751824632,0.0,0.0,0.4768109950329608,0.0,0.0,0.9782608695652174,0.6716417910447762,0.9782608695652174,0.6716417910447762,0.9782608695652174,0.8043478260869565,0.4065934065934066,-0.3169059502516501,0.9950980392156863,7.555555555555555,27,0.0,0.0,0.0,0.0,0.0,0.0,0.0,0.0,0.0,0.0,0.0,0.0,0.0,0.0,0.0,0.0,0.0,0.0,0.0,0.0,0.0,0.0,0.0,0.0,"{'g2_conservative': 41, 'g3_safe': 209}",0.6912925065687854,1.0252925065687855,1.5262925065687853
rebench,adaptive_threshold,0,250,0.452894283848291,0.168,0.002667128690040977,0.0,0.224,0.012,0.496,0.62,0.224,0.496,0.496,0.0,0.5213333333333332,0.532,0.144,0.016,0.013130136250000002,0.8289289881432784,0.0,0.4804339999112756,0.5237117005827642,0.0,0.0,1.0,0.45161290322580644,1.0,0.45161290322580644,1.0,1.0,0.36129032258064514,-0.2595953864607991,0.979381443298969,8.083333333333334,24,0.0,0.0,0.0,0.0,0.0,0.0,0.0,0.0,0.0,0.0,0.0,0.0,0.0,0.0,0.0,0.0,0.0,0.0,0.0,0.0,0.0,0.0,0.0,0.0,"{'g0_aggressive': 25, 'g3_safe': 205, 'g2_conservative': 15, 'g1_balanced': 5}",0.660894283848291,1.076894283848291,1.700894283848291
rebench,adaptive_threshold,1,250,0.4547508884962353,0.172,0.0009371835941441506,0.0,0.292,0.012,0.544,0.624,0.292,0.544,0.544,0.0,0.5560000000000004,0.58,0.16,0.004,0.0034400000000000003,0.8383373515838533,0.0,0.3987661598530232,0.533833396949854,0.0,0.0,1.0,0.5367647058823529,1.0,0.5367647058823529,1.0,1.0,0.46794871794871795,-0.26083374888488453,0.9830508474576272,5.363636363636363,33,0.0,0.0,0.0,0.0,0.0,0.0,0.0,0.0,0.0,0.0,0.0,0.0,0.0,0.0,0.0,0.0,0.0,0.0,0.0,0.0,0.0,0.0,0.0,0.0,"{'g0_aggressive': 37, 'g3_safe': 186, 'g1_balanced': 12, 'g2_conservative': 15}",0.6617508884962353,1.0757508884962352,1.6967508884962352
rebench,maxweight_backlog,0,250,0.4771592602974755,0.264,0.0020250187041181266,0.0,0.564,0.012,0.672,0.704,0.564,0.672,0.672,0.0,0.7413333333333326,0.84,0.408,0.02,0.01757062875,0.8548687796462885,0.0,0.07819541417913695,0.489728223516479,0.0,0.0,1.0,0.8392857142857143,1.0,0.8392857142857143,1.0,0.9858156028368794,0.7897727272727273,-0.2873364794904066,0.9724770642201835,3.0277777777777777,36,0.0,0.0,0.0,0.0,0.0,0.0,0.0,0.0,0.0,0.0,0.0,0.0,0.0,0.0,0.0,0.0,0.0,0.0,0.0,0.0,0.0,0.0,0.0,0.0,"{'g1_balanced': 116, 'g3_safe': 120, 'g2_conservative': 14}",0.6611592602974755,1.0291592602974755,1.5811592602974756
rebench,maxweight_backlog,1,250,0.4821554654538776,0.236,0.0005569293371086395,0.0,0.42,0.012,0.616,0.62,0.42,0.616,0.616,0.0,0.7746666666666658,0.88,0.46,0.004,0.0033315000000000003,0.8832837807580484,0.0,0.08183269359534653,0.5109765379077101,0.0,0.0,1.0,0.6818181818181818,1.0,0.6818181818181818,1.0,0.9619047619047619,0.6516129032258065,-0.2976363293931421,0.993103448275862,3.372093023255814,43,0.0,0.0,0.0,0.0,0.0,0.0,0.0,0.0,0.0,0.0,0.0,0.0,0.0,0.0,0.0,0.0,0.0,0.0,0.0,0.0,0.0,0.0,0.0,0.0,"{'g1_balanced': 76, 'g3_safe': 162, 'g2_conservative': 12}",0.6731554654538776,1.0551554654538775,1.6281554654538775
rebench,headroom_only,0,250,0.478385100253253,0.264,0.0020791259641233404,0.0,0.564,0.008,0.66,0.664,0.564,0.66,0.66,0.436,0.7413333333333326,0.84,0.408,0.0,0.0,0.8676475414671295,0.0,0.08018538740344129,0.489728223516479,0.0,0.0,1.0,0.8545454545454545,1.0,0.8545454545454545,1.0,0.950354609929078,0.8072289156626506,-0.28552425185676233,0.9724770642201835,2.945945945945946,37,0.0,0.0,0.0,0.0,0.0,0.0,0.0,0.0,0.0,0.0,0.0,0.0,0.0,0.0,0.0,0.0,0.0,0.0,0.0,0.0,0.0,0.0,0.0,0.0,"{'g0_aggressive': 102, 'g3_safe': 123, 'g2_conservative': 9, 'g1_balanced': 16}",0.662385100253253,1.0303851002532531,1.5823851002532532
rebench,headroom_only,1,250,0.48324943499931255,0.236,0.0005580917384809971,0.0,0.416,0.012,0.564,0.592,0.416,0.564,0.564,0.584,0.7746666666666658,0.88,0.46,0.0,0.0,0.8920968671178005,0.0,0.08388252244080914,0.5109765379077101,0.0,0.0,1.0,0.7375886524822695,1.0,0.7375886524822695,1.0,0.9519230769230769,0.668918918918919,-0.29673093758437336,0.9931506849315068,3.3181818181818183,44,0.0,0.0,0.0,0.0,0.0,0.0,0.0,0.0,0.0,0.0,0.0,0.0,0.0,0.0,0.0,0.0,0.0,0.0,0.0,0.0,0.0,0.0,0.0,0.0,"{'g0_aggressive': 67, 'g3_safe': 161, 'g2_conservative': 13, 'g1_balanced': 9}",0.6742494349993126,1.0562494349993126,1.6292494349993125
rebench,rsrc_no_recovery,0,250,0.4783919034563693,0.264,0.0020853677279638384,0.0,0.564,0.008,0.66,0.664,0.564,0.66,0.66,0.436,0.7413333333333326,0.84,0.408,0.016,0.015014125,0.8676350527170085,0.0,0.08013446056824129,0.489728223516479,0.0,0.0,1.0,0.8545454545454545,1.0,0.8545454545454545,1.0,0.950354609929078,0.8072289156626506,-0.28550890850159044,0.9724770642201835,2.945945945945946,37,0.0,0.0,0.0,0.0,0.0,0.0,0.0,0.0,0.0,0.0,0.0,0.0,0.0,0.0,0.0,0.0,0.0,0.0,0.0,0.0,0.0,0.0,0.0,0.0,"{'g0_aggressive': 102, 'g3_safe': 122, 'g2_conservative': 11, 'g1_balanced': 15}",0.6623919034563692,1.0303919034563693,1.5823919034563694
rebench,rsrc_no_recovery,1,250,0.48324943499181766,0.236,0.0005580916781324303,0.0,0.416,0.012,0.564,0.592,0.416,0.564,0.564,0.584,0.7746666666666658,0.88,0.46,0.004,0.00351,0.8919737901960217,0.0,0.08388252244080914,0.5109765379077101,0.0,0.0,1.0,0.7375886524822695,1.0,0.7375886524822695,1.0,0.9519230769230769,0.668918918918919,-0.2967384780012705,0.9931506849315068,3.3181818181818183,44,0.0,0.0,0.0,0.0,0.0,0.0,0.0,0.0,0.0,0.0,0.0,0.0,0.0,0.0,0.0,0.0,0.0,0.0,0.0,0.0,0.0,0.0,0.0,0.0,"{'g0_aggressive': 67, 'g3_safe': 161, 'g2_conservative': 14, 'g1_balanced': 8}",0.6742494349918177,1.0562494349918177,1.6292494349918176
rebench,rsrc_no_context,0,250,0.4780542421155232,0.264,0.0020790906487961757,0.0,0.548,0.008,0.66,0.668,0.548,0.66,0.66,0.452,0.7413333333333326,0.84,0.408,0.0,0.0,0.8657402391438507,0.0,0.0799204104187538,0.489728223516479,0.0,0.0,1.0,0.8303030303030303,1.0,0.8303030303030303,1.0,0.9562043795620438,0.7844311377245509,-0.2880756762868229,0.9734513274336283,2.973684210526316,38,0.0,0.0,0.0,0.0,0.0,0.0,0.0,0.0,0.0,0.0,0.0,0.0,0.0,0.0,0.0,0.0,0.0,0.0,0.0,0.0,0.0,0.0,0.0,0.0,"{'g0_aggressive': 93, 'g1_balanced': 21, 'g3_safe': 125, 'g2_conservative': 11}",0.6620542421155232,1.0300542421155232,1.5820542421155233
rebench,rsrc_no_context,1,250,0.482978285942176,0.236,0.0005580461157251694,0.0,0.408,0.012,0.58,0.592,0.408,0.58,0.58,0.592,0.7746666666666658,0.88,0.46,0.0,0.0,0.8904080073228273,0.0,0.08349745907671911,0.5109765379077101,0.0,0.0,1.0,0.7034482758620689,1.0,0.7034482758620689,1.0,0.9509803921568627,0.6554054054054054,-0.2973779149170861,0.9932432432432432,3.2888888888888888,45,0.0,0.0,0.0,0.0,0.0,0.0,0.0,0.0,0.0,0.0,0.0,0.0,0.0,0.0,0.0,0.0,0.0,0.0,0.0,0.0,0.0,0.0,0.0,0.0,"{'g0_aggressive': 60, 'g3_safe': 163, 'g1_balanced': 12, 'g2_conservative': 15}",0.673978285942176,1.055978285942176,1.628978285942176
rebench,minimal_verify,0,250,0.4585277973681614,0.032,0.03219278723331489,0.004,0.004,0.004,0.008,0.008,0.004,0.008,0.008,0.0,0.0,0.0,0.0,0.008,0.006229000000000001,0.8658806890317349,0.00017015471281766457,1.9445842094044932,0.573047453164126,0.0,0.0,1.0,0.5,1.0,0.5,1.0,1.0,0.5,-0.06429931737761226,0.8835341365461847,249.0,1,0.0,0.0,0.0,0.0,0.0,0.0,0.0,0.0,0.0,0.0,0.0,0.0,0.0,0.0,0.0,0.0,0.0,0.0,0.0,0.0,0.0,0.0,0.0,0.0,"{'g0_aggressive': 1, 'g3_safe': 249}",0.7035277973681614,1.1925277973681614,1.9305277973681614
rebench,minimal_verify,1,250,0.4724864620373229,0.012,0.03097468797096004,0.0,0.004,0.004,0.008,0.008,0.004,0.008,0.008,0.0,0.0,0.0,0.0,0.004,0.0031145000000000005,0.8801960270599436,6.032420400185801e-05,1.9600289377691655,0.5909021821738075,0.0,0.0,1.0,0.5,1.0,0.5,1.0,1.0,0.5,-0.05318703522663961,0.8755020080321285,249.0,1,0.0,0.0,0.0,0.0,0.0,0.0,0.0,0.0,0.0,0.0,0.0,0.0,0.0,0.0,0.0,0.0,0.0,0.0,0.0,0.0,0.0,0.0,0.0,0.0,"{'g0_aggressive': 1, 'g3_safe': 249}",0.7194864620373229,1.213486462037323,1.9544864620373228
rebench,plain_mpc,0,250,0.45443089807756737,0.108,0.004783179896475094,0.0,0.02,0.012,0.084,0.176,0.036,0.108,0.108,0.0,0.3653333333333328,0.328,0.0,0.016,0.01306013625,0.8741146607701249,4.618801750384191e-05,0.9383589411924416,0.5450592455886264,0.0,0.0,1.0,0.3333333333333333,1.0,0.3333333333333333,1.0,1.0,0.11363636363636363,-0.21232977210068563,0.9836734693877551,122.5,2,0.0,0.0,0.0,0.0,0.0,0.0,0.0,0.0,0.0,0.0,0.0,0.0,0.0,0.0,0.0,0.0,0.0,0.0,0.0,0.0,0.0,0.0,0.0,0.0,"{'g0_aggressive': 43, 'g1_balanced': 34, 'g2_conservative': 34, 'g3_safe': 139}",0.6774308980775674,1.1234308980775674,1.7924308980775674
rebench,plain_mpc,1,250,0.4620884964271648,0.1,0.0024146870557105442,0.0,0.016,0.016,0.08,0.196,0.028,0.128,0.128,0.0,0.3973333333333335,0.38,0.0,0.004,0.00351,0.8900836329482424,0.0,0.8554851762342613,0.5593508756872582,0.0,0.0,1.0,0.21875,1.0,0.21875,1.0,1.0,0.08163265306122448,-0.22006081492542864,0.9715447154471545,82.0,3,0.0,0.0,0.0,0.0,0.0,0.0,0.0,0.0,0.0,0.0,0.0,0.0,0.0,0.0,0.0,0.0,0.0,0.0,0.0,0.0,0.0,0.0,0.0,0.0,"{'g0_aggressive': 61, 'g2_conservative': 33, 'g3_safe': 114, 'g1_balanced': 42}",0.6870884964271649,1.1370884964271648,1.8120884964271649
smith,oracle_src,0,250,0.5747968278553894,0.18,0.0682266306847969,0.024,0.332,0.008,0.332,0.38,0.332,0.332,0.332,0.0,0.7759999999999994,0.916,0.42,0.02,0.020671600000000002,0.9160258107151296,0.0010811694751622631,0.07092921091921582,0.7778788251930482,0.0,0.0,1.0,1.0,1.0,1.0,1.0,0.7951807228915663,0.6947368421052632,-0.1054039797760895,0.7844311377245509,4.175,40,0.0,0.0,0.0,0.0,0.0,0.0,0.0,0.0,0.0,0.0,0.0,0.0,0.0,0.0,0.0,0.0,0.0,0.0,0.0,0.0,0.0,0.0,0.0,0.0,"{'g0_aggressive': 61, 'g3_safe': 176, 'g2_conservative': 8, 'g1_balanced': 5}",0.7977968278553895,1.2377968278553895,1.9247968278553893
smith,oracle_src,1,250,0.5775936896526208,0.156,0.07665583969001276,0.032,0.3,0.012,0.3,0.328,0.3,0.3,0.3,0.0,0.7919999999999988,0.944,0.448,0.016,0.017297655000000002,0.9324610091849563,0.0013685117739065638,0.059366665660759675,0.7872929037841438,0.0,0.0,1.0,1.0,1.0,1.0,1.0,0.7333333333333333,0.6707317073170732,-0.10332713285790496,0.7485714285714286,5.0,35,0.0,0.0,0.0,0.0,0.0,0.0,0.0,0.0,0.0,0.0,0.0,0.0,0.0,0.0,0.0,0.0,0.0,0.0,0.0,0.0,0.0,0.0,0.0,0.0,"{'g0_aggressive': 45, 'g3_safe': 186, 'g1_balanced': 7, 'g2_conservative': 12}",0.8125936896526208,1.2745936896526209,2.0035936896526207
smith,rsrc,0,250,0.616645382554828,0.276,0.06884319196630441,0.024,0.136,0.012,0.2,0.296,0.136,0.2,0.2,0.864,0.9559999999999995,0.976,0.896,0.0,0.0,0.9571219484639342,0.0010828240746341403,0.007637030784,0.7442877785354727,0.0,0.0,1.0,0.68,1.0,0.68,1.0,0.8529411764705882,0.3918918918918919,-0.14959299885793323,0.8379629629629629,10.8,20,0.0,0.0,0.0,0.0,0.0,0.0,0.0,0.0,0.0,0.0,0.0,0.0,0.0,0.0,0.0,0.0,0.0,0.0,0.0,0.0,0.0,0.0,0.0,0.0,"{'g3_safe': 224, 'g0_aggressive': 19, 'g1_balanced': 1, 'g2_conservative': 6}",0.815645382554828,1.2076453825548281,1.8226453825548279
smith,rsrc,1,250,0.6273637097431376,0.192,0.08060647976200275,0.036,0.068,0.008,0.124,0.184,0.068,0.124,0.124,0.932,0.9626666666666667,0.972,0.916,0.0,0.0,1.0018351233012603,0.0013797824931468387,0.007437024905993544,0.77472271165064,0.0,0.0,1.0,0.5483870967741935,1.0,0.5483870967741935,1.0,0.6470588235294118,0.2391304347826087,-0.14229887641562652,0.8111587982832618,16.642857142857142,14,0.0,0.0,0.0,0.0,0.0,0.0,0.0,0.0,0.0,0.0,0.0,0.0,0.0,0.0,0.0,0.0,0.0,0.0,0.0,0.0,0.0,0.0,0.0,0.0,"{'g0_aggressive': 7, 'g3_safe': 237, 'g2_conservative': 5, 'g1_balanced': 1}",0.8563637097431376,1.3053637097431376,2.019363709743138
smith,se_mpc,0,250,0.616645382554828,0.276,0.06884319196630441,0.024,0.136,0.012,0.2,0.296,0.136,0.2,0.2,0.864,0.9559999999999995,0.976,0.896,0.0,0.0,0.9571219484639342,0.0010828240746341403,0.007637030784,0.7442877785354727,0.0,0.0,1.0,0.68,1.0,0.68,1.0,0.8529411764705882,0.3918918918918919,-0.14959299885793323,0.8379629629629629,10.8,20,0.0,0.0,0.864,0.0,0.0,0.0,0.0,0.0,0.0,0.0,0.0,0.0,0.0,0.0,0.0,0.0,0.0,0.0,0.0,0.0,0.0,0.0,0.0,0.0,"{'g3_safe': 224, 'g0_aggressive': 19, 'g1_balanced': 1, 'g2_conservative': 6}",0.815645382554828,1.2076453825548281,1.8226453825548279
smith,se_mpc,1,250,0.6273637097431376,0.192,0.08060647976200275,0.036,0.068,0.008,0.124,0.184,0.068,0.124,0.124,0.932,0.9626666666666667,0.972,0.916,0.0,0.0,1.0018351233012603,0.0013797824931468387,0.007437024905993544,0.77472271165064,0.0,0.0,1.0,0.5483870967741935,1.0,0.5483870967741935,1.0,0.6470588235294118,0.2391304347826087,-0.14229887641562652,0.8111587982832618,16.642857142857142,14,0.0,0.0,0.932,0.0,0.0,0.0,0.0,0.0,0.0,0.0,0.0,0.0,0.0,0.0,0.0,0.0,0.0,0.0,0.0,0.0,0.0,0.0,0.0,0.0,"{'g0_aggressive': 7, 'g3_safe': 237, 'g2_conservative': 5, 'g1_balanced': 1}",0.8563637097431376,1.3053637097431376,2.019363709743138
smith,camc_static_anchor,0,250,0.6159111168055936,0.276,0.06857689463371686,0.024,0.148,0.012,0.228,0.332,0.148,0.228,0.228,0.852,0.9559999999999995,0.976,0.896,0.0,0.0,0.9491781542718838,0.0010787207177735117,0.0072373352960000015,0.7442790868917222,0.0,0.0,1.0,0.6491228070175439,1.0,0.6491228070175439,1.0,1.0,0.4457831325301205,-0.14835154496342753,0.8450704225352113,10.142857142857142,21,0.0,0.0,0.0,0.0,0.0,0.0,0.0,0.0,0.0,0.0,1.0,0.0,1.0,-0.021070767186303147,0.0,-0.10580105782716552,0.11347517730496454,0.0,1.8955432166825905,0.22572421408174595,0.0,0.0,0.0,0.0,{'g3_safe': 250},0.8149111168055936,1.2069111168055935,1.8219111168055935
smith,camc_static_anchor,1,250,0.6267591520674731,0.192,0.08047945319685104,0.036,0.08,0.008,0.14,0.204,0.08,0.14,0.14,0.92,0.9626666666666667,0.972,0.916,0.0,0.0,0.9983473058820945,0.0013787837572522262,0.0072564827466390786,0.7747132631627226,0.0,0.0,1.0,0.5714285714285714,1.0,0.5714285714285714,1.0,0.8,0.3137254901960784,-0.1411865879848755,0.808695652173913,16.428571428571427,14,0.0,0.0,0.0,0.0,0.0,0.0,0.0,0.0,0.0,0.0,1.0,0.0,1.0,-0.016802276280415942,0.0,-0.1545023124351673,0.05660377358490566,0.0,1.914537016877682,0.12844700639897563,0.0,0.0,0.0,0.0,{'g3_safe': 250},0.8557591520674732,1.304759152067473,2.0187591520674735
smith,camc_rsrc_anchor,0,250,0.6109835773810444,0.264,0.06882074317177907,0.024,0.124,0.012,0.224,0.348,0.14,0.224,0.224,0.86,0.9306666666666663,0.968,0.836,0.0,0.0,0.9481255424791016,0.001078344396519597,0.013578325162666676,0.748583832346824,0.0,0.0,1.0,0.625,1.0,0.625,1.0,1.0,0.3563218390804598,-0.15161472329393216,0.8401826484018264,10.95,20,0.0,0.0,0.0,0.0,0.0,0.0,0.0,0.0,0.0,0.0,1.0,0.1,0.9,0.016385320709953206,0.17973186620100215,0.0010503679923247015,0.4798807749627422,0.0,1.8982846955037795,0.2110816945302938,0.968944099378882,0.0,0.0,0.0,"{'g3_safe': 225, 'camc_switch': 25, 'g0_aggressive': 20, 'g1_balanced': 5}",0.8129835773810443,1.2109835773810445,1.8349835773810446
smith,camc_rsrc_anchor,1,250,0.6239105764032806,0.188,0.0811802264736907,0.036,0.068,0.008,0.14,0.2,0.076,0.14,0.14,0.924,0.948,0.96,0.892,0.0,0.0,0.9964437300221127,0.0014039484249926367,0.013940987441720998,0.7762488709539536,0.0,0.0,1.0,0.5428571428571428,1.0,0.5428571428571428,1.0,0.8235294117647058,0.28,-0.1416625046013106,0.8111587982832618,16.642857142857142,14,0.0,0.0,0.0,0.0,0.0,0.0,0.0,0.0,0.0,0.0,1.0,0.056,0.944,0.007199596988689208,0.1596124312602402,0.00046667782564835777,0.5290423861852434,0.0,1.9158609683341359,0.11687147270796322,0.9851632047477745,0.0,0.0,0.0,"{'camc_switch': 14, 'g0_aggressive': 10, 'g3_safe': 236, 'g2_conservative': 1, 'g1_balanced': 3}",0.8539105764032806,1.3049105764032807,2.0219105764032808
smith,camc_sempc_candidate,0,250,0.6109835773810444,0.264,0.06882074317177907,0.024,0.124,0.012,0.224,0.348,0.14,0.224,0.224,0.86,0.9306666666666663,0.968,0.836,0.0,0.0,0.9481255424791016,0.001078344396519597,0.013578325162666676,0.748583832346824,0.0,0.0,1.0,0.625,1.0,0.625,1.0,1.0,0.3563218390804598,-0.15161472329393216,0.8401826484018264,10.95,20,0.0,0.0,0.0,0.0,0.0,0.0,0.0,0.0,0.0,0.0,1.0,0.1,0.9,0.016385320709953206,0.17973186620100215,0.0010503679923247015,0.4798807749627422,0.0,1.8982846955037795,0.2110816945302938,0.968944099378882,0.0,0.0,0.0,"{'g3_safe': 225, 'camc_switch': 25, 'g0_aggressive': 20, 'g1_balanced': 5}",0.8129835773810443,1.2109835773810445,1.8349835773810446
smith,camc_sempc_candidate,1,250,0.6239105764032806,0.188,0.0811802264736907,0.036,0.068,0.008,0.14,0.2,0.076,0.14,0.14,0.924,0.948,0.96,0.892,0.0,0.0,0.9964437300221127,0.0014039484249926367,0.013940987441720998,0.7762488709539536,0.0,0.0,1.0,0.5428571428571428,1.0,0.5428571428571428,1.0,0.8235294117647058,0.28,-0.1416625046013106,0.8111587982832618,16.642857142857142,14,0.0,0.0,0.0,0.0,0.0,0.0,0.0,0.0,0.0,0.0,1.0,0.056,0.944,0.007199596988689208,0.1596124312602402,0.00046667782564835777,0.5290423861852434,0.0,1.9158609683341359,0.11687147270796322,0.9851632047477745,0.0,0.0,0.0,"{'camc_switch': 14, 'g0_aggressive': 10, 'g3_safe': 236, 'g2_conservative': 1, 'g1_balanced': 3}",0.8539105764032806,1.3049105764032807,2.0219105764032808
smith,pareto_camc_static_anchor,0,250,0.6159111168055936,0.276,0.06857689463371686,0.024,0.148,0.012,0.228,0.332,0.148,0.228,0.228,0.852,0.9559999999999995,0.976,0.896,0.0,0.0,0.9491781542718838,0.0010787207177735117,0.0072373352960000015,0.7442790868917222,0.0,0.0,1.0,0.6491228070175439,1.0,0.6491228070175439,1.0,1.0,0.4457831325301205,-0.14835154496342753,0.8450704225352113,10.142857142857142,21,0.0,0.0,0.0,0.0,0.0,0.0,0.0,0.0,0.0,0.0,1.0,0.0,1.0,-0.02068002699306122,0.0,-0.06276945880323039,0.11347517730496454,0.0,1.8955432166825905,0.2606379375690285,0.0,0.78125,0.0,0.21875,{'g3_safe': 250},0.8149111168055936,1.2069111168055935,1.8219111168055935
smith,pareto_camc_static_anchor,1,250,0.6267591520674731,0.192,0.08047945319685104,0.036,0.08,0.008,0.14,0.204,0.08,0.14,0.14,0.92,0.9626666666666667,0.972,0.916,0.0,0.0,0.9983473058820945,0.0013787837572522262,0.0072564827466390786,0.7747132631627226,0.0,0.0,1.0,0.5714285714285714,1.0,0.5714285714285714,1.0,0.8,0.3137254901960784,-0.1411865879848755,0.808695652173913,16.428571428571427,14,0.0,0.0,0.0,0.0,0.0,0.0,0.0,0.0,0.0,0.0,1.0,0.0,1.0,-0.011866618581552257,0.0,-0.12631246742267924,0.05660377358490566,0.0,1.914537016877682,0.1425948425814765,0.0,1.0,0.0,0.0,{'g3_safe': 250},0.8557591520674732,1.304759152067473,2.0187591520674735
smith,pareto_camc_rsrc_anchor,0,250,0.6160965124003868,0.276,0.0685984989560616,0.024,0.136,0.012,0.22,0.316,0.136,0.22,0.22,0.864,0.9586666666666662,0.98,0.9,0.0,0.0,0.9512802845047841,0.0010787207626914495,0.006347628629333334,0.7442796434151622,0.0,0.0,1.0,0.6181818181818182,1.0,0.6181818181818182,1.0,1.0,0.43037974683544306,-0.15055001057293482,0.8472222222222222,10.8,20,0.0,0.0,0.0,0.0,0.0,0.0,0.0,0.0,0.0,0.0,1.0,0.008,0.992,-0.017980657685959224,0.01487482959595876,-0.025428743672932977,0.6233183856502242,0.0,1.895496572364683,0.23678107692276465,0.7577937649880095,0.19424460431654678,0.03357314148681055,0.014388489208633094,"{'g3_safe': 248, 'camc_switch': 2, 'g0_aggressive': 2}",0.8150965124003868,1.2070965124003867,1.8220965124003867
smith,pareto_camc_rsrc_anchor,1,250,0.6267591520674731,0.192,0.08047945319685104,0.036,0.08,0.008,0.14,0.204,0.08,0.14,0.14,0.92,0.9626666666666667,0.972,0.916,0.0,0.0,0.9983473058820945,0.0013787837572522262,0.0072564827466390786,0.7747132631627226,0.0,0.0,1.0,0.5714285714285714,1.0,0.5714285714285714,1.0,0.8,0.3137254901960784,-0.1411865879848755,0.808695652173913,16.428571428571427,14,0.0,0.0,0.0,0.0,0.0,0.0,0.0,0.0,0.0,0.0,1.0,0.0,1.0,-0.011866618581552257,0.0,-0.025237027095935952,0.6130030959752322,0.0,1.914537016877682,0.1425948425814765,0.8560606060606061,0.13383838383838384,0.010101010101010102,0.0,{'g3_safe': 250},0.8557591520674732,1.304759152067473,2.0187591520674735
smith,pareto_camc_sempc_candidate,0,250,0.6160965124003868,0.276,0.0685984989560616,0.024,0.136,0.012,0.22,0.316,0.136,0.22,0.22,0.864,0.9586666666666662,0.98,0.9,0.0,0.0,0.9512802845047841,0.0010787207626914495,0.006347628629333334,0.7442796434151622,0.0,0.0,1.0,0.6181818181818182,1.0,0.6181818181818182,1.0,1.0,0.43037974683544306,-0.15055001057293482,0.8472222222222222,10.8,20,0.0,0.0,0.0,0.0,0.0,0.0,0.0,0.0,0.0,0.0,1.0,0.008,0.992,-0.017980657685959224,0.01487482959595876,-0.025428743672932977,0.6233183856502242,0.0,1.895496572364683,0.23678107692276465,0.7577937649880095,0.19424460431654678,0.03357314148681055,0.014388489208633094,"{'g3_safe': 248, 'camc_switch': 2, 'g0_aggressive': 2}",0.8150965124003868,1.2070965124003867,1.8220965124003867
smith,pareto_camc_sempc_candidate,1,250,0.6267591520674731,0.192,0.08047945319685104,0.036,0.08,0.008,0.14,0.204,0.08,0.14,0.14,0.92,0.9626666666666667,0.972,0.916,0.0,0.0,0.9983473058820945,0.0013787837572522262,0.0072564827466390786,0.7747132631627226,0.0,0.0,1.0,0.5714285714285714,1.0,0.5714285714285714,1.0,0.8,0.3137254901960784,-0.1411865879848755,0.808695652173913,16.428571428571427,14,0.0,0.0,0.0,0.0,0.0,0.0,0.0,0.0,0.0,0.0,1.0,0.0,1.0,-0.011866618581552257,0.0,-0.025237027095935952,0.6130030959752322,0.0,1.914537016877682,0.1425948425814765,0.8560606060606061,0.13383838383838384,0.010101010101010102,0.0,{'g3_safe': 250},0.8557591520674732,1.304759152067473,2.0187591520674735
smith,greedy_myopic,0,250,0.6208885694323725,0.216,0.07626708626418158,0.044,0.064,0.008,0.108,0.212,0.104,0.156,0.156,0.0,0.8586666666666661,0.936,0.648,0.0,0.0,0.998405219844672,0.0037107060760442154,0.03567386862131885,0.7664115513326614,0.0,0.0,1.0,0.6666666666666666,1.0,0.6666666666666666,1.0,1.0,0.3018867924528302,-0.16787781050800962,0.8418803418803419,15.6,15,0.0,0.0,0.0,0.0,0.0,0.0,0.0,0.0,0.0,0.0,0.0,0.0,0.0,0.0,0.0,0.0,0.0,0.0,0.0,0.0,0.0,0.0,0.0,0.0,"{'g0_aggressive': 135, 'g1_balanced': 115}",0.8498885694323726,1.2968885694323724,2.0168885694323726
smith,greedy_myopic,1,250,0.6181843741920926,0.156,0.08728958040733586,0.048,0.032,0.008,0.088,0.136,0.052,0.104,0.104,0.0,0.8653333333333327,0.952,0.648,0.0,0.0,1.0310279337495343,0.004206684187897128,0.034044153086091614,0.7884065695515483,0.0,0.0,1.0,0.5,1.0,0.5,1.0,1.0,0.23529411764705882,-0.15576391119522826,0.8099173553719008,34.57142857142857,7,0.0,0.0,0.0,0.0,0.0,0.0,0.0,0.0,0.0,0.0,0.0,0.0,0.0,0.0,0.0,0.0,0.0,0.0,0.0,0.0,0.0,0.0,0.0,0.0,"{'g0_aggressive': 107, 'g1_balanced': 143}",0.8651843741920926,1.3471843741920926,2.1241843741920925
smith,static_conservative,0,250,0.6159111168055936,0.276,0.06857689463371686,0.024,0.148,0.012,0.228,0.332,0.148,0.228,0.228,0.0,0.9559999999999995,0.976,0.896,0.0,0.0,0.9491781542718838,0.0010787207177735117,0.0072373352960000015,0.7442790868917222,0.0,0.0,1.0,0.6491228070175439,1.0,0.6491228070175439,1.0,1.0,0.4457831325301205,-0.14835154496342753,0.8450704225352113,10.142857142857142,21,0.0,0.0,0.0,0.0,0.0,0.0,0.0,0.0,0.0,0.0,0.0,0.0,0.0,0.0,0.0,0.0,0.0,0.0,0.0,0.0,0.0,0.0,0.0,0.0,{'g3_safe': 250},0.8149111168055936,1.2069111168055935,1.8219111168055935
smith,static_conservative,1,250,0.6267591520674731,0.192,0.08047945319685104,0.036,0.08,0.008,0.14,0.204,0.08,0.14,0.14,0.0,0.9626666666666667,0.972,0.916,0.0,0.0,0.9983473058820945,0.0013787837572522262,0.0072564827466390786,0.7747132631627226,0.0,0.0,1.0,0.5714285714285714,1.0,0.5714285714285714,1.0,0.8,0.3137254901960784,-0.1411865879848755,0.808695652173913,16.428571428571427,14,0.0,0.0,0.0,0.0,0.0,0.0,0.0,0.0,0.0,0.0,0.0,0.0,0.0,0.0,0.0,0.0,0.0,0.0,0.0,0.0,0.0,0.0,0.0,0.0,{'g3_safe': 250},0.8557591520674732,1.304759152067473,2.0187591520674735
smith,static_aggressive,0,250,0.6490853627071432,0.256,0.0817953658048771,0.048,0.02,0.008,0.052,0.132,0.052,0.1,0.1,0.0,0.9506666666666664,0.972,0.884,0.0,0.0,1.0482920060023542,0.005162675956085705,0.010635018026666672,0.7530532394619199,0.0,0.0,1.0,0.52,1.0,0.52,1.0,1.0,0.15151515151515152,-0.17663819852616602,0.8489795918367347,49.0,5,0.0,0.0,0.0,0.0,0.0,0.0,0.0,0.0,0.0,0.0,0.0,0.0,0.0,0.0,0.0,0.0,0.0,0.0,0.0,0.0,0.0,0.0,0.0,0.0,{'g0_aggressive': 250},0.8710853627071433,1.3030853627071433,2.005085362707143
smith,static_aggressive,1,250,0.6559644695696054,0.188,0.09486804136902832,0.052,0.004,0.008,0.028,0.068,0.016,0.044,0.044,0.0,0.9586666666666667,0.972,0.904,0.0,0.0,1.0893565724129604,0.00628064954783252,0.008850577320997964,0.7776900630928747,0.0,0.004,1.0,0.36363636363636365,1.0,0.36363636363636365,1.0,1.0,0.058823529411764705,-0.15848771248139784,0.8152610441767069,249.0,1,0.0,0.0,0.0,0.0,0.0,0.0,0.0,0.0,0.0,0.0,0.0,0.0,0.0,0.0,0.0,0.0,0.0,0.0,0.0,0.0,0.0,0.0,0.0,0.0,{'g0_aggressive': 250},0.8993644695696054,1.3725644695696055,2.1409644695696053
smith,always_verify,0,250,0.6248256282689849,0.308,0.06810232576684215,0.02,0.104,0.012,0.156,0.268,0.104,0.156,0.156,0.0,1.0,1.0,1.0,0.0,0.0,0.9673397888522276,0.001065295307948763,0.0,0.7329138553065039,0.0,0.0,1.0,0.6666666666666666,1.0,0.6666666666666666,1.0,0.7692307692307693,0.29850746268656714,-0.15748291954209606,0.8482142857142857,14.0,16,0.0,0.0,0.0,0.0,0.0,0.0,0.0,0.0,0.0,0.0,0.0,0.0,0.0,0.0,0.0,0.0,0.0,0.0,0.0,0.0,0.0,0.0,0.0,0.0,"{'g3_safe': 228, 'g0_aggressive': 14, 'g1_balanced': 5, 'g2_conservative': 3}",0.812825628268985,1.183825628268985,1.7628256282689847
smith,always_verify,1,250,0.6330338701146503,0.216,0.08003992292410496,0.032,0.036,0.008,0.092,0.152,0.036,0.092,0.092,0.0,1.0,1.0,1.0,0.0,0.0,1.0116904365421757,0.0013647917137359583,0.0,0.7660757990682953,0.0,0.0,1.0,0.391304347826087,1.0,0.391304347826087,1.0,0.6666666666666666,0.15789473684210525,-0.1483247151610628,0.8174273858921162,30.125,8,0.0,0.0,0.0,0.0,0.0,0.0,0.0,0.0,0.0,0.0,0.0,0.0,0.0,0.0,0.0,0.0,0.0,0.0,0.0,0.0,0.0,0.0,0.0,0.0,"{'g0_aggressive': 3, 'g3_safe': 242, 'g1_balanced': 3, 'g2_conservative': 2}",0.8530338701146503,1.2850338701146504,1.9690338701146506
smith,always_verify_throttle,0,250,0.6244929741988513,0.308,0.06802654844083694,0.02,0.116,0.012,0.164,0.288,0.116,0.164,0.164,0.0,1.0,1.0,1.0,0.0,0.0,0.96375749101683,0.0010642816437024863,0.0,0.7329110558110062,0.0,0.0,1.0,0.7073170731707317,1.0,0.7073170731707317,1.0,0.8620689655172413,0.3472222222222222,-0.1559551623496123,0.8461538461538461,14.733333333333333,15,0.0,0.0,0.0,0.0,0.0,0.0,0.0,0.0,0.0,0.0,0.0,0.0,0.0,0.0,0.0,0.0,0.0,0.0,0.0,0.0,0.0,0.0,0.0,0.0,"{'g3_safe': 225, 'g2_conservative': 25}",0.8124929741988514,1.1834929741988511,1.762492974198851
smith,always_verify_throttle,1,250,0.6328229280265212,0.216,0.08002104090427276,0.032,0.04,0.008,0.1,0.156,0.04,0.1,0.1,0.0,1.0,1.0,1.0,0.0,0.0,1.0105827442344837,0.0013647694360824773,0.0,0.7660755241599447,0.0,0.0,1.0,0.4,1.0,0.4,1.0,0.7,0.1794871794871795,-0.14819234937200945,0.8166666666666667,26.666666666666668,9,0.0,0.0,0.0,0.0,0.0,0.0,0.0,0.0,0.0,0.0,0.0,0.0,0.0,0.0,0.0,0.0,0.0,0.0,0.0,0.0,0.0,0.0,0.0,0.0,"{'g2_conservative': 8, 'g3_safe': 242}",0.8528229280265212,1.2848229280265213,1.9688229280265213
smith,adaptive_threshold,0,250,0.5851114880692716,0.216,0.06785237799794322,0.028,0.236,0.016,0.376,0.476,0.236,0.376,0.376,0.0,0.8279999999999996,0.924,0.568,0.0,0.0,0.9128081644570388,0.0010640286835443677,0.03997270667742351,0.7655257913322258,0.0,0.0,1.0,0.6276595744680851,1.0,0.6276595744680851,1.0,0.9661016949152542,0.4789915966386555,-0.13319999794157078,0.8167539267015707,5.617647058823529,34,0.0,0.0,0.0,0.0,0.0,0.0,0.0,0.0,0.0,0.0,0.0,0.0,0.0,0.0,0.0,0.0,0.0,0.0,0.0,0.0,0.0,0.0,0.0,0.0,"{'g3_safe': 206, 'g0_aggressive': 23, 'g1_balanced': 8, 'g2_conservative': 13}",0.8021114880692717,1.2291114880692717,1.9011114880692719
smith,adaptive_threshold,1,250,0.5892055721222779,0.156,0.07643641388747771,0.032,0.144,0.008,0.292,0.332,0.144,0.292,0.292,0.0,0.8346666666666656,0.948,0.56,0.0,0.0,0.9449692294512441,0.0013548215673719738,0.03626660589354429,0.7872611109454087,0.0,0.0,1.0,0.4931506849315068,1.0,0.4931506849315068,1.0,0.9444444444444444,0.40963855421686746,-0.13438286819637738,0.794392523364486,8.916666666666666,24,0.0,0.0,0.0,0.0,0.0,0.0,0.0,0.0,0.0,0.0,0.0,0.0,0.0,0.0,0.0,0.0,0.0,0.0,0.0,0.0,0.0,0.0,0.0,0.0,"{'g0_aggressive': 18, 'g3_safe': 223, 'g1_balanced': 6, 'g2_conservative': 3}",0.8242055721222779,1.2862055721222778,2.015205572122278
smith,maxweight_backlog,0,250,0.6164260501111597,0.276,0.06880353465325406,0.024,0.14,0.012,0.208,0.3,0.14,0.208,0.208,0.0,0.9559999999999995,0.976,0.896,0.0,0.0,0.9553652300053712,0.0010824240317409077,0.0075200323840000005,0.7442868181502669,0.0,0.0,1.0,0.6730769230769231,1.0,0.6730769230769231,1.0,0.8571428571428571,0.4,-0.14924378966339458,0.8372093023255814,10.75,20,0.0,0.0,0.0,0.0,0.0,0.0,0.0,0.0,0.0,0.0,0.0,0.0,0.0,0.0,0.0,0.0,0.0,0.0,0.0,0.0,0.0,0.0,0.0,0.0,"{'g3_safe': 222, 'g1_balanced': 23, 'g2_conservative': 5}",0.8154260501111597,1.2074260501111596,1.8224260501111595
smith,maxweight_backlog,1,250,0.6272324746287671,0.192,0.08059297524499554,0.036,0.068,0.008,0.132,0.184,0.068,0.132,0.132,0.0,0.9626666666666667,0.972,0.916,0.0,0.0,1.0012093329355714,0.0013797716280892231,0.007391933325744012,0.7747226382583963,0.0,0.0,1.0,0.5151515151515151,1.0,0.5151515151515151,1.0,0.6470588235294118,0.2391304347826087,-0.14238126077659136,0.8111587982832618,16.642857142857142,14,0.0,0.0,0.0,0.0,0.0,0.0,0.0,0.0,0.0,0.0,0.0,0.0,0.0,0.0,0.0,0.0,0.0,0.0,0.0,0.0,0.0,0.0,0.0,0.0,"{'g1_balanced': 9, 'g3_safe': 236, 'g2_conservative': 5}",0.8562324746287671,1.3052324746287671,2.019232474628767
smith,headroom_only,0,250,0.6208909749526966,0.272,0.0688165686285251,0.024,0.14,0.008,0.196,0.296,0.14,0.196,0.196,0.86,0.9559999999999995,0.976,0.896,0.0,0.0,0.9597680990495406,0.0010830050477909252,0.007637030784,0.7457186576921011,0.0,0.0,1.0,0.7142857142857143,1.0,0.7142857142857143,1.0,0.8571428571428571,0.40540540540540543,-0.14771975468312798,0.8372093023255814,10.75,20,0.0,0.0,0.0,0.0,0.0,0.0,0.0,0.0,0.0,0.0,0.0,0.0,0.0,0.0,0.0,0.0,0.0,0.0,0.0,0.0,0.0,0.0,0.0,0.0,"{'g1_balanced': 2, 'g3_safe': 221, 'g0_aggressive': 19, 'g2_conservative': 8}",0.8208909749526967,1.2148909749526968,1.8328909749526967
smith,headroom_only,1,250,0.6273995996716364,0.192,0.08061031705734545,0.036,0.072,0.008,0.124,0.18,0.072,0.124,0.124,0.928,0.9626666666666667,0.972,0.916,0.0,0.0,1.0022043540704915,0.0013797824994284398,0.007437024905994181,0.7747227116737138,0.0,0.0,1.0,0.5806451612903226,1.0,0.5806451612903226,1.0,0.6111111111111112,0.24444444444444444,-0.14185303177544795,0.8103448275862069,15.466666666666667,15,0.0,0.0,0.0,0.0,0.0,0.0,0.0,0.0,0.0,0.0,0.0,0.0,0.0,0.0,0.0,0.0,0.0,0.0,0.0,0.0,0.0,0.0,0.0,0.0,"{'g0_aggressive': 8, 'g3_safe': 237, 'g2_conservative': 3, 'g1_balanced': 2}",0.8563995996716365,1.3053995996716363,2.0193995996716367
smith,rsrc_no_recovery,0,250,0.6208909749526966,0.272,0.0688165686285251,0.024,0.14,0.008,0.196,0.296,0.14,0.196,0.196,0.86,0.9559999999999995,0.976,0.896,0.0,0.0,0.9597680990495406,0.0010830050477909252,0.007637030784,0.7457186576921011,0.0,0.0,1.0,0.7142857142857143,1.0,0.7142857142857143,1.0,0.8571428571428571,0.40540540540540543,-0.14771975468312798,0.8372093023255814,10.75,20,0.0,0.0,0.0,0.0,0.0,0.0,0.0,0.0,0.0,0.0,0.0,0.0,0.0,0.0,0.0,0.0,0.0,0.0,0.0,0.0,0.0,0.0,0.0,0.0,"{'g1_balanced': 2, 'g3_safe': 221, 'g0_aggressive': 19, 'g2_conservative': 8}",0.8208909749526967,1.2148909749526968,1.8328909749526967
smith,rsrc_no_recovery,1,250,0.6273995996716364,0.192,0.08061031705734545,0.036,0.072,0.008,0.124,0.18,0.072,0.124,0.124,0.928,0.9626666666666667,0.972,0.916,0.0,0.0,1.0022043540704915,0.0013797824994284398,0.007437024905994181,0.7747227116737138,0.0,0.0,1.0,0.5806451612903226,1.0,0.5806451612903226,1.0,0.6111111111111112,0.24444444444444444,-0.14185303177544795,0.8103448275862069,15.466666666666667,15,0.0,0.0,0.0,0.0,0.0,0.0,0.0,0.0,0.0,0.0,0.0,0.0,0.0,0.0,0.0,0.0,0.0,0.0,0.0,0.0,0.0,0.0,0.0,0.0,"{'g0_aggressive': 8, 'g3_safe': 237, 'g2_conservative': 3, 'g1_balanced': 2}",0.8563995996716365,1.3053995996716363,2.0193995996716367
smith,rsrc_no_context,0,250,0.616645382554828,0.276,0.06884319196630441,0.024,0.136,0.012,0.2,0.296,0.136,0.2,0.2,0.864,0.9559999999999995,0.976,0.896,0.0,0.0,0.9571219484639342,0.0010828240746341403,0.007637030784,0.7442877785354727,0.0,0.0,1.0,0.68,1.0,0.68,1.0,0.8529411764705882,0.3918918918918919,-0.14959299885793323,0.8379629629629629,10.8,20,0.0,0.0,0.0,0.0,0.0,0.0,0.0,0.0,0.0,0.0,0.0,0.0,0.0,0.0,0.0,0.0,0.0,0.0,0.0,0.0,0.0,0.0,0.0,0.0,"{'g3_safe': 224, 'g0_aggressive': 19, 'g1_balanced': 1, 'g2_conservative': 6}",0.815645382554828,1.2076453825548281,1.8226453825548279
smith,rsrc_no_context,1,250,0.6273637097431376,0.192,0.08060647976200275,0.036,0.068,0.008,0.124,0.184,0.068,0.124,0.124,0.932,0.9626666666666667,0.972,0.916,0.0,0.0,1.0018351233012603,0.0013797824931468387,0.007437024905993544,0.77472271165064,0.0,0.0,1.0,0.5483870967741935,1.0,0.5483870967741935,1.0,0.6470588235294118,0.2391304347826087,-0.14229887641562652,0.8111587982832618,16.642857142857142,14,0.0,0.0,0.0,0.0,0.0,0.0,0.0,0.0,0.0,0.0,0.0,0.0,0.0,0.0,0.0,0.0,0.0,0.0,0.0,0.0,0.0,0.0,0.0,0.0,"{'g0_aggressive': 7, 'g3_safe': 237, 'g2_conservative': 5, 'g1_balanced': 1}",0.8563637097431376,1.3053637097431376,2.019363709743138
smith,minimal_verify,0,250,10.440384446938957,0.012,26.047856769803015,0.912,0.004,0.004,0.004,0.008,0.004,0.004,0.004,0.0,0.0,0.0,0.0,0.0,0.0,0.8813087625847893,0.007964383181156054,1.9653841250433228,1.8349019595807559,0.0,0.0,1.0,1.0,1.0,1.0,1.0,1.0,0.5,0.23418044188913226,0.05622489959839357,249.0,1,0.0,0.0,0.0,0.0,0.0,0.0,0.0,0.0,0.0,0.0,0.0,0.0,0.0,0.0,0.0,0.0,0.0,0.0,0.0,0.0,0.0,0.0,0.0,0.0,"{'g1_balanced': 1, 'g3_safe': 249}",11.371384446938956,13.005384446938956,16.48238444693896
smith,minimal_verify,1,250,12.02962602463715,0.008,28.550755816362045,0.952,0.004,0.004,0.008,0.008,0.004,0.008,0.008,0.0,0.0,0.0,0.0,0.0,0.0,0.884264434632239,0.008698472394352355,1.9683253705838903,1.8729781620804125,0.0,0.0,1.0,0.5,1.0,0.5,1.0,1.0,0.5,0.24987879823419754,0.04417670682730924,249.0,1,0.0,0.0,0.0,0.0,0.0,0.0,0.0,0.0,0.0,0.0,0.0,0.0,0.0,0.0,0.0,0.0,0.0,0.0,0.0,0.0,0.0,0.0,0.0,0.0,"{'g0_aggressive': 1, 'g3_safe': 249}",12.99162602463715,14.67762602463715,18.27762602463715
smith,plain_mpc,0,250,0.5637028060129597,0.128,0.08965972010266167,0.048,0.056,0.012,0.22,0.428,0.144,0.34,0.34,0.0,0.606666666666667,0.852,0.0,0.0,0.0,0.8975624131345499,0.0015863234208605677,0.286643020574121,0.7984252735816151,0.0,0.0,1.0,0.4235294117647059,1.0,0.4235294117647059,1.0,1.0,0.1308411214953271,-0.14256693841961265,0.8347457627118644,19.666666666666668,12,0.0,0.0,0.0,0.0,0.0,0.0,0.0,0.0,0.0,0.0,0.0,0.0,0.0,0.0,0.0,0.0,0.0,0.0,0.0,0.0,0.0,0.0,0.0,0.0,"{'g0_aggressive': 107, 'g3_safe': 109, 'g1_balanced': 19, 'g2_conservative': 15}",0.8177028060129597,1.3137028060129596,2.1117028060129597
smith,plain_mpc,1,250,0.5818824359870926,0.104,0.10902676359950964,0.06,0.032,0.012,0.208,0.372,0.12,0.292,0.292,0.0,0.6213333333333333,0.888,0.0,0.0,0.0,0.9154137203340991,0.0016272406186006215,0.2734504393710785,0.808544787914609,0.0,0.0,1.0,0.410958904109589,1.0,0.410958904109589,1.0,1.0,0.08602150537634409,-0.13529774017485238,0.8057851239669421,30.25,8,0.0,0.0,0.0,0.0,0.0,0.0,0.0,0.0,0.0,0.0,0.0,0.0,0.0,0.0,0.0,0.0,0.0,0.0,0.0,0.0,0.0,0.0,0.0,0.0,"{'g0_aggressive': 90, 'g3_safe': 106, 'g2_conservative': 27, 'g1_balanced': 27}",0.8508824359870926,1.3738824359870927,2.2258824359870926
