time_hours,survival,split,gate_group
0.0,1.0,repository_disjoint,routed
0.0005555555555555556,0.9995821145006268,repository_disjoint,routed
0.0011111111111111111,0.9983284580025074,repository_disjoint,routed
0.001388888888888889,0.9962390305056416,repository_disjoint,routed
0.0016666666666666668,0.9945674885081488,repository_disjoint,routed
0.0019444444444444444,0.9916422900125366,repository_disjoint,routed
0.0022222222222222222,0.9853740075219389,repository_disjoint,routed
0.0025,0.983284580025073,repository_disjoint,routed
0.002777777777777778,0.9786878395319681,repository_disjoint,routed
0.0030555555555555557,0.9720016715419973,repository_disjoint,routed
0.0033333333333333335,0.968658587547012,repository_disjoint,routed
0.003611111111111111,0.9644797325532802,repository_disjoint,routed
0.0038888888888888888,0.9628081905557876,repository_disjoint,routed
0.004166666666666667,0.9586293355620559,repository_disjoint,routed
0.0044444444444444444,0.9565399080651901,repository_disjoint,routed
0.004722222222222222,0.9544504805683243,repository_disjoint,routed
0.005,0.9519431675720852,repository_disjoint,routed
0.005277777777777778,0.9506895110739657,repository_disjoint,routed
0.005555555555555556,0.9494358545758462,repository_disjoint,routed
0.005833333333333334,0.9486000835770999,repository_disjoint,routed
0.006111111111111111,0.9469285415796073,repository_disjoint,routed
0.006388888888888889,0.9456748850814877,repository_disjoint,routed
0.006944444444444444,0.9452569995821145,repository_disjoint,routed
0.007222222222222222,0.944003343083995,repository_disjoint,routed
0.0075,0.9423318010865024,repository_disjoint,routed
0.0077777777777777776,0.9402423735896366,repository_disjoint,routed
0.008055555555555555,0.9398244880902634,repository_disjoint,routed
0.008333333333333333,0.9385708315921439,repository_disjoint,routed
0.008611111111111111,0.9377350605933976,repository_disjoint,routed
0.008888888888888889,0.9368992895946513,repository_disjoint,routed
0.009444444444444445,0.9364814040952781,repository_disjoint,routed
0.009722222222222222,0.9356456330965317,repository_disjoint,routed
0.01,0.9352277475971585,repository_disjoint,routed
0.010277777777777778,0.9339740910990391,repository_disjoint,routed
0.010555555555555556,0.9335562055996659,repository_disjoint,routed
0.010833333333333334,0.9327204346009196,repository_disjoint,routed
0.011111111111111112,0.9318846636021731,repository_disjoint,routed
0.011666666666666667,0.9314667781028,repository_disjoint,routed
0.011944444444444445,0.9302131216046805,repository_disjoint,routed
0.012777777777777779,0.9293773506059342,repository_disjoint,routed
0.013333333333333334,0.9285415796071879,repository_disjoint,routed
0.01361111111111111,0.9281236941078147,repository_disjoint,routed
0.013888888888888888,0.9277058086084415,repository_disjoint,routed
0.014166666666666666,0.9272879231090684,repository_disjoint,routed
0.014444444444444444,0.9268700376096952,repository_disjoint,routed
0.015,0.9256163811115756,repository_disjoint,routed
0.015555555555555555,0.9247806101128292,repository_disjoint,routed
0.015833333333333335,0.9239448391140828,repository_disjoint,routed
0.01611111111111111,0.9235269536147096,repository_disjoint,routed
0.01638888888888889,0.9226911826159633,repository_disjoint,routed
0.016666666666666666,0.9214375261178437,repository_disjoint,routed
0.016944444444444446,0.9201838696197242,repository_disjoint,routed
0.017222222222222222,0.9193480986209779,repository_disjoint,routed
0.0175,0.9185123276222316,repository_disjoint,routed
0.017777777777777778,0.9176765566234852,repository_disjoint,routed
0.018055555555555554,0.9168407856247389,repository_disjoint,routed
0.018333333333333333,0.9155871291266193,repository_disjoint,routed
0.02,0.9151692436272462,repository_disjoint,routed
0.020555555555555556,0.9143334726284998,repository_disjoint,routed
0.021111111111111112,0.9134977016297535,repository_disjoint,routed
0.021388888888888888,0.9126619306310072,repository_disjoint,routed
0.021666666666666667,0.912244045131634,repository_disjoint,routed
0.021944444444444444,0.9114082741328876,repository_disjoint,routed
0.022222222222222223,0.9109903886335144,repository_disjoint,routed
0.02277777777777778,0.9105725031341413,repository_disjoint,routed
0.023055555555555555,0.9101546176347681,repository_disjoint,routed
0.02388888888888889,0.909736732135395,repository_disjoint,routed
0.025555555555555557,0.9093188466360218,repository_disjoint,routed
0.026111111111111113,0.9089009611366486,repository_disjoint,routed
0.02638888888888889,0.9084830756372754,repository_disjoint,routed
0.026944444444444444,0.907647304638529,repository_disjoint,routed
0.02722222222222222,0.9072294191391559,repository_disjoint,routed
0.027777777777777776,0.9068115336397826,repository_disjoint,routed
0.028055555555555556,0.9063936481404095,repository_disjoint,routed
0.028333333333333332,0.9055578771416631,repository_disjoint,routed
0.02861111111111111,0.9047221061429167,repository_disjoint,routed
0.03027777777777778,0.9043042206435435,repository_disjoint,routed
0.030555555555555555,0.9038863351441704,repository_disjoint,routed
0.03111111111111111,0.9034684496447972,repository_disjoint,routed
0.03138888888888889,0.9030505641454241,repository_disjoint,routed
0.03277777777777778,0.9026326786460509,repository_disjoint,routed
0.03361111111111111,0.9022147931466777,repository_disjoint,routed
0.034166666666666665,0.9017969076473046,repository_disjoint,routed
0.034722222222222224,0.9013790221479314,repository_disjoint,routed
0.035,0.9009611366485583,repository_disjoint,routed
0.035555555555555556,0.9005432511491851,repository_disjoint,routed
0.03666666666666667,0.9001253656498119,repository_disjoint,routed
0.036944444444444446,0.8997074801504388,repository_disjoint,routed
0.0375,0.8992895946510656,repository_disjoint,routed
0.03805555555555556,0.8988717091516925,repository_disjoint,routed
0.03861111111111111,0.8984538236523193,repository_disjoint,routed
0.03888888888888889,0.8980359381529461,repository_disjoint,routed
0.03916666666666667,0.897618052653573,repository_disjoint,routed
0.03972222222222222,0.8972001671541998,repository_disjoint,routed
0.04055555555555555,0.8963643961554535,repository_disjoint,routed
0.04083333333333333,0.8959465106560803,repository_disjoint,routed
0.04138888888888889,0.8946928541579607,repository_disjoint,routed
0.041944444444444444,0.8942749686585876,repository_disjoint,routed
0.042777777777777776,0.8938570831592144,repository_disjoint,routed
0.043333333333333335,0.8934391976598413,repository_disjoint,routed
0.04388888888888889,0.8930213121604681,repository_disjoint,routed
0.04472222222222222,0.8926034266610949,repository_disjoint,routed
0.045,0.8921855411617218,repository_disjoint,routed
0.04527777777777778,0.8917676556623486,repository_disjoint,routed
0.04583333333333333,0.8909318846636023,repository_disjoint,routed
0.04666666666666667,0.8905139991642291,repository_disjoint,routed
0.0475,0.890096113664856,repository_disjoint,routed
0.04805555555555555,0.8896782281654828,repository_disjoint,routed
0.04833333333333333,0.8892603426661096,repository_disjoint,routed
0.04861111111111111,0.8888424571667365,repository_disjoint,routed
0.049444444444444444,0.8880066861679902,repository_disjoint,routed
0.04972222222222222,0.8871709151692438,repository_disjoint,routed
0.050833333333333335,0.8867530296698707,repository_disjoint,routed
0.051111111111111114,0.8863351441704975,repository_disjoint,routed
0.05305555555555556,0.8854993731717512,repository_disjoint,routed
0.05444444444444444,0.885081487672378,repository_disjoint,routed
0.05472222222222222,0.8838278311742586,repository_disjoint,routed
0.05527777777777778,0.8834099456748854,repository_disjoint,routed
0.05555555555555555,0.8829920601755122,repository_disjoint,routed
0.05583333333333333,0.8821562891767659,repository_disjoint,routed
0.05638888888888889,0.8809026326786464,repository_disjoint,routed
0.056666666666666664,0.8804847471792733,repository_disjoint,routed
0.05722222222222222,0.8800668616799001,repository_disjoint,routed
0.057777777777777775,0.879648976180527,repository_disjoint,routed
0.06027777777777778,0.8792310906811538,repository_disjoint,routed
0.06055555555555556,0.8783953196824075,repository_disjoint,routed
0.060833333333333336,0.8779774341830342,repository_disjoint,routed
0.06138888888888889,0.877559548683661,repository_disjoint,routed
0.06222222222222222,0.8771416631842879,repository_disjoint,routed
0.0625,0.8767237776849147,repository_disjoint,routed
0.06333333333333334,0.8758880066861684,repository_disjoint,routed
0.0636111111111111,0.8754701211867952,repository_disjoint,routed
0.06388888888888888,0.8750522356874221,repository_disjoint,routed
0.06416666666666666,0.8742164646886758,repository_disjoint,routed
0.06444444444444444,0.8733806936899294,repository_disjoint,routed
0.065,0.8725449226911831,repository_disjoint,routed
0.06527777777777778,0.87212703719181,repository_disjoint,routed
0.06666666666666667,0.8712912661930636,repository_disjoint,routed
0.0675,0.8704554951943173,repository_disjoint,routed
0.06777777777777778,0.8700376096949441,repository_disjoint,routed
0.06805555555555555,0.869619724195571,repository_disjoint,routed
0.06833333333333333,0.8692018386961978,repository_disjoint,routed
0.06944444444444445,0.8687839531968247,repository_disjoint,routed
0.07027777777777777,0.8679481821980783,repository_disjoint,routed
0.07055555555555555,0.867112411199332,repository_disjoint,routed
0.07277777777777777,0.8666945256999589,repository_disjoint,routed
0.07305555555555555,0.8662766402005857,repository_disjoint,routed
0.07361111111111111,0.8658587547012124,repository_disjoint,routed
0.07444444444444444,0.8654408692018393,repository_disjoint,routed
0.0763888888888889,0.8650229837024661,repository_disjoint,routed
0.07694444444444444,0.864605098203093,repository_disjoint,routed
0.07777777777777778,0.8641872127037198,repository_disjoint,routed
0.07944444444444444,0.8633514417049735,repository_disjoint,routed
0.0811111111111111,0.8625156707062271,repository_disjoint,routed
0.08138888888888889,0.862097785206854,repository_disjoint,routed
0.08166666666666667,0.8616798997074808,repository_disjoint,routed
0.0825,0.8612620142081077,repository_disjoint,routed
0.08277777777777778,0.8608441287087345,repository_disjoint,routed
0.08611111111111111,0.8604262432093613,repository_disjoint,routed
0.08666666666666667,0.859590472210615,repository_disjoint,routed
0.08833333333333333,0.8591725867112419,repository_disjoint,routed
0.08861111111111111,0.8583368157124955,repository_disjoint,routed
0.08916666666666667,0.8579189302131224,repository_disjoint,routed
0.09,0.8575010447137492,repository_disjoint,routed
0.09055555555555556,0.8570831592143761,repository_disjoint,routed
0.09222222222222222,0.8566652737150029,repository_disjoint,routed
0.09361111111111112,0.8562473882156297,repository_disjoint,routed
0.09444444444444444,0.8558295027162566,repository_disjoint,routed
0.095,0.8554116172168834,repository_disjoint,routed
0.09583333333333334,0.8549937317175103,repository_disjoint,routed
0.0961111111111111,0.8545758462181371,repository_disjoint,routed
0.0975,0.8541579607187639,repository_disjoint,routed
0.09777777777777778,0.8537400752193908,repository_disjoint,routed
0.09805555555555556,0.8533221897200176,repository_disjoint,routed
0.09861111111111111,0.8529043042206444,repository_disjoint,routed
0.09916666666666667,0.8524864187212713,repository_disjoint,routed
0.10277777777777777,0.8520685332218981,repository_disjoint,routed
0.10388888888888889,0.851650647722525,repository_disjoint,routed
0.10444444444444445,0.8512327622231518,repository_disjoint,routed
0.10472222222222222,0.8508148767237786,repository_disjoint,routed
0.10555555555555556,0.8503969912244055,repository_disjoint,routed
0.1063888888888889,0.8499791057250323,repository_disjoint,routed
0.10694444444444444,0.8495612202256592,repository_disjoint,routed
0.11027777777777778,0.849143334726286,repository_disjoint,routed
0.11138888888888888,0.8487254492269128,repository_disjoint,routed
0.11194444444444444,0.8483075637275397,repository_disjoint,routed
0.11222222222222222,0.8478896782281665,repository_disjoint,routed
0.11361111111111111,0.8474717927287934,repository_disjoint,routed
0.11388888888888889,0.8470539072294202,repository_disjoint,routed
0.11472222222222223,0.846636021730047,repository_disjoint,routed
0.11527777777777778,0.8462181362306739,repository_disjoint,routed
0.11611111111111111,0.8458002507313007,repository_disjoint,routed
0.1175,0.8453823652319274,repository_disjoint,routed
0.11805555555555555,0.8449644797325543,repository_disjoint,routed
0.11972222222222222,0.8437108232344348,repository_disjoint,routed
0.12083333333333333,0.8428750522356885,repository_disjoint,routed
0.1213888888888889,0.8424571667363153,repository_disjoint,routed
0.12305555555555556,0.841621395737569,repository_disjoint,routed
0.12361111111111112,0.8412035102381958,repository_disjoint,routed
0.1238888888888889,0.8407856247388227,repository_disjoint,routed
0.12472222222222222,0.8403677392394495,repository_disjoint,routed
0.125,0.8399498537400764,repository_disjoint,routed
0.12527777777777777,0.8395319682407032,repository_disjoint,routed
0.12666666666666668,0.83911408274133,repository_disjoint,routed
0.12805555555555556,0.8386961972419569,repository_disjoint,routed
0.12833333333333333,0.8382783117425837,repository_disjoint,routed
0.12861111111111112,0.8378604262432106,repository_disjoint,routed
0.13166666666666665,0.8374425407438374,repository_disjoint,routed
0.13277777777777777,0.8370246552444642,repository_disjoint,routed
0.13472222222222222,0.8366067697450911,repository_disjoint,routed
0.135,0.8361888842457179,repository_disjoint,routed
0.13527777777777777,0.8353531132469716,repository_disjoint,routed
0.13694444444444445,0.8349352277475984,repository_disjoint,routed
0.13722222222222222,0.8340994567488521,repository_disjoint,routed
0.13944444444444445,0.833681571249479,repository_disjoint,routed
0.13972222222222222,0.8332636857501058,repository_disjoint,routed
0.14083333333333334,0.8328458002507326,repository_disjoint,routed
0.1411111111111111,0.8324279147513595,repository_disjoint,routed
0.1413888888888889,0.83117425825324,repository_disjoint,routed
0.14166666666666666,0.8307563727538668,repository_disjoint,routed
0.14277777777777778,0.8303384872544937,repository_disjoint,routed
0.1438888888888889,0.8299206017551204,repository_disjoint,routed
0.14416666666666667,0.8295027162557472,repository_disjoint,routed
0.14472222222222222,0.8290848307563741,repository_disjoint,routed
0.14666666666666667,0.8286669452570009,repository_disjoint,routed
0.14694444444444443,0.8282490597576277,repository_disjoint,routed
0.14888888888888888,0.8278311742582546,repository_disjoint,routed
0.14916666666666667,0.8274132887588814,repository_disjoint,routed
0.15083333333333335,0.8269954032595083,repository_disjoint,routed
0.1511111111111111,0.8265775177601351,repository_disjoint,routed
0.15138888888888888,0.826159632260762,repository_disjoint,routed
0.15194444444444444,0.8253238612620156,repository_disjoint,routed
0.15222222222222223,0.8249059757626425,repository_disjoint,routed
0.1527777777777778,0.8244880902632693,repository_disjoint,routed
0.15361111111111111,0.8240702047638961,repository_disjoint,routed
0.15527777777777776,0.823652319264523,repository_disjoint,routed
0.15583333333333332,0.8232344337651498,repository_disjoint,routed
0.15777777777777777,0.8228165482657767,repository_disjoint,routed
0.15833333333333333,0.8223986627664035,repository_disjoint,routed
0.15888888888888889,0.8219807772670303,repository_disjoint,routed
0.16083333333333333,0.8215628917676572,repository_disjoint,routed
0.16361111111111112,0.821145006268284,repository_disjoint,routed
0.1675,0.8207271207689109,repository_disjoint,routed
0.16805555555555557,0.8203092352695377,repository_disjoint,routed
0.16972222222222222,0.8198913497701645,repository_disjoint,routed
0.17,0.8194734642707914,repository_disjoint,routed
0.17416666666666666,0.8190555787714182,repository_disjoint,routed
0.175,0.818637693272045,repository_disjoint,routed
0.17805555555555555,0.8182198077726719,repository_disjoint,routed
0.1811111111111111,0.8178019222732987,repository_disjoint,routed
0.18194444444444444,0.8173840367739256,repository_disjoint,routed
0.18472222222222223,0.8169661512745524,repository_disjoint,routed
0.185,0.8165482657751792,repository_disjoint,routed
0.18583333333333332,0.8161303802758061,repository_disjoint,routed
0.18777777777777777,0.8157124947764329,repository_disjoint,routed
0.19055555555555556,0.8152946092770598,repository_disjoint,routed
0.19083333333333333,0.8148767237776866,repository_disjoint,routed
0.1922222222222222,0.8144588382783134,repository_disjoint,routed
0.19277777777777777,0.8140409527789403,repository_disjoint,routed
0.19333333333333333,0.8136230672795671,repository_disjoint,routed
0.19361111111111112,0.813205181780194,repository_disjoint,routed
0.19611111111111112,0.8127872962808208,repository_disjoint,routed
0.1963888888888889,0.8119515252820744,repository_disjoint,routed
0.19833333333333333,0.8115336397827012,repository_disjoint,routed
0.2011111111111111,0.811115754283328,repository_disjoint,routed
0.205,0.8106978687839549,repository_disjoint,routed
0.20777777777777778,0.8102799832845817,repository_disjoint,routed
0.20944444444444443,0.8098620977852086,repository_disjoint,routed
0.21166666666666667,0.8094442122858354,repository_disjoint,routed
0.21222222222222223,0.8090263267864622,repository_disjoint,routed
0.2127777777777778,0.8086084412870891,repository_disjoint,routed
0.21333333333333335,0.8081905557877159,repository_disjoint,routed
0.21472222222222223,0.8077726702883428,repository_disjoint,routed
0.2152777777777778,0.8073547847889696,repository_disjoint,routed
0.21666666666666667,0.8069368992895964,repository_disjoint,routed
0.21805555555555556,0.8065190137902233,repository_disjoint,routed
0.21833333333333332,0.8061011282908501,repository_disjoint,routed
0.22416666666666665,0.805683242791477,repository_disjoint,routed
0.22444444444444445,0.8052653572921038,repository_disjoint,routed
0.22527777777777777,0.8048474717927306,repository_disjoint,routed
0.22777777777777777,0.8044295862933575,repository_disjoint,routed
0.2286111111111111,0.8040117007939843,repository_disjoint,routed
0.22944444444444445,0.8035938152946112,repository_disjoint,routed
0.23194444444444445,0.803175929795238,repository_disjoint,routed
0.23277777777777778,0.8027580442958648,repository_disjoint,routed
0.23333333333333334,0.8023401587964917,repository_disjoint,routed
0.23555555555555555,0.8019222732971185,repository_disjoint,routed
0.2375,0.8015043877977454,repository_disjoint,routed
0.23805555555555555,0.8010865022983721,repository_disjoint,routed
0.23916666666666667,0.8006686167989989,repository_disjoint,routed
0.2411111111111111,0.8002507312996258,repository_disjoint,routed
0.24194444444444443,0.7998328458002526,repository_disjoint,routed
0.24305555555555555,0.7994149603008794,repository_disjoint,routed
0.2436111111111111,0.7985791893021331,repository_disjoint,routed
0.24888888888888888,0.79816130380276,repository_disjoint,routed
0.24972222222222223,0.7977434183033868,repository_disjoint,routed
0.2511111111111111,0.7973255328040136,repository_disjoint,routed
0.25166666666666665,0.7964897618052673,repository_disjoint,routed
0.25416666666666665,0.7960718763058942,repository_disjoint,routed
0.25472222222222224,0.795653990806521,repository_disjoint,routed
0.25555555555555554,0.7952361053071478,repository_disjoint,routed
0.25805555555555554,0.7948182198077747,repository_disjoint,routed
0.25916666666666666,0.7944003343084015,repository_disjoint,routed
0.25972222222222224,0.7935645633096552,repository_disjoint,routed
0.2619444444444444,0.793146677810282,repository_disjoint,routed
0.2627777777777778,0.7927287923109089,repository_disjoint,routed
0.26305555555555554,0.7923109068115357,repository_disjoint,routed
0.26805555555555555,0.7914751358127893,repository_disjoint,routed
0.2688888888888889,0.7910572503134161,repository_disjoint,routed
0.26916666666666667,0.7902214793146698,repository_disjoint,routed
0.2697222222222222,0.7898035938152966,repository_disjoint,routed
0.2713888888888889,0.7893857083159235,repository_disjoint,routed
0.2722222222222222,0.7889678228165503,repository_disjoint,routed
0.2725,0.7885499373171772,repository_disjoint,routed
0.2727777777777778,0.788132051817804,repository_disjoint,routed
0.27361111111111114,0.7877141663184308,repository_disjoint,routed
0.2738888888888889,0.7872962808190577,repository_disjoint,routed
0.27555555555555555,0.7868783953196844,repository_disjoint,routed
0.27694444444444444,0.7864605098203112,repository_disjoint,routed
0.27805555555555556,0.7860426243209381,repository_disjoint,routed
0.2783333333333333,0.7856247388215649,repository_disjoint,routed
0.2852777777777778,0.7852068533221918,repository_disjoint,routed
0.28694444444444445,0.7847889678228186,repository_disjoint,routed
0.2875,0.7843710823234454,repository_disjoint,routed
0.2886111111111111,0.7839531968240723,repository_disjoint,routed
0.29,0.7835353113246991,repository_disjoint,routed
0.29055555555555557,0.783117425825326,repository_disjoint,routed
0.2941666666666667,0.7826995403259528,repository_disjoint,routed
0.2947222222222222,0.7822816548265796,repository_disjoint,routed
0.2966666666666667,0.7814458838278333,repository_disjoint,routed
0.2972222222222222,0.7810279983284601,repository_disjoint,routed
0.2975,0.7801922273297138,repository_disjoint,routed
0.29777777777777775,0.7793564563309675,repository_disjoint,routed
0.29833333333333334,0.7789385708315943,repository_disjoint,routed
0.3025,0.7785206853322212,repository_disjoint,routed
0.305,0.778102799832848,repository_disjoint,routed
0.30527777777777776,0.7776849143334749,repository_disjoint,routed
0.30916666666666665,0.7772670288341017,repository_disjoint,routed
0.30972222222222223,0.7768491433347285,repository_disjoint,routed
0.3113888888888889,0.7764312578353554,repository_disjoint,routed
0.31194444444444447,0.7760133723359822,repository_disjoint,routed
0.3125,0.7755954868366091,repository_disjoint,routed
0.31777777777777777,0.7751776013372359,repository_disjoint,routed
0.3188888888888889,0.7747597158378627,repository_disjoint,routed
0.3194444444444444,0.7743418303384896,repository_disjoint,routed
0.32,0.7739239448391164,repository_disjoint,routed
0.3202777777777778,0.7735060593397433,repository_disjoint,routed
0.32222222222222224,0.7730881738403701,repository_disjoint,routed
0.325,0.7726702883409969,repository_disjoint,routed
0.3258333333333333,0.7722524028416238,repository_disjoint,routed
0.3275,0.7718345173422506,repository_disjoint,routed
0.3325,0.7714166318428775,repository_disjoint,routed
0.33416666666666667,0.7709987463435043,repository_disjoint,routed
0.335,0.7705808608441311,repository_disjoint,routed
0.3386111111111111,0.770162975344758,repository_disjoint,routed
0.34,0.7697450898453848,repository_disjoint,routed
0.3402777777777778,0.7693272043460117,repository_disjoint,routed
0.3436111111111111,0.7689093188466385,repository_disjoint,routed
0.34555555555555556,0.7684914333472653,repository_disjoint,routed
0.3475,0.7680735478478922,repository_disjoint,routed
0.35138888888888886,0.767655662348519,repository_disjoint,routed
0.35444444444444445,0.7672377768491458,repository_disjoint,routed
0.35583333333333333,0.7668198913497727,repository_disjoint,routed
0.3586111111111111,0.7664020058503995,repository_disjoint,routed
0.3597222222222222,0.7659841203510264,repository_disjoint,routed
0.3611111111111111,0.7655662348516532,repository_disjoint,routed
0.3625,0.76514834935228,repository_disjoint,routed
0.36333333333333334,0.7647304638529069,repository_disjoint,routed
0.36527777777777776,0.7643125783535337,repository_disjoint,routed
0.3686111111111111,0.7638946928541606,repository_disjoint,routed
0.37,0.7634768073547874,repository_disjoint,routed
0.37416666666666665,0.7630589218554142,repository_disjoint,routed
0.37527777777777777,0.7626410363560411,repository_disjoint,routed
0.37583333333333335,0.7622231508566679,repository_disjoint,routed
0.3775,0.7613873798579216,repository_disjoint,routed
0.38222222222222224,0.7609694943585484,repository_disjoint,routed
0.38916666666666666,0.7605516088591753,repository_disjoint,routed
0.3902777777777778,0.7601337233598021,repository_disjoint,routed
0.39166666666666666,0.759715837860429,repository_disjoint,routed
0.3938888888888889,0.7588800668616826,repository_disjoint,routed
0.3952777777777778,0.7584621813623095,repository_disjoint,routed
0.39694444444444443,0.7580442958629363,repository_disjoint,routed
0.3983333333333333,0.7576264103635632,repository_disjoint,routed
0.3988888888888889,0.75720852486419,repository_disjoint,routed
0.39916666666666667,0.7567906393648168,repository_disjoint,routed
0.40194444444444444,0.7563727538654437,repository_disjoint,routed
0.40305555555555556,0.7559548683660705,repository_disjoint,routed
0.4041666666666667,0.7555369828666973,repository_disjoint,routed
0.40444444444444444,0.7551190973673242,repository_disjoint,routed
0.4097222222222222,0.754701211867951,repository_disjoint,routed
0.4127777777777778,0.7542833263685779,repository_disjoint,routed
0.4136111111111111,0.7538654408692047,repository_disjoint,routed
0.41388888888888886,0.7534475553698315,repository_disjoint,routed
0.41805555555555557,0.7530296698704584,repository_disjoint,routed
0.42694444444444446,0.7526117843710852,repository_disjoint,routed
0.4272222222222222,0.7521938988717121,repository_disjoint,routed
0.4280555555555556,0.7517760133723389,repository_disjoint,routed
0.43472222222222223,0.7513581278729657,repository_disjoint,routed
0.4361111111111111,0.7509402423735926,repository_disjoint,routed
0.4444444444444444,0.7505223568742194,repository_disjoint,routed
0.44722222222222224,0.7501044713748463,repository_disjoint,routed
0.4627777777777778,0.7496865858754731,repository_disjoint,routed
0.4658333333333333,0.7492687003760999,repository_disjoint,routed
0.4677777777777778,0.7488508148767268,repository_disjoint,routed
0.46805555555555556,0.7484329293773536,repository_disjoint,routed
0.4688888888888889,0.7480150438779805,repository_disjoint,routed
0.47055555555555556,0.7475971583786073,repository_disjoint,routed
0.4727777777777778,0.7471792728792341,repository_disjoint,routed
0.4736111111111111,0.746761387379861,repository_disjoint,routed
0.47944444444444445,0.7463435018804878,repository_disjoint,routed
0.48,0.7459256163811147,repository_disjoint,routed
0.4816666666666667,0.7455077308817415,repository_disjoint,routed
0.48777777777777775,0.7450898453823683,repository_disjoint,routed
0.49166666666666664,0.7446719598829952,repository_disjoint,routed
0.49333333333333335,0.744254074383622,repository_disjoint,routed
0.4936111111111111,0.7438361888842489,repository_disjoint,routed
0.49527777777777776,0.7434183033848757,repository_disjoint,routed
0.5022222222222222,0.7430004178855025,repository_disjoint,routed
0.5036111111111111,0.7425825323861294,repository_disjoint,routed
0.5044444444444445,0.7421646468867562,repository_disjoint,routed
0.5047222222222222,0.741746761387383,repository_disjoint,routed
0.5055555555555555,0.7409109903886367,repository_disjoint,routed
0.5058333333333334,0.7404931048892636,repository_disjoint,routed
0.5069444444444444,0.7396573338905172,repository_disjoint,routed
0.5072222222222222,0.7388215628917709,repository_disjoint,routed
0.5077777777777778,0.7384036773923978,repository_disjoint,routed
0.5083333333333333,0.7379857918930246,repository_disjoint,routed
0.5097222222222222,0.7375679063936514,repository_disjoint,routed
0.5111111111111111,0.7371500208942783,repository_disjoint,routed
0.5116666666666667,0.7367321353949051,repository_disjoint,routed
0.5147222222222222,0.736314249895532,repository_disjoint,routed
0.5161111111111111,0.7358963643961588,repository_disjoint,routed
0.5202777777777777,0.7354784788967856,repository_disjoint,routed
0.5216666666666666,0.7350605933974125,repository_disjoint,routed
0.5316666666666666,0.7346427078980393,repository_disjoint,routed
0.5322222222222223,0.7342248223986662,repository_disjoint,routed
0.535,0.733806936899293,repository_disjoint,routed
0.5372222222222223,0.7333890513999198,repository_disjoint,routed
0.5377777777777778,0.7329711659005467,repository_disjoint,routed
0.5402777777777777,0.7325532804011735,repository_disjoint,routed
0.5436111111111112,0.7321353949018004,repository_disjoint,routed
0.5461111111111111,0.7317175094024272,repository_disjoint,routed
0.5472222222222223,0.731299623903054,repository_disjoint,routed
0.55,0.7308817384036809,repository_disjoint,routed
0.5530555555555555,0.7304638529043077,repository_disjoint,routed
0.5558333333333333,0.7300459674049345,repository_disjoint,routed
0.56,0.7296280819055614,repository_disjoint,routed
0.5611111111111111,0.7292101964061882,repository_disjoint,routed
0.5630555555555555,0.7283744254074419,repository_disjoint,routed
0.5633333333333334,0.7279565399080687,repository_disjoint,routed
0.5663888888888889,0.7271207689093224,repository_disjoint,routed
0.5666666666666667,0.7267028834099493,repository_disjoint,routed
0.5683333333333334,0.7262849979105761,repository_disjoint,routed
0.5766666666666667,0.7258671124112029,repository_disjoint,routed
0.5772222222222222,0.7254492269118298,repository_disjoint,routed
0.58,0.7250313414124566,repository_disjoint,routed
0.5833333333333334,0.7246134559130835,repository_disjoint,routed
0.5836111111111111,0.7241955704137103,repository_disjoint,routed
0.5841666666666666,0.7237776849143371,repository_disjoint,routed
0.585,0.723359799414964,repository_disjoint,routed
0.5855555555555556,0.7229419139155908,repository_disjoint,routed
0.5866666666666667,0.7221061429168444,repository_disjoint,routed
0.5913888888888889,0.7216882574174712,repository_disjoint,routed
0.5972222222222222,0.7212703719180981,repository_disjoint,routed
0.5988888888888889,0.7208524864187249,repository_disjoint,routed
0.5997222222222223,0.7204346009193517,repository_disjoint,routed
0.6058333333333333,0.7195988299206054,repository_disjoint,routed
0.6075,0.7191809444212323,repository_disjoint,routed
0.6086111111111111,0.7187630589218591,repository_disjoint,routed
0.6122222222222222,0.7179272879231128,repository_disjoint,routed
0.6188888888888889,0.7175094024237396,repository_disjoint,routed
0.6272222222222222,0.7170915169243665,repository_disjoint,routed
0.6355555555555555,0.7162557459256201,repository_disjoint,routed
0.6372222222222222,0.715837860426247,repository_disjoint,routed
0.6386111111111111,0.7154199749268738,repository_disjoint,routed
0.6411111111111111,0.7150020894275007,repository_disjoint,routed
0.6527777777777778,0.7145842039281275,repository_disjoint,routed
0.6544444444444445,0.7141663184287543,repository_disjoint,routed
0.6575,0.7137484329293812,repository_disjoint,routed
0.66,0.713330547430008,repository_disjoint,routed
0.6666666666666666,0.7129126619306349,repository_disjoint,routed
0.6688888888888889,0.7124947764312617,repository_disjoint,routed
0.6733333333333333,0.7120768909318885,repository_disjoint,routed
0.6744444444444444,0.7116590054325154,repository_disjoint,routed
0.6797222222222222,0.7112411199331422,repository_disjoint,routed
0.6808333333333333,0.710823234433769,repository_disjoint,routed
0.6827777777777778,0.7104053489343959,repository_disjoint,routed
0.6861111111111111,0.7099874634350227,repository_disjoint,routed
0.6866666666666666,0.7095695779356496,repository_disjoint,routed
0.6966666666666667,0.7091516924362764,repository_disjoint,routed
0.6997222222222222,0.7087338069369032,repository_disjoint,routed
0.7116666666666667,0.7083159214375301,repository_disjoint,routed
0.7130555555555556,0.7078980359381569,repository_disjoint,routed
0.7138888888888889,0.7074801504387838,repository_disjoint,routed
0.7263888888888889,0.7070622649394106,repository_disjoint,routed
0.7302777777777778,0.7066443794400374,repository_disjoint,routed
0.7319444444444444,0.7062264939406643,repository_disjoint,routed
0.7366666666666667,0.7058086084412911,repository_disjoint,routed
0.7416666666666667,0.705390722941918,repository_disjoint,routed
0.7436111111111111,0.7049728374425448,repository_disjoint,routed
0.7461111111111111,0.7045549519431716,repository_disjoint,routed
0.7577777777777778,0.7041370664437985,repository_disjoint,routed
0.76,0.7037191809444253,repository_disjoint,routed
0.7616666666666667,0.7033012954450522,repository_disjoint,routed
0.7672222222222222,0.702883409945679,repository_disjoint,routed
0.7730555555555556,0.7024655244463058,repository_disjoint,routed
0.7733333333333333,0.7020476389469327,repository_disjoint,routed
0.7744444444444445,0.7016297534475595,repository_disjoint,routed
0.775,0.7012118679481864,repository_disjoint,routed
0.7911111111111111,0.7007939824488132,repository_disjoint,routed
0.7938888888888889,0.70037609694944,repository_disjoint,routed
0.7963888888888889,0.6999582114500669,repository_disjoint,routed
0.7991666666666667,0.6995403259506937,repository_disjoint,routed
0.8061111111111111,0.6991224404513205,repository_disjoint,routed
0.8080555555555555,0.6987045549519474,repository_disjoint,routed
0.8141666666666667,0.6982866694525742,repository_disjoint,routed
0.8180555555555555,0.6978687839532011,repository_disjoint,routed
0.8247222222222222,0.6974508984538279,repository_disjoint,routed
0.8252777777777778,0.6970330129544547,repository_disjoint,routed
0.8280555555555555,0.6966151274550816,repository_disjoint,routed
0.8322222222222222,0.6961972419557084,repository_disjoint,routed
0.8325,0.6957793564563353,repository_disjoint,routed
0.8347222222222223,0.6953614709569621,repository_disjoint,routed
0.8386111111111111,0.6949435854575889,repository_disjoint,routed
0.8430555555555556,0.6945256999582158,repository_disjoint,routed
0.8447222222222223,0.6941078144588426,repository_disjoint,routed
0.8477777777777777,0.6936899289594695,repository_disjoint,routed
0.8516666666666667,0.6932720434600963,repository_disjoint,routed
0.8572222222222222,0.6928541579607231,repository_disjoint,routed
0.8591666666666666,0.69243627246135,repository_disjoint,routed
0.8763888888888889,0.6920183869619768,repository_disjoint,routed
0.8772222222222222,0.6916005014626037,repository_disjoint,routed
0.8902777777777777,0.6911826159632305,repository_disjoint,routed
0.8916666666666667,0.6907647304638573,repository_disjoint,routed
0.8997222222222222,0.6903468449644842,repository_disjoint,routed
0.9016666666666666,0.689928959465111,repository_disjoint,routed
0.905,0.6895110739657379,repository_disjoint,routed
0.9113888888888889,0.6890931884663647,repository_disjoint,routed
0.9125,0.6882574174676184,repository_disjoint,routed
0.9222222222222223,0.6878395319682452,repository_disjoint,routed
0.9225,0.687421646468872,repository_disjoint,routed
0.9255555555555556,0.6870037609694989,repository_disjoint,routed
0.9355555555555556,0.6865858754701257,repository_disjoint,routed
0.9386111111111111,0.6861679899707526,repository_disjoint,routed
0.9408333333333333,0.6857501044713794,repository_disjoint,routed
0.9444444444444444,0.6853322189720062,repository_disjoint,routed
0.9480555555555555,0.6849143334726331,repository_disjoint,routed
0.9483333333333334,0.6844964479732599,repository_disjoint,routed
0.9586111111111111,0.6840785624738868,repository_disjoint,routed
0.9663888888888889,0.6836606769745136,repository_disjoint,routed
0.9691666666666666,0.6832427914751404,repository_disjoint,routed
0.98,0.6828249059757673,repository_disjoint,routed
0.9841666666666666,0.6824070204763941,repository_disjoint,routed
0.9991666666666666,0.681989134977021,repository_disjoint,routed
1.0030555555555556,0.6815712494776478,repository_disjoint,routed
1.0038888888888888,0.6811533639782746,repository_disjoint,routed
1.0122222222222221,0.6807354784789015,repository_disjoint,routed
1.0127777777777778,0.6803175929795283,repository_disjoint,routed
1.0138888888888888,0.6798997074801552,repository_disjoint,routed
1.0186111111111111,0.679481821980782,repository_disjoint,routed
1.0219444444444445,0.6790639364814088,repository_disjoint,routed
1.0255555555555556,0.6786460509820357,repository_disjoint,routed
1.03,0.6782281654826625,repository_disjoint,routed
1.0308333333333333,0.6778102799832894,repository_disjoint,routed
1.0330555555555556,0.6773923944839162,repository_disjoint,routed
1.033611111111111,0.6765566234851699,repository_disjoint,routed
1.0416666666666667,0.6761387379857967,repository_disjoint,routed
1.0563888888888888,0.6757208524864236,repository_disjoint,routed
1.0586111111111112,0.6753029669870504,repository_disjoint,routed
1.0686111111111112,0.6748850814876772,repository_disjoint,routed
1.0805555555555555,0.6744671959883041,repository_disjoint,routed
1.0894444444444444,0.6740493104889309,repository_disjoint,routed
1.106111111111111,0.6736314249895577,repository_disjoint,routed
1.1069444444444445,0.6732135394901846,repository_disjoint,routed
1.1141666666666667,0.6727956539908114,repository_disjoint,routed
1.1263888888888889,0.6723777684914383,repository_disjoint,routed
1.1272222222222221,0.6719598829920651,repository_disjoint,routed
1.1425,0.6715419974926919,repository_disjoint,routed
1.1433333333333333,0.6711241119933188,repository_disjoint,routed
1.156111111111111,0.6707062264939456,repository_disjoint,routed
1.1577777777777778,0.6702883409945725,repository_disjoint,routed
1.1616666666666666,0.6698704554951993,repository_disjoint,routed
1.1666666666666667,0.6694525699958261,repository_disjoint,routed
1.1736111111111112,0.669034684496453,repository_disjoint,routed
1.173888888888889,0.6686167989970798,repository_disjoint,routed
1.1752777777777779,0.6681989134977067,repository_disjoint,routed
1.1908333333333334,0.6677810279983335,repository_disjoint,routed
1.1916666666666667,0.6673631424989603,repository_disjoint,routed
1.1941666666666666,0.6669452569995872,repository_disjoint,routed
1.1958333333333333,0.666527371500214,repository_disjoint,routed
1.1991666666666667,0.6661094860008409,repository_disjoint,routed
1.2102777777777778,0.6656916005014677,repository_disjoint,routed
1.2175,0.6652737150020945,repository_disjoint,routed
1.221111111111111,0.6648558295027214,repository_disjoint,routed
1.2225,0.6644379440033482,repository_disjoint,routed
1.2275,0.664020058503975,repository_disjoint,routed
1.2283333333333333,0.6636021730046019,repository_disjoint,routed
1.2352777777777777,0.6631842875052287,repository_disjoint,routed
1.2433333333333334,0.6627664020058556,repository_disjoint,routed
1.2566666666666666,0.6623485165064824,repository_disjoint,routed
1.2583333333333333,0.6619306310071092,repository_disjoint,routed
1.2622222222222221,0.6615127455077361,repository_disjoint,routed
1.2677777777777777,0.6610948600083629,repository_disjoint,routed
1.2755555555555556,0.6606769745089898,repository_disjoint,routed
1.2775,0.6602590890096166,repository_disjoint,routed
1.2808333333333333,0.6598412035102434,repository_disjoint,routed
1.288888888888889,0.6594233180108703,repository_disjoint,routed
1.2902777777777779,0.6590054325114971,repository_disjoint,routed
1.2927777777777778,0.658587547012124,repository_disjoint,routed
1.3022222222222222,0.6581696615127508,repository_disjoint,routed
1.3069444444444445,0.6577517760133776,repository_disjoint,routed
1.3086111111111112,0.6573338905140045,repository_disjoint,routed
1.3158333333333334,0.6569160050146313,repository_disjoint,routed
1.3252777777777778,0.6564981195152582,repository_disjoint,routed
1.333611111111111,0.656080234015885,repository_disjoint,routed
1.3527777777777779,0.6556623485165118,repository_disjoint,routed
1.3711111111111112,0.6552444630171387,repository_disjoint,routed
1.3766666666666667,0.6548265775177655,repository_disjoint,routed
1.3791666666666667,0.6544086920183924,repository_disjoint,routed
1.38,0.6539908065190192,repository_disjoint,routed
1.3933333333333333,0.653572921019646,repository_disjoint,routed
1.4,0.6531550355202729,repository_disjoint,routed
1.4002777777777777,0.6527371500208997,repository_disjoint,routed
1.4111111111111112,0.6523192645215266,repository_disjoint,routed
1.4116666666666666,0.6519013790221534,repository_disjoint,routed
1.4227777777777777,0.6514834935227802,repository_disjoint,routed
1.4255555555555555,0.6510656080234071,repository_disjoint,routed
1.4277777777777778,0.6506477225240339,repository_disjoint,routed
1.4358333333333333,0.6502298370246608,repository_disjoint,routed
1.4447222222222222,0.6498119515252876,repository_disjoint,routed
1.4477777777777778,0.6493940660259144,repository_disjoint,routed
1.4491666666666667,0.6489761805265413,repository_disjoint,routed
1.4536111111111112,0.6485582950271681,repository_disjoint,routed
1.4544444444444444,0.648140409527795,repository_disjoint,routed
1.4561111111111111,0.6477225240284218,repository_disjoint,routed
1.4638888888888888,0.6473046385290486,repository_disjoint,routed
1.465,0.6468867530296755,repository_disjoint,routed
1.4880555555555555,0.6464688675303023,repository_disjoint,routed
1.4894444444444443,0.6460509820309291,repository_disjoint,routed
1.4961111111111112,0.645633096531556,repository_disjoint,routed
1.5019444444444445,0.6452152110321828,repository_disjoint,routed
1.51,0.6447973255328097,repository_disjoint,routed
1.5163888888888888,0.6443794400334365,repository_disjoint,routed
1.5175,0.6439615545340633,repository_disjoint,routed
1.5338888888888889,0.6435436690346902,repository_disjoint,routed
1.5508333333333333,0.643125783535317,repository_disjoint,routed
1.5547222222222221,0.6427078980359439,repository_disjoint,routed
1.5675,0.6422900125365707,repository_disjoint,routed
1.5975,0.6418721270371975,repository_disjoint,routed
1.6052777777777778,0.6414542415378244,repository_disjoint,routed
1.6055555555555556,0.6410363560384512,repository_disjoint,routed
1.6194444444444445,0.640618470539078,repository_disjoint,routed
1.6241666666666668,0.6402005850397049,repository_disjoint,routed
1.6413888888888888,0.6397826995403317,repository_disjoint,routed
1.646388888888889,0.6393648140409586,repository_disjoint,routed
1.6644444444444444,0.6389469285415854,repository_disjoint,routed
1.6952777777777779,0.6385290430422123,repository_disjoint,routed
1.6983333333333333,0.6381111575428391,repository_disjoint,routed
1.7144444444444444,0.6376932720434659,repository_disjoint,routed
1.715,0.6372753865440928,repository_disjoint,routed
1.7266666666666666,0.6368575010447196,repository_disjoint,routed
1.7575,0.6364396155453464,repository_disjoint,routed
1.7763888888888888,0.6360217300459733,repository_disjoint,routed
1.788888888888889,0.6356038445466001,repository_disjoint,routed
1.7975,0.635185959047227,repository_disjoint,routed
1.8025,0.6347680735478538,repository_disjoint,routed
1.8094444444444444,0.6343501880484806,repository_disjoint,routed
1.8244444444444445,0.6339323025491075,repository_disjoint,routed
1.8388888888888888,0.6335144170497343,repository_disjoint,routed
1.8441666666666667,0.6322607605516147,repository_disjoint,routed
1.8533333333333333,0.6318428750522416,repository_disjoint,routed
1.853611111111111,0.6314249895528684,repository_disjoint,routed
1.8547222222222222,0.6310071040534952,repository_disjoint,routed
1.8641666666666667,0.6305892185541221,repository_disjoint,routed
1.873888888888889,0.6301713330547489,repository_disjoint,routed
1.8877777777777778,0.6297534475553758,repository_disjoint,routed
1.8902777777777777,0.6293355620560026,repository_disjoint,routed
1.9230555555555555,0.6284997910572563,repository_disjoint,routed
1.9288888888888889,0.6280819055578831,repository_disjoint,routed
1.9302777777777778,0.62766402005851,repository_disjoint,routed
1.9580555555555557,0.6272461345591368,repository_disjoint,routed
1.9602777777777778,0.6268282490597636,repository_disjoint,routed
1.9608333333333334,0.6264103635603905,repository_disjoint,routed
1.9658333333333333,0.6259924780610173,repository_disjoint,routed
1.9697222222222222,0.6255745925616442,repository_disjoint,routed
1.9716666666666667,0.625156707062271,repository_disjoint,routed
1.9847222222222223,0.6247388215628978,repository_disjoint,routed
1.9897222222222222,0.6243209360635247,repository_disjoint,routed
1.9977777777777779,0.6239030505641515,repository_disjoint,routed
2.007222222222222,0.6234851650647784,repository_disjoint,routed
2.0094444444444446,0.6230672795654052,repository_disjoint,routed
2.015,0.622649394066032,repository_disjoint,routed
2.0283333333333333,0.6222315085666589,repository_disjoint,routed
2.028611111111111,0.6218136230672857,repository_disjoint,routed
2.033888888888889,0.6213957375679126,repository_disjoint,routed
2.040277777777778,0.6209778520685394,repository_disjoint,routed
2.066666666666667,0.6205599665691662,repository_disjoint,routed
2.078611111111111,0.6201420810697931,repository_disjoint,routed
2.082222222222222,0.6197241955704199,repository_disjoint,routed
2.0855555555555556,0.6193063100710468,repository_disjoint,routed
2.089166666666667,0.6188884245716736,repository_disjoint,routed
2.0966666666666667,0.6184705390723004,repository_disjoint,routed
2.0975,0.6180526535729273,repository_disjoint,routed
2.102222222222222,0.6176347680735541,repository_disjoint,routed
2.1147222222222224,0.617216882574181,repository_disjoint,routed
2.1180555555555554,0.6167989970748078,repository_disjoint,routed
2.129166666666667,0.6163811115754346,repository_disjoint,routed
2.1494444444444443,0.6159632260760615,repository_disjoint,routed
2.1669444444444443,0.6155453405766883,repository_disjoint,routed
2.168888888888889,0.6151274550773151,repository_disjoint,routed
2.1780555555555554,0.614709569577942,repository_disjoint,routed
2.1911111111111112,0.6142916840785688,repository_disjoint,routed
2.2230555555555553,0.6138737985791957,repository_disjoint,routed
2.223611111111111,0.6134559130798225,repository_disjoint,routed
2.256388888888889,0.6130380275804493,repository_disjoint,routed
2.262777777777778,0.6126201420810762,repository_disjoint,routed
2.2675,0.612202256581703,repository_disjoint,routed
2.2705555555555557,0.6117843710823299,repository_disjoint,routed
2.275,0.6113664855829567,repository_disjoint,routed
2.2855555555555553,0.6109486000835835,repository_disjoint,routed
2.2875,0.6105307145842104,repository_disjoint,routed
2.290277777777778,0.6101128290848372,repository_disjoint,routed
2.301388888888889,0.609694943585464,repository_disjoint,routed
2.3041666666666667,0.6092770580860909,repository_disjoint,routed
2.3291666666666666,0.6088591725867177,repository_disjoint,routed
2.3325,0.6084412870873446,repository_disjoint,routed
2.3375,0.6080234015879714,repository_disjoint,routed
2.359722222222222,0.6076055160885983,repository_disjoint,routed
2.3786111111111112,0.6071876305892251,repository_disjoint,routed
2.3819444444444446,0.6067697450898519,repository_disjoint,routed
2.388333333333333,0.6063518595904788,repository_disjoint,routed
2.3894444444444445,0.6059339740911056,repository_disjoint,routed
2.390277777777778,0.6055160885917324,repository_disjoint,routed
2.394722222222222,0.6050982030923593,repository_disjoint,routed
2.417222222222222,0.6046803175929861,repository_disjoint,routed
2.4202777777777778,0.604262432093613,repository_disjoint,routed
2.445,0.6038445465942398,repository_disjoint,routed
2.464166666666667,0.6034266610948666,repository_disjoint,routed
2.4947222222222223,0.6030087755954935,repository_disjoint,routed
2.495,0.6025908900961203,repository_disjoint,routed
2.5027777777777778,0.6021730045967472,repository_disjoint,routed
2.5252777777777777,0.601755119097374,repository_disjoint,routed
2.5308333333333333,0.6013372335980008,repository_disjoint,routed
2.5458333333333334,0.6009193480986277,repository_disjoint,routed
2.5652777777777778,0.6005014625992545,repository_disjoint,routed
2.575277777777778,0.6000835770998814,repository_disjoint,routed
2.591666666666667,0.5996656916005082,repository_disjoint,routed
2.598888888888889,0.599247806101135,repository_disjoint,routed
2.6075,0.5988299206017619,repository_disjoint,routed
2.611111111111111,0.5984120351023887,repository_disjoint,routed
2.6230555555555557,0.5979941496030156,repository_disjoint,routed
2.624722222222222,0.5975762641036424,repository_disjoint,routed
2.6347222222222224,0.5971583786042692,repository_disjoint,routed
2.6416666666666666,0.5967404931048961,repository_disjoint,routed
2.6547222222222224,0.5963226076055229,repository_disjoint,routed
2.6638888888888888,0.5959047221061498,repository_disjoint,routed
2.6705555555555556,0.5954868366067766,repository_disjoint,routed
2.7319444444444443,0.5950689511074034,repository_disjoint,routed
2.734722222222222,0.5946510656080303,repository_disjoint,routed
2.7408333333333332,0.5942331801086571,repository_disjoint,routed
2.741388888888889,0.593815294609284,repository_disjoint,routed
2.7675,0.5933974091099108,repository_disjoint,routed
2.7777777777777777,0.5929795236105376,repository_disjoint,routed
2.7869444444444444,0.5925616381111645,repository_disjoint,routed
2.8069444444444445,0.5921437526117913,repository_disjoint,routed
2.8425,0.5917258671124181,repository_disjoint,routed
2.857222222222222,0.591307981613045,repository_disjoint,routed
2.863611111111111,0.5908900961136718,repository_disjoint,routed
2.899722222222222,0.5904722106142987,repository_disjoint,routed
2.902222222222222,0.5900543251149255,repository_disjoint,routed
2.903888888888889,0.5896364396155523,repository_disjoint,routed
2.9077777777777776,0.5892185541161792,repository_disjoint,routed
2.912777777777778,0.588800668616806,repository_disjoint,routed
2.9202777777777778,0.5883827831174329,repository_disjoint,routed
2.938888888888889,0.5879648976180597,repository_disjoint,routed
2.9455555555555555,0.5875470121186865,repository_disjoint,routed
2.9683333333333333,0.5871291266193134,repository_disjoint,routed
2.9747222222222223,0.5867112411199402,repository_disjoint,routed
2.979722222222222,0.5862933556205671,repository_disjoint,routed
2.9858333333333333,0.5858754701211939,repository_disjoint,routed
3.0036111111111112,0.5854575846218207,repository_disjoint,routed
3.004722222222222,0.5850396991224476,repository_disjoint,routed
3.013333333333333,0.5846218136230744,repository_disjoint,routed
3.1155555555555554,0.5842039281237013,repository_disjoint,routed
3.144722222222222,0.5837860426243281,repository_disjoint,routed
3.147777777777778,0.5833681571249549,repository_disjoint,routed
3.1527777777777777,0.5829502716255818,repository_disjoint,routed
3.1644444444444444,0.5825323861262086,repository_disjoint,routed
3.1991666666666667,0.5821145006268355,repository_disjoint,routed
3.2,0.5816966151274623,repository_disjoint,routed
3.2175,0.5812787296280891,repository_disjoint,routed
3.2258333333333336,0.580860844128716,repository_disjoint,routed
3.2330555555555556,0.5804429586293428,repository_disjoint,routed
3.2775,0.5800250731299696,repository_disjoint,routed
3.308611111111111,0.5796071876305965,repository_disjoint,routed
3.3094444444444444,0.5791893021312233,repository_disjoint,routed
3.3158333333333334,0.5787714166318502,repository_disjoint,routed
3.317222222222222,0.578353531132477,repository_disjoint,routed
3.3280555555555558,0.5779356456331038,repository_disjoint,routed
3.4075,0.5775177601337307,repository_disjoint,routed
3.411111111111111,0.5770998746343575,repository_disjoint,routed
3.422222222222222,0.5766819891349844,repository_disjoint,routed
3.4519444444444445,0.5762641036356112,repository_disjoint,routed
3.4755555555555557,0.575846218136238,repository_disjoint,routed
3.5044444444444443,0.5754283326368649,repository_disjoint,routed
3.516111111111111,0.5750104471374917,repository_disjoint,routed
3.5375,0.5745925616381186,repository_disjoint,routed
3.5433333333333334,0.5741746761387454,repository_disjoint,routed
3.5455555555555556,0.5737567906393722,repository_disjoint,routed
3.5480555555555555,0.5733389051399991,repository_disjoint,routed
3.548611111111111,0.5729210196406259,repository_disjoint,routed
3.6277777777777778,0.5725031341412528,repository_disjoint,routed
3.641111111111111,0.5720852486418796,repository_disjoint,routed
3.6422222222222222,0.5716673631425064,repository_disjoint,routed
3.642777777777778,0.5712494776431333,repository_disjoint,routed
3.658888888888889,0.5708315921437601,repository_disjoint,routed
3.668888888888889,0.570413706644387,repository_disjoint,routed
3.6891666666666665,0.5699958211450138,repository_disjoint,routed
3.698611111111111,0.5695779356456406,repository_disjoint,routed
3.7133333333333334,0.5691600501462675,repository_disjoint,routed
3.720833333333333,0.5687421646468943,repository_disjoint,routed
3.729722222222222,0.5683242791475211,repository_disjoint,routed
3.7330555555555556,0.567906393648148,repository_disjoint,routed
3.7444444444444445,0.5674885081487748,repository_disjoint,routed
3.754166666666667,0.5670706226494017,repository_disjoint,routed
3.7669444444444444,0.5666527371500285,repository_disjoint,routed
3.7911111111111113,0.5662348516506553,repository_disjoint,routed
3.8280555555555558,0.5658169661512822,repository_disjoint,routed
3.8291666666666666,0.565399080651909,repository_disjoint,routed
3.8313888888888887,0.5649811951525359,repository_disjoint,routed
3.8319444444444444,0.5645633096531627,repository_disjoint,routed
3.8605555555555555,0.5641454241537895,repository_disjoint,routed
3.8680555555555554,0.5637275386544164,repository_disjoint,routed
3.9133333333333336,0.5633096531550432,repository_disjoint,routed
3.915277777777778,0.5628917676556701,repository_disjoint,routed
3.921388888888889,0.5624738821562969,repository_disjoint,routed
3.946388888888889,0.5620559966569237,repository_disjoint,routed
3.951388888888889,0.5616381111575506,repository_disjoint,routed
3.9566666666666666,0.5612202256581774,repository_disjoint,routed
3.966111111111111,0.5608023401588043,repository_disjoint,routed
4.017777777777778,0.5603844546594311,repository_disjoint,routed
4.020277777777777,0.5599665691600579,repository_disjoint,routed
4.085277777777778,0.5595486836606848,repository_disjoint,routed
4.089166666666666,0.5591307981613116,repository_disjoint,routed
4.124444444444444,0.5587129126619385,repository_disjoint,routed
4.128333333333333,0.5582950271625653,repository_disjoint,routed
4.138055555555556,0.5578771416631921,repository_disjoint,routed
4.185,0.557459256163819,repository_disjoint,routed
4.1925,0.5570413706644458,repository_disjoint,routed
4.196944444444444,0.5566234851650727,repository_disjoint,routed
4.2025,0.5557877141663263,repository_disjoint,routed
4.206111111111111,0.5553698286669532,repository_disjoint,routed
4.293055555555555,0.55495194316758,repository_disjoint,routed
4.300277777777778,0.5545340576682068,repository_disjoint,routed
4.328055555555555,0.5541161721688337,repository_disjoint,routed
4.336388888888889,0.5536982866694605,repository_disjoint,routed
4.341944444444445,0.5532804011700874,repository_disjoint,routed
4.346666666666667,0.5528625156707142,repository_disjoint,routed
4.365555555555556,0.552444630171341,repository_disjoint,routed
4.38,0.5520267446719679,repository_disjoint,routed
4.389722222222222,0.5516088591725947,repository_disjoint,routed
4.390833333333333,0.5511909736732216,repository_disjoint,routed
4.391666666666667,0.5507730881738484,repository_disjoint,routed
4.443333333333333,0.5503552026744752,repository_disjoint,routed
4.448333333333333,0.5499373171751021,repository_disjoint,routed
4.451388888888889,0.5495194316757289,repository_disjoint,routed
4.466666666666667,0.5491015461763558,repository_disjoint,routed
4.491666666666666,0.5486836606769826,repository_disjoint,routed
4.517777777777778,0.5482657751776094,repository_disjoint,routed
4.53,0.5478478896782363,repository_disjoint,routed
4.612777777777778,0.5474300041788631,repository_disjoint,routed
4.618888888888889,0.54701211867949,repository_disjoint,routed
4.657222222222222,0.5465942331801168,repository_disjoint,routed
4.6625,0.5461763476807436,repository_disjoint,routed
4.703888888888889,0.5457584621813705,repository_disjoint,routed
4.723333333333334,0.5453405766819973,repository_disjoint,routed
4.743888888888889,0.5449226911826242,repository_disjoint,routed
4.7491666666666665,0.544504805683251,repository_disjoint,routed
4.749722222222222,0.5440869201838778,repository_disjoint,routed
4.758055555555556,0.5436690346845047,repository_disjoint,routed
4.790277777777778,0.5432511491851315,repository_disjoint,routed
4.796111111111111,0.5428332636857583,repository_disjoint,routed
4.866944444444444,0.5424153781863852,repository_disjoint,routed
4.902777777777778,0.541997492687012,repository_disjoint,routed
4.946111111111111,0.5415796071876389,repository_disjoint,routed
4.976666666666667,0.5411617216882657,repository_disjoint,routed
4.985277777777778,0.5407438361888925,repository_disjoint,routed
5.001388888888889,0.5403259506895194,repository_disjoint,routed
5.089444444444444,0.5399080651901462,repository_disjoint,routed
5.109166666666667,0.5394901796907731,repository_disjoint,routed
5.158333333333333,0.5390722941913999,repository_disjoint,routed
5.169444444444444,0.5386544086920267,repository_disjoint,routed
5.1819444444444445,0.5382365231926536,repository_disjoint,routed
5.192777777777778,0.5378186376932804,repository_disjoint,routed
5.1963888888888885,0.5374007521939073,repository_disjoint,routed
5.230277777777777,0.5369828666945341,repository_disjoint,routed
5.245277777777778,0.5365649811951609,repository_disjoint,routed
5.291388888888889,0.5361470956957878,repository_disjoint,routed
5.294444444444444,0.5357292101964146,repository_disjoint,routed
5.300277777777778,0.5353113246970415,repository_disjoint,routed
5.342222222222222,0.5348934391976683,repository_disjoint,routed
5.397777777777778,0.5344755536982951,repository_disjoint,routed
5.538055555555555,0.534057668198922,repository_disjoint,routed
5.543611111111111,0.5336397826995488,repository_disjoint,routed
5.545833333333333,0.5332218972001757,repository_disjoint,routed
5.645555555555555,0.5328040117008025,repository_disjoint,routed
5.650833333333333,0.5323861262014293,repository_disjoint,routed
5.696944444444444,0.5319679124337927,repository_disjoint,routed
5.742222222222222,0.5315496986661561,repository_disjoint,routed
5.7716666666666665,0.5311314848985195,repository_disjoint,routed
5.8822222222222225,0.5307132711308828,repository_disjoint,routed
5.926111111111111,0.5302950573632462,repository_disjoint,routed
6.060277777777777,0.5298768435956096,repository_disjoint,routed
6.0761111111111115,0.529458629827973,repository_disjoint,routed
6.126111111111111,0.5290404160603364,repository_disjoint,routed
6.141111111111111,0.5286222022926997,repository_disjoint,routed
6.185277777777777,0.5282039885250631,repository_disjoint,routed
6.200833333333334,0.5277857747574265,repository_disjoint,routed
6.223055555555556,0.5273675609897899,repository_disjoint,routed
6.2316666666666665,0.5269493472221533,repository_disjoint,routed
6.24,0.5265311334545166,repository_disjoint,routed
6.2555555555555555,0.52611291968688,repository_disjoint,routed
6.2825,0.5256947059192434,repository_disjoint,routed
6.418611111111111,0.5252764921516068,repository_disjoint,routed
6.492222222222222,0.5248582783839701,repository_disjoint,routed
6.495833333333334,0.5244400646163335,repository_disjoint,routed
6.5761111111111115,0.5240218508486969,repository_disjoint,routed
6.7011111111111115,0.5236036370810603,repository_disjoint,routed
6.703611111111111,0.5231854233134237,repository_disjoint,routed
6.753888888888889,0.522767209545787,repository_disjoint,routed
6.77,0.5223489957781504,repository_disjoint,routed
6.790555555555556,0.5219307820105138,repository_disjoint,routed
6.8036111111111115,0.5215125682428772,repository_disjoint,routed
6.997777777777777,0.5210943544752406,repository_disjoint,routed
7.035,0.5206761407076039,repository_disjoint,routed
7.044444444444444,0.5202579269399673,repository_disjoint,routed
7.07,0.5198397131723307,repository_disjoint,routed
7.097222222222222,0.5194214994046941,repository_disjoint,routed
7.150555555555556,0.5190032856370574,repository_disjoint,routed
7.201944444444444,0.5185850718694208,repository_disjoint,routed
7.233333333333333,0.5181668581017842,repository_disjoint,routed
7.260833333333333,0.5177486443341476,repository_disjoint,routed
7.295555555555556,0.517330430566511,repository_disjoint,routed
7.333055555555555,0.5169122167988743,repository_disjoint,routed
7.392777777777778,0.5164940030312377,repository_disjoint,routed
7.4366666666666665,0.5160757892636011,repository_disjoint,routed
7.446111111111111,0.5156575754959645,repository_disjoint,routed
7.4475,0.5152393617283278,repository_disjoint,routed
7.476666666666667,0.5148211479606912,repository_disjoint,routed
7.480277777777777,0.5144029341930546,repository_disjoint,routed
7.495833333333334,0.513984720425418,repository_disjoint,routed
7.509166666666666,0.5135665066577814,repository_disjoint,routed
7.5175,0.5131482928901447,repository_disjoint,routed
7.695,0.5127300791225081,repository_disjoint,routed
7.816666666666666,0.5123118653548715,repository_disjoint,routed
7.82,0.5118936515872349,repository_disjoint,routed
7.855,0.5114754378195983,repository_disjoint,routed
7.955277777777778,0.5110572240519616,repository_disjoint,routed
7.978611111111111,0.510639010284325,repository_disjoint,routed
8.040277777777778,0.5102207965166884,repository_disjoint,routed
8.045555555555556,0.5098025827490518,repository_disjoint,routed
8.090277777777779,0.5093843689814151,repository_disjoint,routed
8.10361111111111,0.5089661552137785,repository_disjoint,routed
8.15611111111111,0.5085479414461419,repository_disjoint,routed
8.201666666666666,0.5081297276785053,repository_disjoint,routed
8.222222222222221,0.5077115139108687,repository_disjoint,routed
8.231388888888889,0.507293300143232,repository_disjoint,routed
8.313333333333333,0.5068750863755954,repository_disjoint,routed
8.336666666666666,0.5064568726079588,repository_disjoint,routed
8.3425,0.5060386588403222,repository_disjoint,routed
8.373611111111112,0.5056204450726856,repository_disjoint,routed
8.421111111111111,0.5052022313050489,repository_disjoint,routed
8.435277777777777,0.5047840175374123,repository_disjoint,routed
8.518888888888888,0.5043654569921906,repository_disjoint,routed
8.519166666666667,0.5039468964469689,repository_disjoint,routed
8.521666666666667,0.5035283359017472,repository_disjoint,routed
8.581111111111111,0.5031097753565255,repository_disjoint,routed
8.596944444444444,0.5026912148113037,repository_disjoint,routed
8.706666666666667,0.502272654266082,repository_disjoint,routed
8.734444444444444,0.5018540937208603,repository_disjoint,routed
8.786944444444444,0.5014355331756386,repository_disjoint,routed
8.7875,0.5010169726304169,repository_disjoint,routed
8.8175,0.5005984120851952,repository_disjoint,routed
8.911388888888888,0.5001795012801029,repository_disjoint,routed
8.971111111111112,0.4997605904750107,repository_disjoint,routed
8.994166666666667,0.4993416796699185,repository_disjoint,routed
9.151666666666667,0.4989227688648263,repository_disjoint,routed
9.275277777777777,0.4985038580597341,repository_disjoint,routed
9.300277777777778,0.49808494725464186,repository_disjoint,routed
9.328055555555556,0.49766603644954965,repository_disjoint,routed
9.473611111111111,0.49724712564445744,repository_disjoint,routed
9.474166666666667,0.49682821483936523,repository_disjoint,routed
9.491666666666667,0.496409304034273,repository_disjoint,routed
9.518888888888888,0.4959903932291808,repository_disjoint,routed
9.591944444444444,0.4955714824240886,repository_disjoint,routed
9.614722222222222,0.4951525716189964,repository_disjoint,routed
9.6775,0.4947336608139042,repository_disjoint,routed
9.7675,0.494314750008812,repository_disjoint,routed
9.776944444444444,0.49389583920371977,repository_disjoint,routed
9.835,0.49347692839862756,repository_disjoint,routed
9.904444444444444,0.49305801759353535,repository_disjoint,routed
9.914166666666667,0.49263910678844314,repository_disjoint,routed
10.040277777777778,0.4922201959833509,repository_disjoint,routed
10.07611111111111,0.4918012851782587,repository_disjoint,routed
10.152222222222223,0.4913823743731665,repository_disjoint,routed
10.155,0.4909634635680743,repository_disjoint,routed
10.2075,0.4905445527629821,repository_disjoint,routed
10.259444444444444,0.4901256419578899,repository_disjoint,routed
10.275,0.48970673115279767,repository_disjoint,routed
10.3025,0.48928782034770546,repository_disjoint,routed
10.37111111111111,0.48886890954261325,repository_disjoint,routed
10.374444444444444,0.48844999873752104,repository_disjoint,routed
10.463333333333333,0.48803108793242883,repository_disjoint,routed
10.484444444444444,0.4876121771273366,repository_disjoint,routed
10.501944444444444,0.4871932663222444,repository_disjoint,routed
10.608888888888888,0.4867743555171522,repository_disjoint,routed
10.655555555555555,0.48635544471206,repository_disjoint,routed
10.685833333333333,0.4859365339069678,repository_disjoint,routed
10.751666666666667,0.4855176231018756,repository_disjoint,routed
10.858611111111111,0.48509871229678336,repository_disjoint,routed
10.985277777777778,0.48467980149169115,repository_disjoint,routed
10.995833333333334,0.48426089068659894,repository_disjoint,routed
11.004444444444445,0.48384197988150673,repository_disjoint,routed
11.014166666666666,0.4834230690764145,repository_disjoint,routed
11.083333333333334,0.4830041582713223,repository_disjoint,routed
11.2,0.48258488382837844,repository_disjoint,routed
11.217222222222222,0.4821656093854346,repository_disjoint,routed
11.419166666666667,0.48174633494249075,repository_disjoint,routed
11.56861111111111,0.48132706049954693,repository_disjoint,routed
11.583333333333334,0.48090778605660306,repository_disjoint,routed
11.70138888888889,0.48048814575463394,repository_disjoint,routed
11.776388888888889,0.48006850545266483,repository_disjoint,routed
11.873055555555556,0.4796488651506957,repository_disjoint,routed
11.886388888888888,0.4792292248487266,repository_disjoint,routed
11.996666666666666,0.4788095845467575,repository_disjoint,routed
12.04888888888889,0.47838994424478837,repository_disjoint,routed
12.179166666666667,0.47797030394281925,repository_disjoint,routed
12.215555555555556,0.47755066364085014,repository_disjoint,routed
12.249166666666667,0.477131023338881,repository_disjoint,routed
12.352777777777778,0.4767113830369119,repository_disjoint,routed
12.480277777777777,0.4762917427349428,repository_disjoint,routed
12.5525,0.4758721024329737,repository_disjoint,routed
12.595277777777778,0.47545246213100456,repository_disjoint,routed
12.652777777777779,0.47503282182903545,repository_disjoint,routed
12.662777777777778,0.47461318152706633,repository_disjoint,routed
12.848888888888888,0.4741935412250972,repository_disjoint,routed
12.941666666666666,0.4737739009231281,repository_disjoint,routed
12.949166666666667,0.473354260621159,repository_disjoint,routed
12.972222222222221,0.47293462031918987,repository_disjoint,routed
13.028888888888888,0.47251498001722075,repository_disjoint,routed
13.225555555555555,0.47209533971525164,repository_disjoint,routed
13.258888888888889,0.4716756994132825,repository_disjoint,routed
13.332777777777778,0.4712560591113134,repository_disjoint,routed
13.713055555555556,0.4708364188093443,repository_disjoint,routed
13.719166666666666,0.4704167785073752,repository_disjoint,routed
13.941944444444445,0.46999713820540606,repository_disjoint,routed
14.05888888888889,0.46957749790343695,repository_disjoint,routed
14.16638888888889,0.46915785760146783,repository_disjoint,routed
14.169444444444444,0.4687382172994987,repository_disjoint,routed
14.199722222222222,0.46831857699752966,repository_disjoint,routed
14.206388888888888,0.46789893669556054,repository_disjoint,routed
14.230833333333333,0.4674792963935914,repository_disjoint,routed
14.265277777777778,0.4670596560916223,repository_disjoint,routed
14.321944444444444,0.4666400157896532,repository_disjoint,routed
14.705277777777777,0.4662203754876841,repository_disjoint,routed
14.800833333333333,0.46580073518571496,repository_disjoint,routed
14.830277777777777,0.46538109488374585,repository_disjoint,routed
15.083055555555555,0.46496145458177673,repository_disjoint,routed
15.211388888888889,0.4645418142798076,repository_disjoint,routed
15.211944444444445,0.4641221739778385,repository_disjoint,routed
15.328888888888889,0.46370215391089026,repository_disjoint,routed
15.422777777777778,0.463282133843942,repository_disjoint,routed
15.483333333333333,0.4628621137769937,repository_disjoint,routed
15.508888888888889,0.46244209371004547,repository_disjoint,routed
15.6625,0.46202207364309716,repository_disjoint,routed
15.671944444444444,0.4616020535761489,repository_disjoint,routed
16.015,0.4611820335092007,repository_disjoint,routed
16.158055555555556,0.460761630561608,repository_disjoint,routed
16.178055555555556,0.4603412276140153,repository_disjoint,routed
16.188333333333333,0.4599208246664226,repository_disjoint,routed
16.224444444444444,0.4595004217188299,repository_disjoint,routed
16.2725,0.45908001877123716,repository_disjoint,routed
16.357777777777777,0.45865923048638724,repository_disjoint,routed
16.412222222222223,0.45823844220153737,repository_disjoint,routed
16.50861111111111,0.4578172671627492,repository_disjoint,routed
16.706944444444446,0.457396092123961,repository_disjoint,routed
16.836111111111112,0.45697452890541357,repository_disjoint,routed
16.974722222222223,0.4565525764318167,repository_disjoint,routed
17.074444444444445,0.4561306239582198,repository_disjoint,routed
17.16027777777778,0.4557086714846229,repository_disjoint,routed
17.305,0.4552867190110261,repository_disjoint,routed
17.339166666666667,0.4548647665374292,repository_disjoint,routed
17.378888888888888,0.45444281406383236,repository_disjoint,routed
17.3825,0.45402086159023547,repository_disjoint,routed
17.52888888888889,0.4535989091166386,repository_disjoint,routed
17.565555555555555,0.4531769566430417,repository_disjoint,routed
17.6,0.4527550041694448,repository_disjoint,routed
17.75111111111111,0.452333051695848,repository_disjoint,routed
17.851388888888888,0.4519110992222511,repository_disjoint,routed
17.872222222222224,0.4514891467486542,repository_disjoint,routed
17.891111111111112,0.4510671942750573,repository_disjoint,routed
17.920555555555556,0.4506452418014604,repository_disjoint,routed
18.07111111111111,0.4502232893278636,repository_disjoint,routed
18.087777777777777,0.4498013368542667,repository_disjoint,routed
18.1325,0.4493793843806698,repository_disjoint,routed
18.135277777777777,0.44895743190707293,repository_disjoint,routed
18.15138888888889,0.44853547943347605,repository_disjoint,routed
18.156388888888888,0.4481135269598792,repository_disjoint,routed
18.165277777777778,0.44769157448628233,repository_disjoint,routed
18.209722222222222,0.44726962201268544,repository_disjoint,routed
18.294722222222223,0.44684766953908855,repository_disjoint,routed
18.316388888888888,0.44642571706549167,repository_disjoint,routed
18.32111111111111,0.4460037645918948,repository_disjoint,routed
18.333333333333332,0.4455818121182979,repository_disjoint,routed
18.51972222222222,0.445159859644701,repository_disjoint,routed
18.55638888888889,0.4447379071711041,repository_disjoint,routed
18.58388888888889,0.44431595469750723,repository_disjoint,routed
18.639444444444443,0.44389400222391034,repository_disjoint,routed
18.658055555555556,0.44347204975031346,repository_disjoint,routed
18.663055555555555,0.44305009727671657,repository_disjoint,routed
18.851388888888888,0.4426281448031197,repository_disjoint,routed
18.94333333333333,0.44220619232952285,repository_disjoint,routed
19.016944444444444,0.44178423985592596,repository_disjoint,routed
19.0375,0.4413622873823291,repository_disjoint,routed
19.23472222222222,0.4409403349087322,repository_disjoint,routed
19.25777777777778,0.4405183824351353,repository_disjoint,routed
19.296666666666667,0.4400964299615384,repository_disjoint,routed
19.368055555555557,0.43967447748794153,repository_disjoint,routed
19.405833333333334,0.43925252501434464,repository_disjoint,routed
19.410833333333333,0.43883057254074775,repository_disjoint,routed
19.494444444444444,0.43840862006715087,repository_disjoint,routed
19.793333333333333,0.437986667593554,repository_disjoint,routed
19.843333333333334,0.4375647151199571,repository_disjoint,routed
20.032222222222224,0.4371423553563278,repository_disjoint,routed
20.075833333333332,0.4367199955926985,repository_disjoint,routed
20.079444444444444,0.43629763582906916,repository_disjoint,routed
20.09722222222222,0.43587527606543985,repository_disjoint,routed
20.110833333333332,0.43545291630181054,repository_disjoint,routed
20.122222222222224,0.43503055653818123,repository_disjoint,routed
20.192222222222224,0.4346081967745519,repository_disjoint,routed
20.192777777777778,0.4341858370109226,repository_disjoint,routed
20.264166666666668,0.4337634772472933,repository_disjoint,routed
20.301666666666666,0.433341117483664,repository_disjoint,routed
20.38888888888889,0.4329187577200347,repository_disjoint,routed
20.475555555555555,0.4324963979564054,repository_disjoint,routed
20.540277777777778,0.43207403819277607,repository_disjoint,routed
20.588333333333335,0.43165167842914676,repository_disjoint,routed
20.710833333333333,0.43122931866551745,repository_disjoint,routed
20.817222222222224,0.43080695890188814,repository_disjoint,routed
20.920277777777777,0.4303845991382588,repository_disjoint,routed
21.031666666666666,0.4299622393746295,repository_disjoint,routed
21.067777777777778,0.4295398796110002,repository_disjoint,routed
21.190833333333334,0.4291175198473709,repository_disjoint,routed
21.196944444444444,0.4286951600837416,repository_disjoint,routed
21.38861111111111,0.42827238379174576,repository_disjoint,routed
21.459722222222222,0.42784960749974993,repository_disjoint,routed
21.616666666666667,0.42742683120775415,repository_disjoint,routed
21.651666666666667,0.4270040549157584,repository_disjoint,routed
21.745555555555555,0.4265812786237626,repository_disjoint,routed
21.824444444444445,0.4261585023317668,repository_disjoint,routed
21.830555555555556,0.425735726039771,repository_disjoint,routed
21.99138888888889,0.42531294974777517,repository_disjoint,routed
22.045277777777777,0.4248901734557794,repository_disjoint,routed
22.04888888888889,0.4244673971637836,repository_disjoint,routed
22.064166666666665,0.42404462087178785,repository_disjoint,routed
22.066111111111113,0.4236218445797921,repository_disjoint,routed
22.14361111111111,0.42319906828779624,repository_disjoint,routed
22.15361111111111,0.42277629199580047,repository_disjoint,routed
22.27611111111111,0.4223535157038047,repository_disjoint,routed
22.299166666666668,0.4219307394118089,repository_disjoint,routed
22.497777777777777,0.42150796311981314,repository_disjoint,routed
22.61277777777778,0.4210851868278173,repository_disjoint,routed
22.80527777777778,0.4206624105358215,repository_disjoint,routed
22.995,0.42023963424382565,repository_disjoint,routed
22.995277777777776,0.4198168579518299,repository_disjoint,routed
23.01972222222222,0.41939408165983405,repository_disjoint,routed
23.414722222222224,0.4189713053678383,repository_disjoint,routed
23.615555555555556,0.4185485290758425,repository_disjoint,routed
23.6325,0.41812575278384667,repository_disjoint,routed
23.703611111111112,0.4177029764918509,repository_disjoint,routed
23.807222222222222,0.41728020019985507,repository_disjoint,routed
23.851666666666667,0.4168574239078593,repository_disjoint,routed
23.86277777777778,0.41643464761586346,repository_disjoint,routed
23.870833333333334,0.4160118713238677,repository_disjoint,routed
23.904722222222222,0.4155890950318719,repository_disjoint,routed
24.22277777777778,0.4151663187398761,repository_disjoint,routed
24.233055555555556,0.4147435424478803,repository_disjoint,routed
24.296944444444446,0.4143207661558845,repository_disjoint,routed
24.39666666666667,0.41389798986388865,repository_disjoint,routed
24.475555555555555,0.4134752135718928,repository_disjoint,routed
24.49388888888889,0.413052437279897,repository_disjoint,routed
24.54611111111111,0.4126296609879012,repository_disjoint,routed
24.763055555555557,0.41220688469590544,repository_disjoint,routed
24.76527777777778,0.4117841084039096,repository_disjoint,routed
24.934722222222224,0.41136133211191384,repository_disjoint,routed
24.954166666666666,0.41093855581991806,repository_disjoint,routed
25.002777777777776,0.4105157795279223,repository_disjoint,routed
25.051111111111112,0.41009300323592646,repository_disjoint,routed
25.0725,0.4096702269439307,repository_disjoint,routed
25.108888888888888,0.4088246743599391,repository_disjoint,routed
25.116944444444446,0.4084018980679433,repository_disjoint,routed
25.21527777777778,0.4079791217759475,repository_disjoint,routed
25.24972222222222,0.40755634548395164,repository_disjoint,routed
25.275555555555556,0.40713356919195587,repository_disjoint,routed
25.308055555555555,0.4067107928999601,repository_disjoint,routed
25.535833333333333,0.4062880166079643,repository_disjoint,routed
25.635,0.4058652403159685,repository_disjoint,routed
25.655833333333334,0.40544246402397266,repository_disjoint,routed
25.74388888888889,0.4050196877319769,repository_disjoint,routed
25.975,0.4045969114399811,repository_disjoint,routed
25.996388888888887,0.40417413514798534,repository_disjoint,routed
26.170277777777777,0.40375135885598956,repository_disjoint,routed
26.186666666666667,0.4033285825639938,repository_disjoint,routed
26.21638888888889,0.402905806271998,repository_disjoint,routed
26.329166666666666,0.4024830299800022,repository_disjoint,routed
26.370833333333334,0.4020602536880064,repository_disjoint,routed
26.425,0.40163747739601063,repository_disjoint,routed
26.53,0.4012147011040148,repository_disjoint,routed
26.762777777777778,0.40079192481201903,repository_disjoint,routed
26.820833333333333,0.4003691485200232,repository_disjoint,routed
27.1025,0.39994637222802737,repository_disjoint,routed
27.16861111111111,0.39952359593603154,repository_disjoint,routed
27.303333333333335,0.3991008196440357,repository_disjoint,routed
27.754722222222224,0.3986780433520399,repository_disjoint,routed
27.92222222222222,0.3982552670600441,repository_disjoint,routed
27.981944444444444,0.39783249076804833,repository_disjoint,routed
28.24361111111111,0.39740971447605256,repository_disjoint,routed
28.444444444444443,0.3969869381840567,repository_disjoint,routed
28.73111111111111,0.3965641618920609,repository_disjoint,routed
29.28361111111111,0.3961413856000651,repository_disjoint,routed
29.328333333333333,0.39571860930806935,repository_disjoint,routed
29.408055555555556,0.3952958330160736,repository_disjoint,routed
29.44333333333333,0.39487305672407774,repository_disjoint,routed
29.45,0.3944502804320819,repository_disjoint,routed
29.66638888888889,0.39402750414008614,repository_disjoint,routed
29.698333333333334,0.39360472784809036,repository_disjoint,routed
29.766944444444444,0.3931819515560946,repository_disjoint,routed
29.770833333333332,0.39275917526409876,repository_disjoint,routed
30.023055555555555,0.39233639897210293,repository_disjoint,routed
30.31222222222222,0.3919136226801071,repository_disjoint,routed
30.38388888888889,0.39149084638811127,repository_disjoint,routed
30.485277777777778,0.3910680700961155,repository_disjoint,routed
30.68722222222222,0.3906452938041197,repository_disjoint,routed
30.744444444444444,0.3902225175121239,repository_disjoint,routed
31.143055555555556,0.38979974122012806,repository_disjoint,routed
31.88277777777778,0.3893769649281323,repository_disjoint,routed
32.033055555555556,0.3889541886361365,repository_disjoint,routed
32.805277777777775,0.3885314123441407,repository_disjoint,routed
33.06944444444444,0.3881086360521449,repository_disjoint,routed
33.26166666666666,0.38768585976014913,repository_disjoint,routed
33.78194444444444,0.38726308346815336,repository_disjoint,routed
34.150555555555556,0.3868403071761576,repository_disjoint,routed
34.39361111111111,0.38641753088416175,repository_disjoint,routed
34.51555555555556,0.385994754592166,repository_disjoint,routed
34.57472222222222,0.38557197830017015,repository_disjoint,routed
34.714166666666664,0.3851492020081743,repository_disjoint,routed
34.90416666666667,0.38472642571617854,repository_disjoint,routed
35.87833333333333,0.38430364942418277,repository_disjoint,routed
35.96111111111111,0.383880873132187,repository_disjoint,routed
36.66777777777778,0.3834580968401912,repository_disjoint,routed
36.91222222222222,0.3830353205481954,repository_disjoint,routed
37.29194444444445,0.38261254425619956,repository_disjoint,routed
37.68138888888889,0.38218976796420373,repository_disjoint,routed
37.9675,0.3817669916722079,repository_disjoint,routed
38.235277777777775,0.3813442153802121,repository_disjoint,routed
38.88472222222222,0.38092143908821635,repository_disjoint,routed
39.28722222222222,0.3804986627962205,repository_disjoint,routed
39.484722222222224,0.38007588650422475,repository_disjoint,routed
40.39416666666666,0.37965216756720777,repository_disjoint,routed
40.50111111111111,0.3792284486301908,repository_disjoint,routed
40.52472222222222,0.3788047296931738,repository_disjoint,routed
40.94888888888889,0.3783810107561568,repository_disjoint,routed
41.105,0.37795729181913984,repository_disjoint,routed
41.153888888888886,0.3775335728821229,repository_disjoint,routed
41.286944444444444,0.37710985394510593,repository_disjoint,routed
41.59166666666667,0.37668565838386286,repository_disjoint,routed
41.62555555555556,0.37626146282261974,repository_disjoint,routed
41.71222222222222,0.3758372672613767,repository_disjoint,routed
41.829166666666666,0.3754130717001336,repository_disjoint,routed
41.9975,0.37498887613889054,repository_disjoint,routed
42.444722222222225,0.37456468057764747,repository_disjoint,routed
42.49111111111111,0.37414048501640434,repository_disjoint,routed
42.56361111111111,0.3737158079619022,repository_disjoint,routed
42.70055555555555,0.3732911309074,repository_disjoint,routed
42.961666666666666,0.37286645385289785,repository_disjoint,routed
43.038333333333334,0.3724417767983957,repository_disjoint,routed
43.408055555555556,0.3720166149527354,repository_disjoint,routed
43.90638888888889,0.37159145310707514,repository_disjoint,routed
44.11083333333333,0.3711658042489914,repository_disjoint,routed
44.37694444444445,0.3707401553909077,repository_disjoint,routed
44.98972222222222,0.370314506532824,repository_disjoint,routed
45.16583333333333,0.3698888576747403,repository_disjoint,routed
45.179722222222225,0.3694632088166566,repository_disjoint,routed
45.260555555555555,0.3690375599585729,repository_disjoint,routed
45.26833333333333,0.3686119111004892,repository_disjoint,routed
45.39222222222222,0.36818626224240547,repository_disjoint,routed
45.4975,0.36776061338432176,repository_disjoint,routed
45.54694444444444,0.36733496452623804,repository_disjoint,routed
45.562222222222225,0.3669093156681543,repository_disjoint,routed
45.6175,0.3664836668100706,repository_disjoint,routed
45.69166666666667,0.3660580179519869,repository_disjoint,routed
45.82527777777778,0.3656323690939032,repository_disjoint,routed
45.84222222222222,0.36520672023581946,repository_disjoint,routed
45.93944444444445,0.36478107137773574,repository_disjoint,routed
45.99444444444445,0.36435542251965203,repository_disjoint,routed
46.0625,0.3639297736615683,repository_disjoint,routed
46.22944444444445,0.3635041248034846,repository_disjoint,routed
46.53944444444444,0.3630779769432226,repository_disjoint,routed
46.72888888888889,0.3626518290829606,repository_disjoint,routed
47.339444444444446,0.36222568122269866,repository_disjoint,routed
47.869166666666665,0.36179953336243664,repository_disjoint,routed
48.189166666666665,0.3613733855021746,repository_disjoint,routed
48.749722222222225,0.36094723764191267,repository_disjoint,routed
48.81,0.36052108978165065,repository_disjoint,routed
48.81916666666667,0.3600949419213887,repository_disjoint,routed
48.844166666666666,0.35966879406112673,repository_disjoint,routed
49.771388888888886,0.3592426462008647,repository_disjoint,routed
49.919444444444444,0.3588164983406027,repository_disjoint,routed
50.23,0.3583903504803407,repository_disjoint,routed
50.28,0.35796420262007866,repository_disjoint,routed
50.64972222222222,0.35753805475981665,repository_disjoint,routed
51.00138888888889,0.35711190689955463,repository_disjoint,routed
51.893055555555556,0.35668575903929267,repository_disjoint,routed
52.20527777777778,0.35625961117903066,repository_disjoint,routed
52.71888888888889,0.35583346331876864,repository_disjoint,routed
52.87111111111111,0.3554073154585066,repository_disjoint,routed
53.13805555555555,0.3549811675982446,repository_disjoint,routed
53.271388888888886,0.3545550197379826,repository_disjoint,routed
53.36638888888889,0.3541288718777206,repository_disjoint,routed
53.388333333333335,0.35370272401745856,repository_disjoint,routed
53.52333333333333,0.35327657615719654,repository_disjoint,routed
53.57222222222222,0.3528504282969346,repository_disjoint,routed
54.16111111111111,0.35242428043667257,repository_disjoint,routed
55.21333333333333,0.3519981325764106,repository_disjoint,routed
55.635555555555555,0.3515719847161486,repository_disjoint,routed
55.659166666666664,0.3511458368558866,repository_disjoint,routed
56.08083333333333,0.35071968899562456,repository_disjoint,routed
56.3325,0.35029354113536254,repository_disjoint,routed
56.81944444444444,0.3498673932751005,repository_disjoint,routed
57.66027777777778,0.3494412454148385,repository_disjoint,routed
58.12166666666667,0.34901457722751883,repository_disjoint,routed
58.775,0.3485879090401991,repository_disjoint,routed
58.86638888888889,0.3481612408528794,repository_disjoint,routed
59.8375,0.34773457266555974,repository_disjoint,routed
60.91388888888889,0.34730790447824006,repository_disjoint,routed
61.48777777777778,0.3468812362909203,repository_disjoint,routed
61.54611111111111,0.34645456810360065,repository_disjoint,routed
61.54944444444445,0.34560123172896123,repository_disjoint,routed
61.625277777777775,0.34517456354164155,repository_disjoint,routed
61.801944444444445,0.3447478953543218,repository_disjoint,routed
62.791666666666664,0.34432122716700214,repository_disjoint,routed
62.84527777777778,0.3438945589796824,repository_disjoint,routed
63.10722222222222,0.34346789079236273,repository_disjoint,routed
63.11555555555555,0.343041222605043,repository_disjoint,routed
63.21527777777778,0.34261455441772326,repository_disjoint,routed
63.43333333333333,0.3421878862304035,repository_disjoint,routed
63.724444444444444,0.34176121804308385,repository_disjoint,routed
64.10916666666667,0.34133454985576417,repository_disjoint,routed
64.845,0.3409078816684445,repository_disjoint,routed
65.09361111111112,0.34048121348112476,repository_disjoint,routed
65.23138888888889,0.3400545452938051,repository_disjoint,routed
65.75194444444445,0.3396278771064854,repository_disjoint,routed
66.10333333333334,0.3392012089191657,repository_disjoint,routed
66.48416666666667,0.33877454073184604,repository_disjoint,routed
66.94583333333334,0.3383478725445263,repository_disjoint,routed
67.49166666666666,0.3379212043572066,repository_disjoint,routed
67.63111111111111,0.33749453616988684,repository_disjoint,routed
68.29972222222223,0.3370678679825671,repository_disjoint,routed
68.34833333333333,0.33664119979524737,repository_disjoint,routed
68.67694444444444,0.33621399015083714,repository_disjoint,routed
68.75083333333333,0.3357867805064269,repository_disjoint,routed
69.4486111111111,0.3353595708620167,repository_disjoint,routed
69.51361111111112,0.33493236121760644,repository_disjoint,routed
69.60416666666667,0.3345051515731962,repository_disjoint,routed
69.70666666666666,0.334077941928786,repository_disjoint,routed
69.98944444444444,0.3336507322843758,repository_disjoint,routed
70.07138888888889,0.3332235226399656,repository_disjoint,routed
70.15166666666667,0.33279631299555534,repository_disjoint,routed
71.03583333333333,0.33236910335114517,repository_disjoint,routed
71.26361111111112,0.331941893706735,repository_disjoint,routed
71.29416666666667,0.33151468406232476,repository_disjoint,routed
71.34027777777777,0.33108747441791453,repository_disjoint,routed
71.42777777777778,0.33065971282305934,repository_disjoint,routed
71.49888888888889,0.33023195122820415,repository_disjoint,routed
71.65583333333333,0.32980418963334895,repository_disjoint,routed
72.76583333333333,0.32937642803849376,repository_disjoint,routed
72.87722222222222,0.32894866644363857,repository_disjoint,routed
73.17611111111111,0.3285209048487834,repository_disjoint,routed
73.47416666666666,0.3280931432539282,repository_disjoint,routed
73.51527777777778,0.327665381659073,repository_disjoint,routed
73.6061111111111,0.3272376200642178,repository_disjoint,routed
73.90694444444445,0.3268098584693626,repository_disjoint,routed
74.69,0.3263820968745074,repository_disjoint,routed
74.70472222222222,0.32595433527965223,repository_disjoint,routed
75.65805555555555,0.32552657368479704,repository_disjoint,routed
75.68972222222222,0.32509881208994185,repository_disjoint,routed
76.09861111111111,0.32467105049508665,repository_disjoint,routed
76.17527777777778,0.32424328890023146,repository_disjoint,routed
76.86888888888889,0.32381552730537627,repository_disjoint,routed
76.8725,0.3233877657105211,repository_disjoint,routed
77.15944444444445,0.3229600041156659,repository_disjoint,routed
77.16722222222222,0.3225322425208107,repository_disjoint,routed
77.23222222222222,0.3221044809259555,repository_disjoint,routed
77.97916666666667,0.3216767193311003,repository_disjoint,routed
77.99916666666667,0.3212489577362451,repository_disjoint,routed
78.56666666666666,0.32082119614138993,repository_disjoint,routed
79.60527777777777,0.32039343454653474,repository_disjoint,routed
81.12805555555556,0.31996567295167955,repository_disjoint,routed
82.48333333333333,0.31953791135682436,repository_disjoint,routed
83.3525,0.31911014976196916,repository_disjoint,routed
83.71694444444445,0.318682388167114,repository_disjoint,routed
83.90194444444444,0.3182546265722588,repository_disjoint,routed
84.72666666666667,0.31782628925520323,repository_disjoint,routed
85.21805555555555,0.31739795193814774,repository_disjoint,routed
86.20083333333334,0.31696903578687996,repository_disjoint,routed
86.75583333333333,0.3165401196356122,repository_disjoint,routed
87.54972222222223,0.3161106215085625,repository_disjoint,routed
87.79333333333334,0.31568112338151283,repository_disjoint,routed
89.3338888888889,0.31525162525446315,repository_disjoint,routed
90.80638888888889,0.3148221271274135,repository_disjoint,routed
91.135,0.3143926290003638,repository_disjoint,routed
91.26555555555555,0.3139631308733141,repository_disjoint,routed
91.31361111111111,0.31353363274626445,repository_disjoint,routed
91.74388888888889,0.31310413461921477,repository_disjoint,routed
91.92472222222223,0.31267404652221037,repository_disjoint,routed
92.7286111111111,0.31224277197528316,repository_disjoint,routed
92.73805555555556,0.311811497428356,repository_disjoint,routed
93.20194444444445,0.3113802228814288,repository_disjoint,routed
93.97888888888889,0.3109489483345016,repository_disjoint,routed
94.14277777777778,0.3105176737875744,repository_disjoint,routed
94.29694444444445,0.3100863992406472,repository_disjoint,routed
94.36666666666666,0.30965512469372,repository_disjoint,routed
94.55944444444444,0.30922385014679277,repository_disjoint,routed
94.58805555555556,0.3087925755998656,repository_disjoint,routed
94.70472222222222,0.3083613010529384,repository_disjoint,routed
95.72833333333334,0.30793002650601126,repository_disjoint,routed
96.08111111111111,0.30749875195908405,repository_disjoint,routed
96.23472222222222,0.30706747741215684,repository_disjoint,routed
96.74222222222222,0.30663620286522963,repository_disjoint,routed
96.82472222222222,0.3062049283183025,repository_disjoint,routed
97.18583333333333,0.3057736537713753,repository_disjoint,routed
97.45694444444445,0.30534237922444807,repository_disjoint,routed
98.24722222222222,0.3049111046775209,repository_disjoint,routed
98.26777777777778,0.3044798301305937,repository_disjoint,routed
99.06083333333333,0.30404855558366656,repository_disjoint,routed
99.24888888888889,0.30361728103673935,repository_disjoint,routed
99.36111111111111,0.30318600648981214,repository_disjoint,routed
99.72666666666667,0.302754731942885,repository_disjoint,routed
99.85833333333333,0.3023234573959578,repository_disjoint,routed
100.24805555555555,0.3018921828490306,repository_disjoint,routed
100.77555555555556,0.30146090830210337,repository_disjoint,routed
101.89083333333333,0.3010296337551762,repository_disjoint,routed
102.72638888888889,0.300598359208249,repository_disjoint,routed
104.08027777777778,0.3001670846613218,repository_disjoint,routed
104.24805555555555,0.29973581011439465,repository_disjoint,routed
104.55111111111111,0.29930453556746744,repository_disjoint,routed
105.20972222222223,0.29887326102054024,repository_disjoint,routed
107.06833333333333,0.29844198647361303,repository_disjoint,routed
109.98138888888889,0.2980107119266859,repository_disjoint,routed
110.37388888888889,0.29757943737975867,repository_disjoint,routed
111.82861111111112,0.29714816283283146,repository_disjoint,routed
114.04166666666667,0.2967168882859043,repository_disjoint,routed
114.14722222222223,0.2962856137389771,repository_disjoint,routed
114.80777777777777,0.2958543391920499,repository_disjoint,routed
114.98861111111111,0.2954230646451227,repository_disjoint,routed
115.01166666666667,0.2949917900981955,repository_disjoint,routed
115.05722222222222,0.2945605155512683,repository_disjoint,routed
115.18222222222222,0.29412924100434107,repository_disjoint,routed
116.06472222222222,0.29369796645741386,repository_disjoint,routed
116.20416666666667,0.29326669191048665,repository_disjoint,routed
116.36861111111111,0.29283541736355945,repository_disjoint,routed
117.04055555555556,0.29240414281663224,repository_disjoint,routed
117.3975,0.2919728682697051,repository_disjoint,routed
117.41694444444444,0.2915415937227779,repository_disjoint,routed
117.93583333333333,0.29111031917585073,repository_disjoint,routed
118.29305555555555,0.2906790446289235,repository_disjoint,routed
118.38194444444444,0.2902477700819963,repository_disjoint,routed
118.55361111111111,0.2898164955350691,repository_disjoint,routed
118.97555555555556,0.2893852209881419,repository_disjoint,routed
119.25083333333333,0.28895394644121475,repository_disjoint,routed
120.59361111111112,0.2885220272387615,repository_disjoint,routed
120.92,0.2880901080363083,repository_disjoint,routed
121.10944444444445,0.2876581888338551,repository_disjoint,routed
121.15305555555555,0.28722626963140185,repository_disjoint,routed
121.4175,0.28679435042894863,repository_disjoint,routed
121.64444444444445,0.2863624312264954,repository_disjoint,routed
123.33444444444444,0.2859305120240422,repository_disjoint,routed
123.42388888888888,0.28549859282158896,repository_disjoint,routed
123.63277777777778,0.2850660191961017,repository_disjoint,routed
125.26777777777778,0.28463344557061443,repository_disjoint,routed
125.55916666666667,0.28420087194512716,repository_disjoint,routed
125.58972222222222,0.2837682983196399,repository_disjoint,routed
125.77333333333333,0.28333572469415264,repository_disjoint,routed
125.84694444444445,0.28290315106866537,repository_disjoint,routed
126.72888888888889,0.2824705774431781,repository_disjoint,routed
126.75,0.28203800381769084,repository_disjoint,routed
128.72,0.2816054301922036,repository_disjoint,routed
130.76361111111112,0.2811728565667163,repository_disjoint,routed
130.95222222222222,0.28074028294122905,repository_disjoint,routed
131.49277777777777,0.28030704176385063,repository_disjoint,routed
132.03333333333333,0.2798738005864722,repository_disjoint,routed
134.62694444444443,0.2794392139395988,repository_disjoint,routed
136.4936111111111,0.2790046272927254,repository_disjoint,routed
136.63111111111112,0.278570040645852,repository_disjoint,routed
137.30944444444444,0.2781354539989786,repository_disjoint,routed
137.33527777777778,0.2777008673521052,repository_disjoint,routed
138.60583333333332,0.2772655995349389,repository_disjoint,routed
139.01361111111112,0.2768303317177726,repository_disjoint,routed
139.1822222222222,0.27639506390060625,repository_disjoint,routed
139.2061111111111,0.27595979608343996,repository_disjoint,routed
140.99416666666667,0.2755238406393903,repository_disjoint,routed
141.5986111111111,0.27508580591659315,repository_disjoint,routed
141.70416666666668,0.274647771193796,repository_disjoint,routed
141.72166666666666,0.2742097364709989,repository_disjoint,routed
141.83527777777778,0.27377170174820176,repository_disjoint,routed
142.23444444444445,0.2733329650466822,repository_disjoint,routed
142.25611111111112,0.27289422834516264,repository_disjoint,routed
142.63333333333333,0.2724554916436431,repository_disjoint,routed
142.9897222222222,0.2720167549421235,repository_disjoint,routed
143.1186111111111,0.27157730945756436,repository_disjoint,routed
143.19083333333333,0.2711378639730052,repository_disjoint,routed
143.56277777777777,0.27069841848844606,repository_disjoint,routed
143.60722222222222,0.2702589730038869,repository_disjoint,routed
144.38611111111112,0.26981952751932775,repository_disjoint,routed
144.46944444444443,0.2693800820347686,repository_disjoint,routed
145.19055555555556,0.26894063655020944,repository_disjoint,routed
145.7275,0.2685011910656503,repository_disjoint,routed
146.1186111111111,0.26806174558109114,repository_disjoint,routed
147.56055555555557,0.267622300096532,repository_disjoint,routed
149.7138888888889,0.26718285461197283,repository_disjoint,routed
149.89555555555555,0.2667434091274137,repository_disjoint,routed
152.7325,0.2663039636428545,repository_disjoint,routed
153.33277777777778,0.26586451815829537,repository_disjoint,routed
154.76916666666668,0.2654250726737362,repository_disjoint,routed
158.20944444444444,0.2649834336177067,repository_disjoint,routed
158.37194444444444,0.2645417945616772,repository_disjoint,routed
158.76833333333335,0.2641001555056477,repository_disjoint,routed
159.29972222222221,0.2636585164496182,repository_disjoint,routed
161.74916666666667,0.2632161363884611,repository_disjoint,routed
164.62944444444443,0.262773756327304,repository_disjoint,routed
165.74194444444444,0.2623313762661469,repository_disjoint,routed
167.0038888888889,0.26188749914894527,repository_disjoint,routed
167.6286111111111,0.26144362203174365,repository_disjoint,routed
167.8997222222222,0.26099974491454203,repository_disjoint,routed
167.98555555555555,0.26055586779734047,repository_disjoint,routed
168.6563888888889,0.26011199068013885,repository_disjoint,routed
169.2188888888889,0.25966811356293723,repository_disjoint,routed
169.41472222222222,0.2592242364457356,repository_disjoint,routed
169.42888888888888,0.25878035932853405,repository_disjoint,routed
169.53555555555556,0.25833648221133243,repository_disjoint,routed
170.3713888888889,0.2578926050941308,repository_disjoint,routed
170.58166666666668,0.2574487279769292,repository_disjoint,routed
173.14666666666668,0.25700485085972763,repository_disjoint,routed
175.74805555555557,0.25656020578903604,repository_disjoint,routed
175.85083333333333,0.25611556071834446,repository_disjoint,routed
176.9925,0.2556701423518778,repository_disjoint,routed
177.04638888888888,0.25522472398541113,repository_disjoint,routed
177.1161111111111,0.25477930561894446,repository_disjoint,routed
181.85916666666665,0.2543338872524778,repository_disjoint,routed
182.7236111111111,0.25388768745028045,repository_disjoint,routed
184.13,0.2534407020850511,repository_disjoint,routed
184.76888888888888,0.25299371671982174,repository_disjoint,routed
187.58805555555554,0.2525467313545924,repository_disjoint,routed
188.08555555555554,0.252099745989363,repository_disjoint,routed
188.315,0.25165276062413366,repository_disjoint,routed
188.95027777777779,0.2512057752589043,repository_disjoint,routed
189.71694444444444,0.25075878989367495,repository_disjoint,routed
190.67944444444444,0.2503118045284456,repository_disjoint,routed
191.1002777777778,0.24986481916321623,repository_disjoint,routed
191.58944444444444,0.24941783379798688,repository_disjoint,routed
192.11583333333334,0.24897084843275752,repository_disjoint,routed
192.26083333333332,0.24852386306752816,repository_disjoint,routed
192.48944444444444,0.2480768777022988,repository_disjoint,routed
192.695,0.24762989233706945,repository_disjoint,routed
192.9272222222222,0.24718290697184006,repository_disjoint,routed
192.94083333333333,0.24673592160661068,repository_disjoint,routed
193.01472222222222,0.24628893624138132,repository_disjoint,routed
193.12777777777777,0.24584195087615196,repository_disjoint,routed
193.15583333333333,0.2453949655109226,repository_disjoint,routed
193.1861111111111,0.24494798014569322,repository_disjoint,routed
193.26527777777778,0.24450099478046386,repository_disjoint,routed
193.60194444444446,0.2440540094152345,repository_disjoint,routed
193.71944444444443,0.24360702405000514,repository_disjoint,routed
194.5825,0.2431600386847758,repository_disjoint,routed
195.04472222222222,0.24271305331954643,repository_disjoint,routed
195.445,0.24226606795431707,repository_disjoint,routed
197.05583333333334,0.2418190825890877,repository_disjoint,routed
197.64916666666667,0.24137209722385833,repository_disjoint,routed
197.67555555555555,0.24092511185862894,repository_disjoint,routed
197.83694444444444,0.24047812649339956,repository_disjoint,routed
198.1275,0.2400311411281702,repository_disjoint,routed
199.1302777777778,0.23958415576294081,repository_disjoint,routed
199.675,0.23913633491104747,repository_disjoint,routed
200.34333333333333,0.23868683052211692,repository_disjoint,routed
200.51722222222222,0.23823732613318638,repository_disjoint,routed
200.6663888888889,0.23778782174425583,repository_disjoint,routed
201.01333333333332,0.2373383173553253,repository_disjoint,routed
202.22916666666666,0.23688881296639475,repository_disjoint,routed
202.31027777777777,0.2364393085774642,repository_disjoint,routed
203.75833333333333,0.23598980418853366,repository_disjoint,routed
204.59694444444443,0.23554029979960314,repository_disjoint,routed
204.92083333333332,0.2350907954106726,repository_disjoint,routed
205.10555555555555,0.23464129102174205,repository_disjoint,routed
205.71805555555557,0.2341917866328115,repository_disjoint,routed
205.93694444444444,0.23374228224388097,repository_disjoint,routed
206.48166666666665,0.23329277785495042,repository_disjoint,routed
207.06083333333333,0.23284327346601988,repository_disjoint,routed
207.38888888888889,0.23239376907708933,repository_disjoint,routed
207.63944444444445,0.2319442646881588,repository_disjoint,routed
207.9011111111111,0.23149476029922825,repository_disjoint,routed
208.28583333333333,0.23104438138814026,repository_disjoint,routed
208.64583333333334,0.23059400247705225,repository_disjoint,routed
208.69694444444445,0.23014362356596427,repository_disjoint,routed
208.7975,0.22969324465487628,repository_disjoint,routed
208.9638888888889,0.2292428657437883,repository_disjoint,routed
209.98694444444445,0.22879248683270031,repository_disjoint,routed
210.16444444444446,0.22834210792161233,repository_disjoint,routed
210.18027777777777,0.22789172901052435,repository_disjoint,routed
210.25916666666666,0.22744135009943636,repository_disjoint,routed
210.4425,0.22699097118834838,repository_disjoint,routed
210.46166666666667,0.2265405922772604,repository_disjoint,routed
210.57361111111112,0.22609021336617238,repository_disjoint,routed
211.23111111111112,0.2256398344550844,repository_disjoint,routed
211.66472222222222,0.2251894555439964,repository_disjoint,routed
212.21194444444444,0.2247390766329084,repository_disjoint,routed
212.32944444444445,0.22428869772182042,repository_disjoint,routed
212.3961111111111,0.2238383188107324,repository_disjoint,routed
212.6275,0.22338793989964442,repository_disjoint,routed
212.68666666666667,0.2229375609885564,repository_disjoint,routed
213.0088888888889,0.22248718207746843,repository_disjoint,routed
213.59333333333333,0.22203680316638044,repository_disjoint,routed
213.73333333333332,0.22158642425529246,repository_disjoint,routed
213.735,0.22113604534420445,repository_disjoint,routed
214.18722222222223,0.22068566643311643,repository_disjoint,routed
214.3875,0.22023528752202842,repository_disjoint,routed
214.52444444444444,0.21978490861094044,repository_disjoint,routed
214.53083333333333,0.21933452969985245,repository_disjoint,routed
214.60361111111112,0.21888415078876447,repository_disjoint,routed
214.83916666666667,0.21843377187767646,repository_disjoint,routed
214.93305555555557,0.21798339296658847,repository_disjoint,routed
214.93694444444444,0.21753301405550046,repository_disjoint,routed
215.33805555555554,0.21708263514441245,repository_disjoint,routed
215.6172222222222,0.21663225623332447,repository_disjoint,routed
216.18083333333334,0.21618187732223648,repository_disjoint,routed
216.41611111111112,0.2157314984111485,repository_disjoint,routed
217.03305555555556,0.2152811195000605,repository_disjoint,routed
217.47944444444445,0.21483074058897253,repository_disjoint,routed
217.73416666666665,0.21438036167788452,repository_disjoint,routed
218.1375,0.21392998276679653,repository_disjoint,routed
218.91916666666665,0.21347960385570855,repository_disjoint,routed
219.23638888888888,0.21302922494462057,repository_disjoint,routed
219.79611111111112,0.21257884603353258,repository_disjoint,routed
221.8538888888889,0.2121284671224446,repository_disjoint,routed
223.945,0.2116780882113566,repository_disjoint,routed
224.24138888888888,0.21122770930026863,repository_disjoint,routed
226.865,0.21077733038918062,repository_disjoint,routed
227.7238888888889,0.21032598706928943,repository_disjoint,routed
229.39194444444445,0.20987464374939824,repository_disjoint,routed
229.77694444444444,0.20942330042950705,repository_disjoint,routed
230.04527777777778,0.20897098228603078,repository_disjoint,routed
230.73472222222222,0.20851866414255452,repository_disjoint,routed
231.97611111111112,0.20806634599907828,repository_disjoint,routed
233.57444444444445,0.207614027855602,repository_disjoint,routed
233.64027777777778,0.20716170971212575,repository_disjoint,routed
233.70333333333335,0.2067093915686495,repository_disjoint,routed
237.42444444444445,0.20625608149942,repository_disjoint,routed
237.7563888888889,0.20580277143019052,repository_disjoint,routed
241.9188888888889,0.20534946136096102,repository_disjoint,routed
246.63833333333332,0.20489615129173153,repository_disjoint,routed
248.6563888888889,0.20444284122250203,repository_disjoint,routed
249.73305555555555,0.20398953115327254,repository_disjoint,routed
253.31444444444443,0.20353622108404304,repository_disjoint,routed
255.85777777777778,0.20308291101481354,repository_disjoint,routed
262.3019444444444,0.20262960094558405,repository_disjoint,routed
263.39194444444445,0.20217629087635455,repository_disjoint,routed
267.4875,0.20172298080712506,repository_disjoint,routed
271.8538888888889,0.20126967073789556,repository_disjoint,routed
272.7005555555556,0.20081636066866607,repository_disjoint,routed
281.5788888888889,0.20036202501104466,repository_disjoint,routed
281.9841666666667,0.19990768935342323,repository_disjoint,routed
282.31916666666666,0.1994533536958018,repository_disjoint,routed
284.7683333333333,0.19899798074215844,repository_disjoint,routed
285.48777777777775,0.19854260778851507,repository_disjoint,routed
285.65055555555557,0.19808723483487167,repository_disjoint,routed
288.2416666666667,0.19763186188122828,repository_disjoint,routed
289.28444444444443,0.19717648892758488,repository_disjoint,routed
290.1025,0.1967211159739415,repository_disjoint,routed
292.59555555555556,0.19626574302029814,repository_disjoint,routed
292.6141666666667,0.19581037006665478,repository_disjoint,routed
294.7375,0.19535499711301138,repository_disjoint,routed
295.74555555555554,0.19489962415936798,repository_disjoint,routed
297.4,0.1944442512057246,repository_disjoint,routed
300.0163888888889,0.1939878093014858,repository_disjoint,routed
303.32138888888886,0.1935302908833219,repository_disjoint,routed
304.2586111111111,0.19307277246515803,repository_disjoint,routed
305.11861111111114,0.19261525404699414,repository_disjoint,routed
306.1225,0.19215773562883026,repository_disjoint,routed
309.64472222222224,0.19170021721066638,repository_disjoint,routed
310.985,0.19124160425083225,repository_disjoint,routed
312.0738888888889,0.19078188885599853,repository_disjoint,routed
312.1113888888889,0.1903221734611648,repository_disjoint,routed
314.50333333333333,0.1898624580663311,repository_disjoint,routed
317.96944444444443,0.18940050561361496,repository_disjoint,routed
319.11305555555555,0.18893855316089883,repository_disjoint,routed
320.8475,0.1884766007081827,repository_disjoint,routed
323.10305555555556,0.18801351323715523,repository_disjoint,routed
323.8591666666667,0.18755042576612774,repository_disjoint,routed
323.97527777777776,0.18708733829510027,repository_disjoint,routed
324.0136111111111,0.1866242508240728,repository_disjoint,routed
331.41333333333336,0.1861588536898482,repository_disjoint,routed
337.4913888888889,0.18569345655562358,repository_disjoint,routed
338.4686111111111,0.18522805942139897,repository_disjoint,routed
342.5825,0.18476266228717436,repository_disjoint,routed
343.6561111111111,0.18429726515294975,repository_disjoint,routed
349.3413888888889,0.18382591664872225,repository_disjoint,routed
355.4513888888889,0.18335213851302967,repository_disjoint,routed
356.05305555555555,0.1828783603773371,repository_disjoint,routed
356.5805555555556,0.18240458224164452,repository_disjoint,routed
358.72444444444443,0.18193080410595194,repository_disjoint,routed
359.3172222222222,0.18145702597025937,repository_disjoint,routed
359.33944444444444,0.1809832478345668,repository_disjoint,routed
361.5227777777778,0.18050946969887421,repository_disjoint,routed
370.8833333333333,0.18003444477861402,repository_disjoint,routed
373.57666666666665,0.17955941985835383,repository_disjoint,routed
378.81583333333333,0.17908313492504255,repository_disjoint,routed
380.0966666666667,0.17860557989857576,repository_disjoint,routed
380.9725,0.17812802487210896,repository_disjoint,routed
381.02694444444444,0.17765046984564217,repository_disjoint,routed
381.9338888888889,0.17717291481917538,repository_disjoint,routed
381.9838888888889,0.1766953597927086,repository_disjoint,routed
384.49444444444447,0.17621520935848928,repository_disjoint,routed
385.2702777777778,0.17573505892426997,repository_disjoint,routed
395.925,0.17525490849005065,repository_disjoint,routed
402.03222222222223,0.17477475805583134,repository_disjoint,routed
402.27194444444444,0.17429460762161203,repository_disjoint,routed
416.1277777777778,0.17381179707418373,repository_disjoint,routed
417.3255555555556,0.17332898652675544,repository_disjoint,routed
430.7872222222222,0.17284617597932717,repository_disjoint,routed
431.5563888888889,0.17236336543189887,repository_disjoint,routed
431.6741666666667,0.17188055488447057,repository_disjoint,routed
432.37944444444446,0.1713977443370423,repository_disjoint,routed
434.9277777777778,0.170914933789614,repository_disjoint,routed
457.3177777777778,0.1704321232421857,repository_disjoint,routed
457.94083333333333,0.1699493126947574,repository_disjoint,routed
457.97277777777776,0.16946650214732914,repository_disjoint,routed
457.97333333333336,0.16898369159990087,repository_disjoint,routed
459.25194444444446,0.16850088105247257,repository_disjoint,routed
461.5833333333333,0.16801807050504428,repository_disjoint,routed
463.4066666666667,0.16753106160502967,repository_disjoint,routed
469.64444444444445,0.1670383231885443,repository_disjoint,routed
471.46972222222223,0.1665455847720589,repository_disjoint,routed
473.055,0.16605284635557352,repository_disjoint,routed
473.2586111111111,0.16556010793908815,repository_disjoint,routed
476.49583333333334,0.16506589866165802,repository_disjoint,routed
481.84444444444443,0.16456871221990604,repository_disjoint,routed
482.49888888888887,0.16407152577815406,repository_disjoint,routed
487.0886111111111,0.16356823888926403,repository_disjoint,routed
493.00416666666666,0.16306026299209242,repository_disjoint,routed
494.6188888888889,0.16255228709492078,repository_disjoint,routed
496.13972222222225,0.1620411163807858,repository_disjoint,routed
503.18305555555554,0.16152994566665083,repository_disjoint,routed
503.63444444444445,0.16101877495251585,repository_disjoint,routed
505.27916666666664,0.16050597630617025,repository_disjoint,routed
506.4766666666667,0.15999317765982465,repository_disjoint,routed
506.53805555555556,0.15948037901347906,repository_disjoint,routed
522.2897222222222,0.15896426128204386,repository_disjoint,routed
527.9877777777778,0.15844814355060866,repository_disjoint,routed
538.3083333333333,0.15793202581917345,repository_disjoint,routed
546.2636111111111,0.15741590808773825,repository_disjoint,routed
546.3005555555555,0.15689979035630305,repository_disjoint,routed
548.8630555555555,0.15638196926601822,repository_disjoint,routed
550.2441666666666,0.15586414817573338,repository_disjoint,routed
556.9255555555555,0.1553428633992259,repository_disjoint,routed
568.7516666666667,0.15482157862271842,repository_disjoint,routed
575.7125,0.15430029384621094,repository_disjoint,routed
586.6727777777778,0.15377724200266446,repository_disjoint,routed
590.1672222222222,0.1532524049992424,repository_disjoint,routed
607.2230555555556,0.15272576443223468,repository_disjoint,routed
621.0475,0.152197301579528,repository_disjoint,routed
648.0125,0.15165759483633817,repository_disjoint,routed
648.6863888888889,0.15111788809314836,repository_disjoint,routed
648.7686111111111,0.15057818134995854,repository_disjoint,routed
652.2222222222222,0.15003653321560617,repository_disjoint,routed
652.3447222222222,0.1494948850812538,repository_disjoint,routed
656.7733333333333,0.14895323694690144,repository_disjoint,routed
657.7966666666666,0.14841158881254907,repository_disjoint,routed
663.1891666666667,0.14786795661909652,repository_disjoint,routed
667.2963888888889,0.14732432442564397,repository_disjoint,routed
675.3902777777778,0.14677867877962308,repository_disjoint,routed
680.0319444444444,0.14622894590029864,repository_disjoint,routed
694.9238888888889,0.14566435537558706,repository_disjoint,routed
701.5002777777778,0.14509976485087547,repository_disjoint,routed
705.1477777777778,0.1445351743261639,repository_disjoint,routed
720.0,0.1445351743261639,repository_disjoint,routed
0.0,1.0,repository_disjoint,accepted
0.0019444444444444444,0.9954086317722681,repository_disjoint,accepted
0.0022222222222222222,0.9770431588613407,repository_disjoint,accepted
0.0025,0.9522497704315886,repository_disjoint,accepted
0.002777777777777778,0.9219467401285584,repository_disjoint,accepted
0.0030555555555555557,0.9008264462809918,repository_disjoint,accepted
0.0033333333333333335,0.8778696051423326,repository_disjoint,accepted
0.003611111111111111,0.8613406795224978,repository_disjoint,accepted
0.0038888888888888888,0.8475665748393022,repository_disjoint,accepted
0.004166666666666667,0.8328741965105603,repository_disjoint,accepted
0.0044444444444444444,0.8227731864095501,repository_disjoint,accepted
0.004722222222222222,0.8108356290174472,repository_disjoint,accepted
0.005,0.8034894398530762,repository_disjoint,accepted
0.005277777777777778,0.7970615243342516,repository_disjoint,accepted
0.005555555555555556,0.7933884297520661,repository_disjoint,accepted
0.005833333333333334,0.787878787878788,repository_disjoint,accepted
0.006111111111111111,0.7842056932966025,repository_disjoint,accepted
0.006388888888888889,0.7777777777777779,repository_disjoint,accepted
0.006666666666666667,0.7722681359044997,repository_disjoint,accepted
0.006944444444444444,0.7676767676767678,repository_disjoint,accepted
0.007222222222222222,0.7649219467401287,repository_disjoint,accepted
0.0075,0.7603305785123968,repository_disjoint,accepted
0.0077777777777777776,0.7566574839302114,repository_disjoint,accepted
0.008055555555555555,0.7539026629935722,repository_disjoint,accepted
0.008333333333333333,0.7502295684113868,repository_disjoint,accepted
0.008611111111111111,0.748393021120294,repository_disjoint,accepted
0.008888888888888889,0.7438016528925622,repository_disjoint,accepted
0.009166666666666667,0.7373737373737376,repository_disjoint,accepted
0.009444444444444445,0.7355371900826448,repository_disjoint,accepted
0.009722222222222222,0.7327823691460057,repository_disjoint,accepted
0.01,0.7263544536271811,repository_disjoint,accepted
0.010277777777777778,0.7245179063360884,repository_disjoint,accepted
0.010555555555555556,0.7208448117539029,repository_disjoint,accepted
0.010833333333333334,0.7153351698806246,repository_disjoint,accepted
0.011111111111111112,0.7116620752984392,repository_disjoint,accepted
0.01138888888888889,0.7098255280073464,repository_disjoint,accepted
0.011666666666666667,0.7070707070707073,repository_disjoint,accepted
0.011944444444444445,0.7043158861340683,repository_disjoint,accepted
0.012222222222222223,0.7024793388429754,repository_disjoint,accepted
0.0125,0.701561065197429,repository_disjoint,accepted
0.012777777777777779,0.6997245179063363,repository_disjoint,accepted
0.013055555555555556,0.6960514233241507,repository_disjoint,accepted
0.013333333333333334,0.6951331496786044,repository_disjoint,accepted
0.01361111111111111,0.6923783287419653,repository_disjoint,accepted
0.013888888888888888,0.6905417814508725,repository_disjoint,accepted
0.014166666666666666,0.6877869605142334,repository_disjoint,accepted
0.014444444444444444,0.6859504132231407,repository_disjoint,accepted
0.014722222222222222,0.6850321395775942,repository_disjoint,accepted
0.015,0.6841138659320478,repository_disjoint,accepted
0.015277777777777777,0.6813590449954087,repository_disjoint,accepted
0.015555555555555555,0.6786042240587695,repository_disjoint,accepted
0.015833333333333335,0.6767676767676768,repository_disjoint,accepted
0.01611111111111111,0.6749311294765841,repository_disjoint,accepted
0.01638888888888889,0.6730945821854913,repository_disjoint,accepted
0.016666666666666666,0.6712580348943986,repository_disjoint,accepted
0.016944444444444446,0.6694214876033059,repository_disjoint,accepted
0.017222222222222222,0.6666666666666667,repository_disjoint,accepted
0.0175,0.664830119375574,repository_disjoint,accepted
0.017777777777777778,0.6629935720844813,repository_disjoint,accepted
0.018055555555555554,0.6620752984389349,repository_disjoint,accepted
0.01861111111111111,0.6584022038567494,repository_disjoint,accepted
0.019166666666666665,0.6565656565656567,repository_disjoint,accepted
0.01972222222222222,0.654729109274564,repository_disjoint,accepted
0.02,0.6528925619834712,repository_disjoint,accepted
0.020277777777777777,0.6510560146923785,repository_disjoint,accepted
0.020555555555555556,0.6492194674012858,repository_disjoint,accepted
0.021666666666666667,0.6483011937557394,repository_disjoint,accepted
0.021944444444444444,0.6464646464646466,repository_disjoint,accepted
0.022222222222222223,0.6455463728191002,repository_disjoint,accepted
0.0225,0.6427915518824611,repository_disjoint,accepted
0.023055555555555555,0.6409550045913683,repository_disjoint,accepted
0.023333333333333334,0.6372819100091829,repository_disjoint,accepted
0.02361111111111111,0.6363636363636365,repository_disjoint,accepted
0.02388888888888889,0.63544536271809,repository_disjoint,accepted
0.024166666666666666,0.6317722681359045,repository_disjoint,accepted
0.025,0.6299357208448118,repository_disjoint,accepted
0.025277777777777777,0.628099173553719,repository_disjoint,accepted
0.025555555555555557,0.6262626262626263,repository_disjoint,accepted
0.025833333333333333,0.6244260789715336,repository_disjoint,accepted
0.026111111111111113,0.6225895316804408,repository_disjoint,accepted
0.02638888888888889,0.6216712580348945,repository_disjoint,accepted
0.02666666666666667,0.6179981634527091,repository_disjoint,accepted
0.026944444444444444,0.6143250688705236,repository_disjoint,accepted
0.02722222222222222,0.6106519742883382,repository_disjoint,accepted
0.0275,0.607897153351699,repository_disjoint,accepted
0.027777777777777776,0.6069788797061526,repository_disjoint,accepted
0.028055555555555556,0.6051423324150599,repository_disjoint,accepted
0.028333333333333332,0.6033057851239672,repository_disjoint,accepted
0.028888888888888888,0.6023875114784207,repository_disjoint,accepted
0.029166666666666667,0.600550964187328,repository_disjoint,accepted
0.029722222222222223,0.5996326905417817,repository_disjoint,accepted
0.03111111111111111,0.597796143250689,repository_disjoint,accepted
0.03138888888888889,0.5959595959595962,repository_disjoint,accepted
0.03166666666666667,0.5950413223140498,repository_disjoint,accepted
0.03194444444444444,0.5922865013774107,repository_disjoint,accepted
0.03277777777777778,0.5913682277318644,repository_disjoint,accepted
0.03305555555555555,0.5904499540863181,repository_disjoint,accepted
0.03333333333333333,0.5895316804407718,repository_disjoint,accepted
0.034166666666666665,0.5867768595041327,repository_disjoint,accepted
0.035,0.5858585858585863,repository_disjoint,accepted
0.035277777777777776,0.58494031221304,repository_disjoint,accepted
0.035833333333333335,0.5831037649219473,repository_disjoint,accepted
0.0375,0.5812672176308545,repository_disjoint,accepted
0.03777777777777778,0.5803489439853081,repository_disjoint,accepted
0.03861111111111111,0.5785123966942154,repository_disjoint,accepted
0.03888888888888889,0.577594123048669,repository_disjoint,accepted
0.03972222222222222,0.5748393021120298,repository_disjoint,accepted
0.04027777777777778,0.5739210284664835,repository_disjoint,accepted
0.04083333333333333,0.5720844811753908,repository_disjoint,accepted
0.04111111111111111,0.5711662075298444,repository_disjoint,accepted
0.04138888888888889,0.5684113865932052,repository_disjoint,accepted
0.041666666666666664,0.5674931129476589,repository_disjoint,accepted
0.042222222222222223,0.5665748393021125,repository_disjoint,accepted
0.0425,0.5647382920110198,repository_disjoint,accepted
0.043055555555555555,0.5619834710743806,repository_disjoint,accepted
0.043611111111111114,0.5573921028466488,repository_disjoint,accepted
0.04416666666666667,0.5546372819100096,repository_disjoint,accepted
0.044444444444444446,0.5528007346189169,repository_disjoint,accepted
0.045,0.5518824609733706,repository_disjoint,accepted
0.04555555555555556,0.5509641873278242,repository_disjoint,accepted
0.0475,0.5500459136822777,repository_disjoint,accepted
0.04805555555555555,0.5491276400367313,repository_disjoint,accepted
0.04861111111111111,0.5472910927456386,repository_disjoint,accepted
0.04888888888888889,0.5454545454545459,repository_disjoint,accepted
0.04972222222222222,0.5445362718089994,repository_disjoint,accepted
0.05,0.5436179981634531,repository_disjoint,accepted
0.050833333333333335,0.5417814508723604,repository_disjoint,accepted
0.052222222222222225,0.5390266299357213,repository_disjoint,accepted
0.0525,0.5371900826446285,repository_disjoint,accepted
0.05361111111111111,0.5362718089990821,repository_disjoint,accepted
0.05416666666666667,0.5353535353535358,repository_disjoint,accepted
0.05555555555555555,0.5344352617079894,repository_disjoint,accepted
0.05638888888888889,0.5325987144168967,repository_disjoint,accepted
0.05722222222222222,0.5307621671258039,repository_disjoint,accepted
0.0575,0.5289256198347112,repository_disjoint,accepted
0.057777777777777775,0.5280073461891648,repository_disjoint,accepted
0.058333333333333334,0.5270890725436185,repository_disjoint,accepted
0.058888888888888886,0.5252525252525257,repository_disjoint,accepted
0.059444444444444446,0.523415977961433,repository_disjoint,accepted
0.06027777777777778,0.5224977043158866,repository_disjoint,accepted
0.06055555555555556,0.5206611570247939,repository_disjoint,accepted
0.06166666666666667,0.5197428833792476,repository_disjoint,accepted
0.06194444444444445,0.5179063360881548,repository_disjoint,accepted
0.06222222222222222,0.5169880624426085,repository_disjoint,accepted
0.06305555555555556,0.5142332415059694,repository_disjoint,accepted
0.06333333333333334,0.513314967860423,repository_disjoint,accepted
0.0636111111111111,0.5114784205693302,repository_disjoint,accepted
0.06388888888888888,0.5105601469237838,repository_disjoint,accepted
0.065,0.5096418732782374,repository_disjoint,accepted
0.06527777777777778,0.508723599632691,repository_disjoint,accepted
0.0661111111111111,0.5068870523415983,repository_disjoint,accepted
0.06638888888888889,0.5059687786960518,repository_disjoint,accepted
0.06694444444444445,0.5050505050505054,repository_disjoint,accepted
0.06722222222222222,0.504132231404959,repository_disjoint,accepted
0.06777777777777778,0.5032139577594126,repository_disjoint,accepted
0.06861111111111111,0.5022956841138663,repository_disjoint,accepted
0.06944444444444445,0.4995408631772272,repository_disjoint,accepted
0.07,0.49770431588613445,repository_disjoint,accepted
0.07027777777777777,0.4967860422405881,repository_disjoint,accepted
0.07111111111111111,0.4958677685950417,repository_disjoint,accepted
0.07138888888888889,0.49494949494949536,repository_disjoint,accepted
0.07194444444444445,0.494031221303949,repository_disjoint,accepted
0.0725,0.49219467401285627,repository_disjoint,accepted
0.07277777777777777,0.4912764003673099,repository_disjoint,accepted
0.07305555555555555,0.49035812672176354,repository_disjoint,accepted
0.07333333333333333,0.4894398530762172,repository_disjoint,accepted
0.07388888888888889,0.48852157943067076,repository_disjoint,accepted
0.07416666666666667,0.4876033057851244,repository_disjoint,accepted
0.075,0.4857667584940316,repository_disjoint,accepted
0.07666666666666666,0.48484848484848525,repository_disjoint,accepted
0.07694444444444444,0.48393021120293883,repository_disjoint,accepted
0.07722222222222222,0.4830119375573924,repository_disjoint,accepted
0.0775,0.48209366391184605,repository_disjoint,accepted
0.07833333333333334,0.4811753902662997,repository_disjoint,accepted
0.07861111111111112,0.4802571166207533,repository_disjoint,accepted
0.07888888888888888,0.47933884297520696,repository_disjoint,accepted
0.07944444444444444,0.4784205693296606,repository_disjoint,accepted
0.0811111111111111,0.4775022956841142,repository_disjoint,accepted
0.08166666666666667,0.4765840220385678,repository_disjoint,accepted
0.08194444444444444,0.47566574839302145,repository_disjoint,accepted
0.08277777777777778,0.4747474747474751,repository_disjoint,accepted
0.08416666666666667,0.47382920110192867,repository_disjoint,accepted
0.08472222222222223,0.4729109274563823,repository_disjoint,accepted
0.085,0.4710743801652896,repository_disjoint,accepted
0.08583333333333333,0.47015610651974316,repository_disjoint,accepted
0.08611111111111111,0.4692378328741968,repository_disjoint,accepted
0.08638888888888889,0.46831955922865043,repository_disjoint,accepted
0.0875,0.46740128558310406,repository_disjoint,accepted
0.08777777777777777,0.4664830119375577,repository_disjoint,accepted
0.08833333333333333,0.46556473829201134,repository_disjoint,accepted
0.08888888888888889,0.4628099173553722,repository_disjoint,accepted
0.08972222222222222,0.4618916437098258,repository_disjoint,accepted
0.09055555555555556,0.46097337006427946,repository_disjoint,accepted
0.09111111111111111,0.4600550964187331,repository_disjoint,accepted
0.0913888888888889,0.4591368227731867,repository_disjoint,accepted
0.09194444444444444,0.45730027548209395,repository_disjoint,accepted
0.09277777777777778,0.4563820018365476,repository_disjoint,accepted
0.09305555555555556,0.4545454545454548,repository_disjoint,accepted
0.09388888888888888,0.45362718089990844,repository_disjoint,accepted
0.09472222222222222,0.4527089072543621,repository_disjoint,accepted
0.09527777777777778,0.4517906336088157,repository_disjoint,accepted
0.09555555555555556,0.45087235996326935,repository_disjoint,accepted
0.09583333333333334,0.449954086317723,repository_disjoint,accepted
0.0961111111111111,0.4490358126721766,repository_disjoint,accepted
0.09666666666666666,0.44811753902663026,repository_disjoint,accepted
0.09861111111111111,0.4471992653810839,repository_disjoint,accepted
0.09916666666666667,0.44628099173553754,repository_disjoint,accepted
0.09972222222222223,0.4444444444444448,repository_disjoint,accepted
0.10138888888888889,0.4435261707988984,repository_disjoint,accepted
0.10166666666666667,0.44260789715335197,repository_disjoint,accepted
0.10194444444444445,0.4416896235078056,repository_disjoint,accepted
0.10527777777777778,0.44077134986225924,repository_disjoint,accepted
0.10583333333333333,0.4389348025711665,repository_disjoint,accepted
0.10611111111111111,0.43801652892562015,repository_disjoint,accepted
0.10666666666666667,0.4370982552800738,repository_disjoint,accepted
0.1075,0.4361799816345274,repository_disjoint,accepted
0.10777777777777778,0.4343434343434347,repository_disjoint,accepted
0.10861111111111112,0.43342516069788833,repository_disjoint,accepted
0.10888888888888888,0.43250688705234197,repository_disjoint,accepted
0.11166666666666666,0.4315886134067956,repository_disjoint,accepted
0.11194444444444444,0.43067033976124924,repository_disjoint,accepted
0.11277777777777778,0.4297520661157028,repository_disjoint,accepted
0.11305555555555556,0.42883379247015646,repository_disjoint,accepted
0.11444444444444445,0.4279155188246101,repository_disjoint,accepted
0.11472222222222223,0.4269972451790637,repository_disjoint,accepted
0.115,0.42607897153351726,repository_disjoint,accepted
0.11638888888888889,0.42516069788797084,repository_disjoint,accepted
0.11805555555555555,0.42332415059687806,repository_disjoint,accepted
0.1213888888888889,0.4224058769513317,repository_disjoint,accepted
0.12222222222222222,0.42148760330578533,repository_disjoint,accepted
0.1225,0.42056932966023897,repository_disjoint,accepted
0.12277777777777778,0.4196510560146926,repository_disjoint,accepted
0.12527777777777777,0.41873278236914624,repository_disjoint,accepted
0.12638888888888888,0.4178145087235999,repository_disjoint,accepted
0.1275,0.4168962350780535,repository_disjoint,accepted
0.12833333333333333,0.41505968778696073,repository_disjoint,accepted
0.12861111111111112,0.41414141414141437,repository_disjoint,accepted
0.1288888888888889,0.413223140495868,repository_disjoint,accepted
0.12916666666666668,0.41230486685032164,repository_disjoint,accepted
0.13333333333333333,0.4113865932047753,repository_disjoint,accepted
0.1338888888888889,0.41046831955922886,repository_disjoint,accepted
0.13583333333333333,0.4095500459136825,repository_disjoint,accepted
0.1363888888888889,0.40863177226813613,repository_disjoint,accepted
0.13666666666666666,0.40771349862258977,repository_disjoint,accepted
0.13694444444444445,0.4067952249770434,repository_disjoint,accepted
0.1411111111111111,0.40587695133149704,repository_disjoint,accepted
0.1425,0.4040404040404043,repository_disjoint,accepted
0.145,0.40312213039485795,repository_disjoint,accepted
0.14694444444444443,0.4022038567493116,repository_disjoint,accepted
0.1525,0.4012855831037652,repository_disjoint,accepted
0.15694444444444444,0.40036730945821886,repository_disjoint,accepted
0.15833333333333333,0.3994490358126725,repository_disjoint,accepted
0.15944444444444444,0.39853076216712613,repository_disjoint,accepted
0.16055555555555556,0.3976124885215797,repository_disjoint,accepted
0.16083333333333333,0.39669421487603335,repository_disjoint,accepted
0.16333333333333333,0.395775941230487,repository_disjoint,accepted
0.16694444444444445,0.3948576675849406,repository_disjoint,accepted
0.1738888888888889,0.3939393939393942,repository_disjoint,accepted
0.17416666666666666,0.39302112029384784,repository_disjoint,accepted
0.17472222222222222,0.3921028466483015,repository_disjoint,accepted
0.175,0.3911845730027551,repository_disjoint,accepted
0.17888888888888888,0.39026629935720875,repository_disjoint,accepted
0.18222222222222223,0.38842975206611596,repository_disjoint,accepted
0.1825,0.3875114784205696,repository_disjoint,accepted
0.18888888888888888,0.38659320477502324,repository_disjoint,accepted
0.19111111111111112,0.3856749311294769,repository_disjoint,accepted
0.1922222222222222,0.3847566574839305,repository_disjoint,accepted
0.19277777777777777,0.3838383838383841,repository_disjoint,accepted
0.19416666666666665,0.3829201101928377,repository_disjoint,accepted
0.19444444444444445,0.38200183654729136,repository_disjoint,accepted
0.19555555555555557,0.381083562901745,repository_disjoint,accepted
0.19777777777777777,0.38016528925619864,repository_disjoint,accepted
0.19972222222222222,0.3774104683195595,repository_disjoint,accepted
0.20222222222222222,0.3764921946740131,repository_disjoint,accepted
0.2063888888888889,0.37557392102846676,repository_disjoint,accepted
0.20777777777777778,0.3746556473829204,repository_disjoint,accepted
0.21027777777777779,0.37373737373737403,repository_disjoint,accepted
0.21055555555555555,0.37281910009182767,repository_disjoint,accepted
0.21222222222222223,0.37190082644628125,repository_disjoint,accepted
0.21555555555555556,0.3709825528007349,repository_disjoint,accepted
0.22333333333333333,0.3700642791551885,repository_disjoint,accepted
0.22611111111111112,0.36914600550964216,repository_disjoint,accepted
0.2263888888888889,0.3682277318640958,repository_disjoint,accepted
0.23222222222222222,0.36730945821854943,repository_disjoint,accepted
0.23277777777777778,0.36639118457300307,repository_disjoint,accepted
0.2338888888888889,0.3654729109274567,repository_disjoint,accepted
0.2361111111111111,0.36455463728191034,repository_disjoint,accepted
0.23722222222222222,0.363636363636364,repository_disjoint,accepted
0.25,0.3627180899908176,repository_disjoint,accepted
0.25055555555555553,0.36179981634527125,repository_disjoint,accepted
0.25083333333333335,0.3608815426997249,repository_disjoint,accepted
0.26472222222222225,0.3599632690541785,repository_disjoint,accepted
0.2677777777777778,0.3581267217630858,repository_disjoint,accepted
0.2752777777777778,0.35720844811753943,repository_disjoint,accepted
0.27694444444444444,0.35629017447199307,repository_disjoint,accepted
0.2786111111111111,0.3553719008264467,repository_disjoint,accepted
0.2791666666666667,0.35445362718090034,repository_disjoint,accepted
0.2836111111111111,0.353535353535354,repository_disjoint,accepted
0.2877777777777778,0.3526170798898076,repository_disjoint,accepted
0.28833333333333333,0.35169880624426125,repository_disjoint,accepted
0.2886111111111111,0.3507805325987149,repository_disjoint,accepted
0.28888888888888886,0.3498622589531685,repository_disjoint,accepted
0.2902777777777778,0.34894398530762216,repository_disjoint,accepted
0.29444444444444445,0.3480257116620758,repository_disjoint,accepted
0.3022222222222222,0.34710743801652943,repository_disjoint,accepted
0.3030555555555556,0.34618916437098307,repository_disjoint,accepted
0.30444444444444446,0.3452708907254367,repository_disjoint,accepted
0.30694444444444446,0.34435261707989034,repository_disjoint,accepted
0.30777777777777776,0.343434343434344,repository_disjoint,accepted
0.3080555555555556,0.3425160697887976,repository_disjoint,accepted
0.31222222222222223,0.3406795224977049,repository_disjoint,accepted
0.31444444444444447,0.3397612488521585,repository_disjoint,accepted
0.31472222222222224,0.33884297520661216,repository_disjoint,accepted
0.31555555555555553,0.3379247015610658,repository_disjoint,accepted
0.31722222222222224,0.33700642791551944,repository_disjoint,accepted
0.31833333333333336,0.33608815426997307,repository_disjoint,accepted
0.3252777777777778,0.3351698806244267,repository_disjoint,accepted
0.33416666666666667,0.33425160697888034,repository_disjoint,accepted
0.33444444444444443,0.333333333333334,repository_disjoint,accepted
0.3386111111111111,0.3324150596877876,repository_disjoint,accepted
0.33916666666666667,0.33149678604224125,repository_disjoint,accepted
0.3475,0.3305785123966949,repository_disjoint,accepted
0.34833333333333333,0.3296602387511485,repository_disjoint,accepted
0.3536111111111111,0.32874196510560216,repository_disjoint,accepted
0.35444444444444445,0.3278236914600558,repository_disjoint,accepted
0.36083333333333334,0.32690541781450944,repository_disjoint,accepted
0.3622222222222222,0.32598714416896307,repository_disjoint,accepted
0.3738888888888889,0.3250688705234167,repository_disjoint,accepted
0.37444444444444447,0.32415059687787035,repository_disjoint,accepted
0.37555555555555553,0.323232323232324,repository_disjoint,accepted
0.37722222222222224,0.3223140495867776,repository_disjoint,accepted
0.3827777777777778,0.32139577594123125,repository_disjoint,accepted
0.38416666666666666,0.3204775022956849,repository_disjoint,accepted
0.3863888888888889,0.3195592286501385,repository_disjoint,accepted
0.39111111111111113,0.31864095500459216,repository_disjoint,accepted
0.40194444444444444,0.3177226813590458,repository_disjoint,accepted
0.4077777777777778,0.31680440771349944,repository_disjoint,accepted
0.40944444444444444,0.3158861340679531,repository_disjoint,accepted
0.41555555555555557,0.31404958677686035,repository_disjoint,accepted
0.4172222222222222,0.313131313131314,repository_disjoint,accepted
0.4297222222222222,0.3122130394857676,repository_disjoint,accepted
0.43583333333333335,0.31129476584022125,repository_disjoint,accepted
0.4388888888888889,0.3103764921946749,repository_disjoint,accepted
0.43944444444444447,0.3094582185491285,repository_disjoint,accepted
0.45472222222222225,0.30853994490358216,repository_disjoint,accepted
0.4752777777777778,0.3076216712580358,repository_disjoint,accepted
0.4880555555555556,0.30670339761248944,repository_disjoint,accepted
0.4891666666666667,0.3057851239669431,repository_disjoint,accepted
0.4936111111111111,0.3048668503213967,repository_disjoint,accepted
0.5030555555555556,0.30394857667585035,repository_disjoint,accepted
0.5066666666666667,0.303030303030304,repository_disjoint,accepted
0.5133333333333333,0.3021120293847576,repository_disjoint,accepted
0.5255555555555556,0.30119375573921126,repository_disjoint,accepted
0.5472222222222223,0.3002754820936649,repository_disjoint,accepted
0.5511111111111111,0.29935720844811853,repository_disjoint,accepted
0.565,0.29843893480257216,repository_disjoint,accepted
0.5811111111111111,0.2975206611570258,repository_disjoint,accepted
0.5983333333333334,0.29660238751147944,repository_disjoint,accepted
0.6025,0.2956841138659331,repository_disjoint,accepted
0.6066666666666667,0.2947658402203867,repository_disjoint,accepted
0.6136111111111111,0.29384756657484035,repository_disjoint,accepted
0.6163888888888889,0.292929292929294,repository_disjoint,accepted
0.6191666666666666,0.2920110192837476,repository_disjoint,accepted
0.6338888888888888,0.29109274563820126,repository_disjoint,accepted
0.6805555555555556,0.2901744719926549,repository_disjoint,accepted
0.6902777777777778,0.28925619834710853,repository_disjoint,accepted
0.7080555555555555,0.28833792470156216,repository_disjoint,accepted
0.7297222222222223,0.2874196510560158,repository_disjoint,accepted
0.7347222222222223,0.28650137741046944,repository_disjoint,accepted
0.7372222222222222,0.2855831037649231,repository_disjoint,accepted
0.7547222222222222,0.2846648301193767,repository_disjoint,accepted
0.7661111111111111,0.28374655647383035,repository_disjoint,accepted
0.7769444444444444,0.282828282828284,repository_disjoint,accepted
0.8158333333333333,0.2819100091827376,repository_disjoint,accepted
0.8183333333333334,0.28099173553719126,repository_disjoint,accepted
0.8211111111111111,0.2800734618916449,repository_disjoint,accepted
0.8441666666666666,0.27915518824609853,repository_disjoint,accepted
0.8630555555555556,0.27823691460055217,repository_disjoint,accepted
0.8655555555555555,0.2773186409550058,repository_disjoint,accepted
0.93,0.27640036730945944,repository_disjoint,accepted
0.9383333333333334,0.2754820936639131,repository_disjoint,accepted
0.9475,0.2745638200183667,repository_disjoint,accepted
0.9630555555555556,0.27364554637282035,repository_disjoint,accepted
1.003611111111111,0.272727272727274,repository_disjoint,accepted
1.015,0.2718089990817276,repository_disjoint,accepted
1.018888888888889,0.27089072543618126,repository_disjoint,accepted
1.073611111111111,0.2699724517906349,repository_disjoint,accepted
1.1155555555555556,0.26905417814508853,repository_disjoint,accepted
1.1169444444444445,0.26813590449954217,repository_disjoint,accepted
1.1713888888888888,0.2672176308539958,repository_disjoint,accepted
1.2038888888888888,0.2653810835629031,repository_disjoint,accepted
1.2102777777777778,0.26446280991735666,repository_disjoint,accepted
1.221111111111111,0.2635445362718103,repository_disjoint,accepted
1.2352777777777777,0.26262626262626393,repository_disjoint,accepted
1.2725,0.26170798898071757,repository_disjoint,accepted
1.2825,0.2607897153351712,repository_disjoint,accepted
1.3694444444444445,0.25987144168962484,repository_disjoint,accepted
1.3816666666666666,0.2589531680440785,repository_disjoint,accepted
1.3880555555555556,0.2580348943985321,repository_disjoint,accepted
1.4258333333333333,0.25711662075298575,repository_disjoint,accepted
1.4966666666666666,0.2561983471074394,repository_disjoint,accepted
1.4972222222222222,0.255280073461893,repository_disjoint,accepted
1.571388888888889,0.25436179981634666,repository_disjoint,accepted
1.7447222222222223,0.2534435261708003,repository_disjoint,accepted
1.7758333333333334,0.25252525252525393,repository_disjoint,accepted
1.813611111111111,0.25160697887970757,repository_disjoint,accepted
1.836111111111111,0.2506887052341612,repository_disjoint,accepted
1.8425,0.24977043158861484,repository_disjoint,accepted
1.943888888888889,0.24885215794306847,repository_disjoint,accepted
2.0436111111111113,0.2479338842975221,repository_disjoint,accepted
2.0819444444444444,0.24701561065197575,repository_disjoint,accepted
2.0994444444444444,0.24609733700642936,repository_disjoint,accepted
2.243333333333333,0.245179063360883,repository_disjoint,accepted
2.276666666666667,0.2442607897153366,repository_disjoint,accepted
2.289722222222222,0.2433425160697902,repository_disjoint,accepted
2.376388888888889,0.24242424242424382,repository_disjoint,accepted
2.385,0.24058769513315106,repository_disjoint,accepted
2.386111111111111,0.2396694214876047,repository_disjoint,accepted
2.3872222222222224,0.2387511478420583,repository_disjoint,accepted
2.716388888888889,0.23783287419651195,repository_disjoint,accepted
2.7294444444444443,0.23691460055096558,repository_disjoint,accepted
2.9919444444444445,0.2359963269054192,repository_disjoint,accepted
3.0030555555555556,0.23507805325987283,repository_disjoint,accepted
3.276388888888889,0.23415977961432644,repository_disjoint,accepted
3.3544444444444443,0.23324150596878007,repository_disjoint,accepted
3.6994444444444445,0.2323232323232337,repository_disjoint,accepted
3.7713888888888887,0.23140495867768734,repository_disjoint,accepted
3.825,0.23048668503214098,repository_disjoint,accepted
4.015555555555555,0.2295684113865946,repository_disjoint,accepted
4.294444444444444,0.2286501377410482,repository_disjoint,accepted
4.324166666666667,0.2277318640955018,repository_disjoint,accepted
4.332222222222223,0.22681359044995544,repository_disjoint,accepted
4.353888888888889,0.22589531680440905,repository_disjoint,accepted
4.462777777777778,0.2249770431588627,repository_disjoint,accepted
4.667222222222223,0.2240587695133163,repository_disjoint,accepted
4.838888888888889,0.22314049586776993,repository_disjoint,accepted
5.446111111111111,0.22222222222222357,repository_disjoint,accepted
5.979722222222223,0.2213039485766772,repository_disjoint,accepted
5.980833333333333,0.22038567493113084,repository_disjoint,accepted
6.071944444444444,0.21946740128558448,repository_disjoint,accepted
6.124722222222222,0.21854912764003812,repository_disjoint,accepted
6.208055555555555,0.21763085399449175,repository_disjoint,accepted
6.27,0.2167125803489454,repository_disjoint,accepted
6.273611111111111,0.21579430670339902,repository_disjoint,accepted
6.281666666666666,0.21487603305785263,repository_disjoint,accepted
6.868611111111111,0.21395775941230627,repository_disjoint,accepted
7.4511111111111115,0.2130394857667599,repository_disjoint,accepted
7.453611111111111,0.21120293847566715,repository_disjoint,accepted
7.696666666666666,0.2102846648301208,repository_disjoint,accepted
7.726111111111111,0.2093663911845744,repository_disjoint,accepted
8.065,0.208448117539028,repository_disjoint,accepted
8.111944444444445,0.2075298438934816,repository_disjoint,accepted
8.729722222222222,0.20661157024793522,repository_disjoint,accepted
8.859166666666667,0.20569329660238883,repository_disjoint,accepted
8.866666666666667,0.20477502295684247,repository_disjoint,accepted
8.883888888888889,0.20385674931129608,repository_disjoint,accepted
8.92388888888889,0.2029384756657497,repository_disjoint,accepted
9.232777777777779,0.20202020202020335,repository_disjoint,accepted
9.556666666666667,0.20110192837465699,repository_disjoint,accepted
9.667222222222222,0.20018365472911062,repository_disjoint,accepted
9.852777777777778,0.19926538108356426,repository_disjoint,accepted
10.008333333333333,0.1983471074380179,repository_disjoint,accepted
10.033333333333333,0.1974288337924715,repository_disjoint,accepted
10.085277777777778,0.19651056014692514,repository_disjoint,accepted
10.145833333333334,0.19559228650137878,repository_disjoint,accepted
10.3625,0.1946740128558324,repository_disjoint,accepted
10.63888888888889,0.19375573921028602,repository_disjoint,accepted
10.697777777777778,0.19283746556473963,repository_disjoint,accepted
10.815277777777778,0.19191919191919327,repository_disjoint,accepted
11.528055555555556,0.1900826446281005,repository_disjoint,accepted
11.533611111111112,0.18916437098255412,repository_disjoint,accepted
11.683333333333334,0.18824609733700773,repository_disjoint,accepted
11.824722222222222,0.18732782369146134,repository_disjoint,accepted
11.838333333333333,0.18640955004591497,repository_disjoint,accepted
11.8825,0.18549127640036858,repository_disjoint,accepted
12.489722222222222,0.1845730027548222,repository_disjoint,accepted
12.588333333333333,0.18365472910927583,repository_disjoint,accepted
12.636111111111111,0.18273645546372944,repository_disjoint,accepted
12.778888888888888,0.18181818181818304,repository_disjoint,accepted
12.79138888888889,0.18089990817263665,repository_disjoint,accepted
14.46111111111111,0.17998163452709026,repository_disjoint,accepted
15.050277777777778,0.1790633608815439,repository_disjoint,accepted
15.994722222222222,0.17814508723599753,repository_disjoint,accepted
16.10388888888889,0.17722681359045117,repository_disjoint,accepted
16.660555555555554,0.17630853994490478,repository_disjoint,accepted
17.205,0.1753902662993584,repository_disjoint,accepted
17.856666666666666,0.17447199265381202,repository_disjoint,accepted
18.525,0.17354886041754847,repository_disjoint,accepted
18.649722222222223,0.1726257281812849,repository_disjoint,accepted
18.794722222222223,0.17170259594502135,repository_disjoint,accepted
18.91861111111111,0.1707794637087578,repository_disjoint,accepted
19.35361111111111,0.16985633147249424,repository_disjoint,accepted
19.37611111111111,0.16893319923623068,repository_disjoint,accepted
19.410555555555554,0.16801006699996712,repository_disjoint,accepted
19.48611111111111,0.16708693476370357,repository_disjoint,accepted
19.845277777777778,0.16616380252744,repository_disjoint,accepted
20.89527777777778,0.16524067029117645,repository_disjoint,accepted
21.6975,0.1643175380549129,repository_disjoint,accepted
22.04,0.16339440581864934,repository_disjoint,accepted
22.342222222222222,0.16247127358238578,repository_disjoint,accepted
22.362222222222222,0.16154814134612222,repository_disjoint,accepted
22.380277777777778,0.16062500910985866,repository_disjoint,accepted
22.424166666666668,0.1597018768735951,repository_disjoint,accepted
22.69472222222222,0.15877874463733155,repository_disjoint,accepted
23.18138888888889,0.157855612401068,repository_disjoint,accepted
23.61611111111111,0.15693248016480443,repository_disjoint,accepted
23.879722222222224,0.15600934792854088,repository_disjoint,accepted
24.05666666666667,0.15508621569227732,repository_disjoint,accepted
24.41611111111111,0.15416308345601376,repository_disjoint,accepted
24.491666666666667,0.1532399512197502,repository_disjoint,accepted
25.240555555555556,0.15231681898348665,repository_disjoint,accepted
25.873333333333335,0.1513936867472231,repository_disjoint,accepted
28.661666666666665,0.150464891123007,repository_disjoint,accepted
32.01555555555556,0.1495360954987909,repository_disjoint,accepted
32.70916666666667,0.1486072998745748,repository_disjoint,accepted
32.721666666666664,0.14767850425035872,repository_disjoint,accepted
35.93555555555555,0.14674970862614262,repository_disjoint,accepted
37.378055555555555,0.1458209130019265,repository_disjoint,accepted
37.382222222222225,0.1448921173777104,repository_disjoint,accepted
37.382777777777775,0.14396332175349433,repository_disjoint,accepted
37.44166666666667,0.14303452612927822,repository_disjoint,accepted
38.07611111111111,0.14210573050506214,repository_disjoint,accepted
39.130833333333335,0.14117693488084607,repository_disjoint,accepted
39.71666666666667,0.14024813925663,repository_disjoint,accepted
40.86638888888889,0.13931934363241388,repository_disjoint,accepted
41.134166666666665,0.13839054800819778,repository_disjoint,accepted
42.45944444444444,0.1374617523839817,repository_disjoint,accepted
42.483333333333334,0.1365329567597656,repository_disjoint,accepted
42.64055555555556,0.1356041611355495,repository_disjoint,accepted
44.74777777777778,0.13467536551133338,repository_disjoint,accepted
45.33,0.13374656988711728,repository_disjoint,accepted
46.04194444444445,0.1328177742629012,repository_disjoint,accepted
46.34583333333333,0.13188897863868512,repository_disjoint,accepted
47.346944444444446,0.13096018301446904,repository_disjoint,accepted
48.42194444444444,0.13003138739025294,repository_disjoint,accepted
48.75694444444444,0.12910259176603686,repository_disjoint,accepted
49.0075,0.12817379614182078,repository_disjoint,accepted
49.60166666666667,0.12724500051760468,repository_disjoint,accepted
50.00416666666667,0.1263162048933886,repository_disjoint,accepted
50.05861111111111,0.12538740926917252,repository_disjoint,accepted
50.12694444444445,0.12445861364495643,repository_disjoint,accepted
50.156666666666666,0.12352981802074034,repository_disjoint,accepted
51.20472222222222,0.12259398606603776,repository_disjoint,accepted
53.233333333333334,0.12165815411133518,repository_disjoint,accepted
53.381388888888885,0.1207223221566326,repository_disjoint,accepted
55.41888888888889,0.11978649020193002,repository_disjoint,accepted
55.778333333333336,0.11885065824722744,repository_disjoint,accepted
63.246944444444445,0.11791482629252487,repository_disjoint,accepted
64.08361111111111,0.11697899433782229,repository_disjoint,accepted
64.1325,0.11604316238311971,repository_disjoint,accepted
65.3963888888889,0.11510733042841713,repository_disjoint,accepted
67.86833333333334,0.11417149847371455,repository_disjoint,accepted
69.45555555555555,0.11323566651901197,repository_disjoint,accepted
70.61583333333333,0.11229983456430939,repository_disjoint,accepted
71.08916666666667,0.11136400260960681,repository_disjoint,accepted
72.0075,0.11042817065490423,repository_disjoint,accepted
75.31361111111111,0.10949233870020166,repository_disjoint,accepted
75.69527777777778,0.10855650674549908,repository_disjoint,accepted
76.60972222222222,0.1076206747907965,repository_disjoint,accepted
77.39083333333333,0.10668484283609392,repository_disjoint,accepted
80.34027777777777,0.10574901088139134,repository_disjoint,accepted
88.6825,0.10480482328423606,repository_disjoint,accepted
89.67777777777778,0.10386063568708077,repository_disjoint,accepted
91.67972222222222,0.1029164480899255,repository_disjoint,accepted
91.82694444444445,0.10197226049277024,repository_disjoint,accepted
93.36527777777778,0.10102807289561495,repository_disjoint,accepted
95.40527777777778,0.10008388529845967,repository_disjoint,accepted
95.68444444444444,0.09913969770130439,repository_disjoint,accepted
99.36944444444444,0.0981955101041491,repository_disjoint,accepted
104.64444444444445,0.09724215563711854,repository_disjoint,accepted
112.02,0.09627936201694905,repository_disjoint,accepted
112.455,0.09531656839677956,repository_disjoint,accepted
114.36666666666666,0.09435377477661007,repository_disjoint,accepted
115.13861111111112,0.09339098115644058,repository_disjoint,accepted
115.24166666666666,0.09242818753627109,repository_disjoint,accepted
115.66972222222222,0.0914653939161016,repository_disjoint,accepted
115.73833333333333,0.09050260029593211,repository_disjoint,accepted
115.73861111111111,0.08953980667576263,repository_disjoint,accepted
115.74027777777778,0.08857701305559314,repository_disjoint,accepted
123.33777777777777,0.08760363928575146,repository_disjoint,accepted
123.42444444444445,0.08663026551590979,repository_disjoint,accepted
123.42583333333333,0.0856568917460681,repository_disjoint,accepted
132.05777777777777,0.08467232977197536,repository_disjoint,accepted
139.5861111111111,0.08368776779788263,repository_disjoint,accepted
143.50972222222222,0.08269148484790784,repository_disjoint,accepted
144.31222222222223,0.08168305210586017,repository_disjoint,accepted
144.96944444444443,0.08067461936381251,repository_disjoint,accepted
145.07555555555555,0.07966618662176486,repository_disjoint,accepted
148.97472222222223,0.07865775387971721,repository_disjoint,accepted
164.91416666666666,0.07764932113766956,repository_disjoint,accepted
167.57944444444445,0.0766408883956219,repository_disjoint,accepted
168.0936111111111,0.07563245565357424,repository_disjoint,accepted
172.1425,0.07459639461722391,repository_disjoint,accepted
193.01777777777778,0.0735457411719109,repository_disjoint,accepted
203.1225,0.07247986086507162,repository_disjoint,accepted
210.62,0.07141398055823234,repository_disjoint,accepted
211.1588888888889,0.07034810025139304,repository_disjoint,accepted
287.5466666666667,0.06919485270628824,repository_disjoint,accepted
297.13944444444445,0.06802205859262234,repository_disjoint,accepted
361.1616666666667,0.06682868914362895,repository_disjoint,accepted
361.7075,0.06563531969463557,repository_disjoint,accepted
386.0838888888889,0.0644419502456422,repository_disjoint,accepted
402.7188888888889,0.06324858079664883,repository_disjoint,accepted
409.3147222222222,0.06205521134765545,repository_disjoint,accepted
431.4747222222222,0.060861841898662075,repository_disjoint,accepted
457.93416666666667,0.0596684724496687,repository_disjoint,accepted
509.0441666666667,0.05837133174424112,repository_disjoint,accepted
524.6936111111111,0.05704471056823564,repository_disjoint,accepted
526.8383333333334,0.055718089392230156,repository_disjoint,accepted
527.9052777777778,0.054391468216224675,repository_disjoint,accepted
528.1891666666667,0.053064847040219194,repository_disjoint,accepted
548.5277777777778,0.05173822586421371,repository_disjoint,accepted
549.7672222222222,0.05041160468820823,repository_disjoint,accepted
555.8277777777778,0.04908498351220275,repository_disjoint,accepted
586.0991666666666,0.04775836233619728,repository_disjoint,accepted
692.6308333333334,0.04639383769802021,repository_disjoint,accepted
720.0,0.04639383769802021,repository_disjoint,accepted
0.0,1.0,temporal,routed
0.0011111111111111111,0.9990592662276576,temporal,routed
0.0022222222222222222,0.9981185324553152,temporal,routed
0.0030555555555555557,0.9971777986829727,temporal,routed
0.0033333333333333335,0.9962370649106302,temporal,routed
0.004166666666666667,0.9952963311382879,temporal,routed
0.004722222222222222,0.9943555973659455,temporal,routed
0.006111111111111111,0.9934148635936031,temporal,routed
0.006388888888888889,0.9924741298212606,temporal,routed
0.01,0.9915333960489182,temporal,routed
0.011111111111111112,0.9905926622765757,temporal,routed
0.012222222222222223,0.9896519285042332,temporal,routed
0.013333333333333334,0.9887111947318907,temporal,routed
0.01361111111111111,0.9877704609595483,temporal,routed
0.014722222222222222,0.986829727187206,temporal,routed
0.015,0.9858889934148636,temporal,routed
0.01638888888888889,0.9849482596425211,temporal,routed
0.017222222222222222,0.9840075258701786,temporal,routed
0.0175,0.9830667920978362,temporal,routed
0.01888888888888889,0.9821260583254938,temporal,routed
0.01972222222222222,0.9811853245531514,temporal,routed
0.021111111111111112,0.9793038570084666,temporal,routed
0.021666666666666667,0.9783631232361241,temporal,routed
0.02277777777777778,0.9774223894637817,temporal,routed
0.02361111111111111,0.9764816556914393,temporal,routed
0.02388888888888889,0.9755409219190969,temporal,routed
0.024166666666666666,0.9746001881467544,temporal,routed
0.026111111111111113,0.9736594543744119,temporal,routed
0.029166666666666667,0.9727187206020695,temporal,routed
0.03138888888888889,0.9717779868297272,temporal,routed
0.034444444444444444,0.9708372530573847,temporal,routed
0.036944444444444446,0.9698965192850423,temporal,routed
0.03861111111111111,0.9689557855126998,temporal,routed
0.04111111111111111,0.9680150517403573,temporal,routed
0.043055555555555555,0.9670743179680148,temporal,routed
0.04416666666666667,0.9661335841956724,temporal,routed
0.04583333333333333,0.96519285042333,temporal,routed
0.04777777777777778,0.9642521166509875,temporal,routed
0.051111111111111114,0.9633113828786452,temporal,routed
0.052222222222222225,0.9623706491063028,temporal,routed
0.059444444444444446,0.9614299153339604,temporal,routed
0.06305555555555556,0.960489181561618,temporal,routed
0.06333333333333334,0.9595484477892756,temporal,routed
0.065,0.9586077140169332,temporal,routed
0.06583333333333333,0.9576669802445907,temporal,routed
0.0661111111111111,0.9567262464722484,temporal,routed
0.06638888888888889,0.955785512699906,temporal,routed
0.08805555555555555,0.9548447789275636,temporal,routed
0.08944444444444444,0.9539040451552212,temporal,routed
0.09083333333333334,0.9529633113828788,temporal,routed
0.09805555555555556,0.9520225776105363,temporal,routed
0.1,0.9510818438381939,temporal,routed
0.10083333333333333,0.9492003762935091,temporal,routed
0.11,0.9482596425211666,temporal,routed
0.12027777777777778,0.9473189087488242,temporal,routed
0.1213888888888889,0.9463781749764818,temporal,routed
0.12666666666666668,0.9454374412041394,temporal,routed
0.1272222222222222,0.944496707431797,temporal,routed
0.13472222222222222,0.9435559736594546,temporal,routed
0.135,0.9426152398871123,temporal,routed
0.1363888888888889,0.9416745061147698,temporal,routed
0.14,0.9407337723424274,temporal,routed
0.1411111111111111,0.939793038570085,temporal,routed
0.1413888888888889,0.9388523047977426,temporal,routed
0.14305555555555555,0.9379115710254002,temporal,routed
0.14416666666666667,0.9369708372530577,temporal,routed
0.14472222222222222,0.9360301034807154,temporal,routed
0.15333333333333332,0.9350893697083729,temporal,routed
0.15583333333333332,0.9341486359360305,temporal,routed
0.16083333333333333,0.933207902163688,temporal,routed
0.16527777777777777,0.9322671683913456,temporal,routed
0.17194444444444446,0.9313264346190032,temporal,routed
0.17833333333333334,0.9303857008466608,temporal,routed
0.18611111111111112,0.9294449670743185,temporal,routed
0.18777777777777777,0.928504233301976,temporal,routed
0.19055555555555556,0.9275634995296336,temporal,routed
0.19083333333333333,0.9266227657572911,temporal,routed
0.19694444444444445,0.9256820319849487,temporal,routed
0.1986111111111111,0.9247412982126063,temporal,routed
0.20083333333333334,0.9238005644402638,temporal,routed
0.2013888888888889,0.9228598306679214,temporal,routed
0.2036111111111111,0.9200376293508942,temporal,routed
0.20666666666666667,0.9190968955785517,temporal,routed
0.20916666666666667,0.9181561618062093,temporal,routed
0.215,0.9172154280338669,temporal,routed
0.21611111111111111,0.9162746942615244,temporal,routed
0.21888888888888888,0.915333960489182,temporal,routed
0.22,0.9143932267168396,temporal,routed
0.22361111111111112,0.9125117591721548,temporal,routed
0.2288888888888889,0.9115710253998124,temporal,routed
0.23416666666666666,0.9106302916274699,temporal,routed
0.23944444444444443,0.9096895578551275,temporal,routed
0.23972222222222223,0.9087488240827851,temporal,routed
0.24138888888888888,0.9078080903104426,temporal,routed
0.25166666666666665,0.9068673565381001,temporal,routed
0.25527777777777777,0.9059266227657577,temporal,routed
0.2688888888888889,0.9049858889934154,temporal,routed
0.2713888888888889,0.904045155221073,temporal,routed
0.275,0.9031044214487305,temporal,routed
0.27666666666666667,0.9012229539040456,temporal,routed
0.2772222222222222,0.9002822201317032,temporal,routed
0.2783333333333333,0.8993414863593608,temporal,routed
0.285,0.8984007525870185,temporal,routed
0.28805555555555556,0.8974600188146761,temporal,routed
0.28833333333333333,0.8965192850423337,temporal,routed
0.29055555555555557,0.8955785512699912,temporal,routed
0.29555555555555557,0.8946378174976488,temporal,routed
0.2986111111111111,0.8936970837253064,temporal,routed
0.3038888888888889,0.8927563499529639,temporal,routed
0.31055555555555553,0.8918156161806216,temporal,routed
0.31305555555555553,0.8908748824082791,temporal,routed
0.3194444444444444,0.8889934148635942,temporal,routed
0.32305555555555554,0.8880526810912517,temporal,routed
0.3252777777777778,0.8871119473189092,temporal,routed
0.32611111111111113,0.8861712135465668,temporal,routed
0.32861111111111113,0.8852304797742244,temporal,routed
0.32944444444444443,0.884289746001882,temporal,routed
0.33111111111111113,0.8833490122295395,temporal,routed
0.335,0.882408278457197,temporal,routed
0.3433333333333333,0.8814675446848547,temporal,routed
0.35138888888888886,0.8805268109125123,temporal,routed
0.35305555555555557,0.8795860771401699,temporal,routed
0.35777777777777775,0.8786453433678274,temporal,routed
0.35805555555555557,0.877704609595485,temporal,routed
0.3625,0.8767638758231426,temporal,routed
0.36333333333333334,0.8758231420508003,temporal,routed
0.37416666666666665,0.8748824082784579,temporal,routed
0.38333333333333336,0.8739416745061154,temporal,routed
0.3852777777777778,0.873000940733773,temporal,routed
0.38555555555555554,0.8720602069614305,temporal,routed
0.3861111111111111,0.871119473189088,temporal,routed
0.3863888888888889,0.8692380056444031,temporal,routed
0.3913888888888889,0.8682972718720606,temporal,routed
0.3952777777777778,0.8673565380997182,temporal,routed
0.3963888888888889,0.8664158043273759,temporal,routed
0.39944444444444444,0.8654750705550335,temporal,routed
0.4008333333333333,0.864534336782691,temporal,routed
0.40194444444444444,0.8626528692380062,temporal,routed
0.41694444444444445,0.8617121354656638,temporal,routed
0.4241666666666667,0.8607714016933214,temporal,routed
0.425,0.859830667920979,temporal,routed
0.4297222222222222,0.8588899341486366,temporal,routed
0.43083333333333335,0.8579492003762941,temporal,routed
0.43333333333333335,0.8570084666039516,temporal,routed
0.4425,0.8560677328316092,temporal,routed
0.4527777777777778,0.8551269990592668,temporal,routed
0.4533333333333333,0.8541862652869244,temporal,routed
0.4647222222222222,0.853245531514582,temporal,routed
0.4658333333333333,0.8523047977422396,temporal,routed
0.47194444444444444,0.8513640639698972,temporal,routed
0.47805555555555557,0.8504233301975547,temporal,routed
0.4911111111111111,0.8494825964252122,temporal,routed
0.49166666666666664,0.8485418626528698,temporal,routed
0.49583333333333335,0.8476011288805274,temporal,routed
0.5069444444444444,0.846660395108185,temporal,routed
0.5127777777777778,0.8457196613358426,temporal,routed
0.5291666666666667,0.8447789275635001,temporal,routed
0.5341666666666667,0.8438381937911578,temporal,routed
0.5372222222222223,0.8428974600188154,temporal,routed
0.5461111111111111,0.841956726246473,temporal,routed
0.5486111111111112,0.8410159924741305,temporal,routed
0.5577777777777778,0.840075258701788,temporal,routed
0.56,0.8391345249294455,temporal,routed
0.5611111111111111,0.8381937911571031,temporal,routed
0.5663888888888889,0.8372530573847607,temporal,routed
0.5733333333333334,0.8363123236124183,temporal,routed
0.5869444444444445,0.8353715898400759,temporal,routed
0.5877777777777777,0.8344308560677334,temporal,routed
0.5952777777777778,0.833490122295391,temporal,routed
0.6197222222222222,0.8325493885230486,temporal,routed
0.6213888888888889,0.8316086547507062,temporal,routed
0.6355555555555555,0.8306679209783638,temporal,routed
0.6361111111111111,0.8297271872060213,temporal,routed
0.6411111111111111,0.828786453433679,temporal,routed
0.6436111111111111,0.8278457196613365,temporal,routed
0.6566666666666666,0.8269049858889941,temporal,routed
0.6688888888888889,0.8259642521166516,temporal,routed
0.675,0.8250235183443091,temporal,routed
0.6822222222222222,0.8240827845719667,temporal,routed
0.6861111111111111,0.8231420507996242,temporal,routed
0.6913888888888889,0.8222013170272818,temporal,routed
0.6997222222222222,0.8212605832549393,temporal,routed
0.7266666666666667,0.820319849482597,temporal,routed
0.7288888888888889,0.8193791157102546,temporal,routed
0.7336111111111111,0.8184383819379122,temporal,routed
0.74,0.8174976481655698,temporal,routed
0.7544444444444445,0.8165569143932274,temporal,routed
0.7619444444444444,0.815616180620885,temporal,routed
0.7683333333333333,0.8146754468485425,temporal,routed
0.7761111111111111,0.8137347130762,temporal,routed
0.7894444444444444,0.8127939793038576,temporal,routed
0.8080555555555555,0.811853245531515,temporal,routed
0.8086111111111111,0.8109125117591727,temporal,routed
0.8241666666666667,0.8099717779868303,temporal,routed
0.8275,0.8090310442144879,temporal,routed
0.8297222222222222,0.8080903104421454,temporal,routed
0.8452777777777778,0.807149576669803,temporal,routed
0.8594444444444445,0.8062088428974605,temporal,routed
0.8622222222222222,0.8052681091251181,temporal,routed
0.8783333333333333,0.8043273753527758,temporal,routed
0.8816666666666667,0.8033866415804334,temporal,routed
0.8894444444444445,0.802445907808091,temporal,routed
0.8916666666666667,0.8015051740357486,temporal,routed
0.8941666666666667,0.8005644402634062,temporal,routed
0.8997222222222222,0.7996237064910638,temporal,routed
0.9025,0.7986829727187214,temporal,routed
0.9480555555555555,0.797742238946379,temporal,routed
0.9502777777777778,0.7968015051740366,temporal,routed
0.9533333333333334,0.7958607714016942,temporal,routed
0.9625,0.7949200376293518,temporal,routed
0.9713888888888889,0.7939793038570094,temporal,routed
0.9783333333333334,0.7930385700846669,temporal,routed
0.9872222222222222,0.7911571025399821,temporal,routed
1.013611111111111,0.7902163687676396,temporal,routed
1.0230555555555556,0.7892756349952972,temporal,routed
1.0894444444444444,0.7883349012229548,temporal,routed
1.11,0.7873941674506124,temporal,routed
1.1133333333333333,0.7864534336782699,temporal,routed
1.1288888888888888,0.7855126999059274,temporal,routed
1.1344444444444444,0.7845719661335849,temporal,routed
1.1411111111111112,0.7836312323612425,temporal,routed
1.156388888888889,0.7826904985889,temporal,routed
1.1647222222222222,0.7817497648165576,temporal,routed
1.1822222222222223,0.7798682972718727,temporal,routed
1.1877777777777778,0.7789275634995303,temporal,routed
1.1991666666666667,0.7779868297271879,temporal,routed
1.1994444444444445,0.7770460959548455,temporal,routed
1.2061111111111111,0.7761053621825031,temporal,routed
1.2130555555555556,0.7751646284101608,temporal,routed
1.2166666666666666,0.7742238946378183,temporal,routed
1.2352777777777777,0.7732831608654759,temporal,routed
1.2366666666666666,0.7723424270931334,temporal,routed
1.2438888888888888,0.7714016933207909,temporal,routed
1.248888888888889,0.7704609595484485,temporal,routed
1.2583333333333333,0.7695202257761061,temporal,routed
1.2808333333333333,0.7685794920037636,temporal,routed
1.2902777777777779,0.7676387582314212,temporal,routed
1.2977777777777777,0.7666980244590789,temporal,routed
1.3077777777777777,0.7657572906867365,temporal,routed
1.31,0.764816556914394,temporal,routed
1.3105555555555555,0.7638758231420516,temporal,routed
1.323888888888889,0.7629350893697091,temporal,routed
1.3530555555555555,0.7619943555973667,temporal,routed
1.3752777777777778,0.7610536218250243,temporal,routed
1.3825,0.7601128880526818,temporal,routed
1.3913888888888888,0.7591721542803395,temporal,routed
1.4102777777777777,0.758231420507997,temporal,routed
1.4111111111111112,0.7572906867356546,temporal,routed
1.4144444444444444,0.7563499529633121,temporal,routed
1.4358333333333333,0.7554092191909696,temporal,routed
1.4433333333333334,0.7544684854186272,temporal,routed
1.4791666666666667,0.7535277516462848,temporal,routed
1.5019444444444445,0.7525870178739424,temporal,routed
1.523611111111111,0.7516462841016001,temporal,routed
1.531111111111111,0.7507055503292576,temporal,routed
1.5375,0.7497648165569152,temporal,routed
1.545,0.7488240827845728,temporal,routed
1.5586111111111112,0.7478833490122304,temporal,routed
1.5725,0.746942615239888,temporal,routed
1.5891666666666666,0.7460018814675455,temporal,routed
1.6052777777777778,0.745061147695203,temporal,routed
1.6080555555555556,0.7441204139228605,temporal,routed
1.6455555555555557,0.743179680150518,temporal,routed
1.6491666666666667,0.7422389463781757,temporal,routed
1.6508333333333334,0.7412982126058332,temporal,routed
1.668611111111111,0.7403574788334907,temporal,routed
1.6819444444444445,0.7394167450611482,temporal,routed
1.6975,0.7384760112888058,temporal,routed
1.7236111111111112,0.7375352775164634,temporal,routed
1.7344444444444445,0.7365945437441209,temporal,routed
1.7819444444444446,0.7356538099717784,temporal,routed
1.7863888888888888,0.734713076199436,temporal,routed
1.8066666666666666,0.7337723424270935,temporal,routed
1.818888888888889,0.7328316086547512,temporal,routed
1.8244444444444445,0.7318908748824088,temporal,routed
1.878611111111111,0.7309501411100664,temporal,routed
1.8833333333333333,0.7300094073377239,temporal,routed
1.9127777777777777,0.7290686735653815,temporal,routed
1.9230555555555555,0.728127939793039,temporal,routed
1.9513888888888888,0.7271872060206965,temporal,routed
1.9602777777777778,0.726246472248354,temporal,routed
1.9697222222222222,0.7253057384760117,temporal,routed
2.028611111111111,0.7243650047036693,temporal,routed
2.0308333333333333,0.7234242709313269,temporal,routed
2.040277777777778,0.7224835371589845,temporal,routed
2.0880555555555556,0.721542803386642,temporal,routed
2.0902777777777777,0.7206020696142996,temporal,routed
2.1080555555555556,0.7196613358419572,temporal,routed
2.1108333333333333,0.7187206020696149,temporal,routed
2.1502777777777777,0.7177798682972724,temporal,routed
2.1658333333333335,0.7168391345249299,temporal,routed
2.1772222222222224,0.7158984007525874,temporal,routed
2.2116666666666664,0.714957666980245,temporal,routed
2.2230555555555553,0.7140169332079026,temporal,routed
2.2880555555555557,0.7130761994355602,temporal,routed
2.2980555555555555,0.7121354656632178,temporal,routed
2.308611111111111,0.7111947318908753,temporal,routed
2.3266666666666667,0.710253998118533,temporal,routed
2.3866666666666667,0.7093132643461905,temporal,routed
2.4202777777777778,0.7083725305738481,temporal,routed
2.445,0.7074317968015057,temporal,routed
2.476111111111111,0.7064910630291633,temporal,routed
2.506388888888889,0.7055503292568209,temporal,routed
2.5194444444444444,0.7046095954844785,temporal,routed
2.5369444444444444,0.703668861712136,temporal,routed
2.562222222222222,0.7027281279397937,temporal,routed
2.575277777777778,0.7017873941674512,temporal,routed
2.578333333333333,0.7008466603951088,temporal,routed
2.5858333333333334,0.6999059266227664,temporal,routed
2.609722222222222,0.698965192850424,temporal,routed
2.6147222222222224,0.6980244590780815,temporal,routed
2.6255555555555556,0.6970837253057391,temporal,routed
2.662777777777778,0.6961429915333968,temporal,routed
2.688888888888889,0.6952022577610544,temporal,routed
2.731388888888889,0.694261523988712,temporal,routed
2.7425,0.6933207902163696,temporal,routed
2.7533333333333334,0.6923800564440272,temporal,routed
2.763888888888889,0.6914393226716847,temporal,routed
2.805277777777778,0.6904985888993423,temporal,routed
2.872777777777778,0.689557855127,temporal,routed
2.9322222222222223,0.6886171213546575,temporal,routed
2.9341666666666666,0.6876763875823151,temporal,routed
2.938888888888889,0.6867356538099726,temporal,routed
2.975,0.6857949200376301,temporal,routed
2.988611111111111,0.6848541862652877,temporal,routed
3.003888888888889,0.6839134524929453,temporal,routed
3.0372222222222223,0.682972718720603,temporal,routed
3.0483333333333333,0.6820319849482606,temporal,routed
3.0516666666666667,0.6810912511759181,temporal,routed
3.0722222222222224,0.6801505174035757,temporal,routed
3.0744444444444445,0.6792097836312333,temporal,routed
3.0755555555555554,0.6782690498588909,temporal,routed
3.0813888888888887,0.6773283160865485,temporal,routed
3.091388888888889,0.6763875823142061,temporal,routed
3.183611111111111,0.6754468485418638,temporal,routed
3.202777777777778,0.6745061147695214,temporal,routed
3.2244444444444444,0.673565380997179,temporal,routed
3.2258333333333336,0.6726246472248366,temporal,routed
3.2425,0.6716839134524942,temporal,routed
3.2872222222222223,0.6707431796801518,temporal,routed
3.3608333333333333,0.6698024459078094,temporal,routed
3.3980555555555556,0.6688617121354669,temporal,routed
3.4519444444444445,0.6679209783631245,temporal,routed
3.473888888888889,0.6669802445907821,temporal,routed
3.4741666666666666,0.6660395108184397,temporal,routed
3.5083333333333333,0.6650987770460973,temporal,routed
3.522222222222222,0.6641580432737548,temporal,routed
3.5302777777777776,0.6632173095014124,temporal,routed
3.5375,0.6622765757290701,temporal,routed
3.6180555555555554,0.6613358419567276,temporal,routed
3.641111111111111,0.6603951081843852,temporal,routed
3.668888888888889,0.6594543744120427,temporal,routed
3.733611111111111,0.6585136406397002,temporal,routed
3.79,0.6575729068673577,temporal,routed
3.8047222222222223,0.6566321730950153,temporal,routed
3.8088888888888888,0.6556914393226729,temporal,routed
3.8841666666666668,0.6547507055503304,temporal,routed
3.9369444444444444,0.653809971777988,temporal,routed
4.026388888888889,0.6528692380056457,temporal,routed
4.040277777777778,0.6519285042333032,temporal,routed
4.14,0.6509877704609607,temporal,routed
4.1497222222222225,0.6500470366886183,temporal,routed
4.200277777777778,0.6491063029162758,temporal,routed
4.205277777777778,0.6481655691439333,temporal,routed
4.227222222222222,0.6472248353715909,temporal,routed
4.273888888888889,0.6462841015992485,temporal,routed
4.338888888888889,0.645343367826906,temporal,routed
4.346666666666667,0.6444026340545636,temporal,routed
4.358055555555556,0.643461900282221,temporal,routed
4.365555555555556,0.6425211665098786,temporal,routed
4.416666666666667,0.6415804327375361,temporal,routed
4.466666666666667,0.6406396989651937,temporal,routed
4.491666666666666,0.6396989651928513,temporal,routed
4.521944444444444,0.6387582314205089,temporal,routed
4.608333333333333,0.6378174976481665,temporal,routed
4.611944444444444,0.6368767638758241,temporal,routed
4.654722222222222,0.6359360301034818,temporal,routed
4.695833333333334,0.6349952963311394,temporal,routed
4.7011111111111115,0.6340545625587969,temporal,routed
4.7027777777777775,0.6331138287864545,temporal,routed
4.740555555555556,0.6321730950141121,temporal,routed
4.747777777777777,0.6312323612417697,temporal,routed
4.7780555555555555,0.6302916274694274,temporal,routed
4.838055555555556,0.629350893697085,temporal,routed
4.858333333333333,0.6284101599247426,temporal,routed
4.865833333333334,0.6274694261524002,temporal,routed
4.873333333333333,0.6265286923800578,temporal,routed
4.8838888888888885,0.6255879586077153,temporal,routed
4.935277777777777,0.6246472248353729,temporal,routed
4.985277777777778,0.6237064910630304,temporal,routed
5.117222222222222,0.6227657572906881,temporal,routed
5.128333333333333,0.6218250235183456,temporal,routed
5.136666666666667,0.6208842897460032,temporal,routed
5.158055555555555,0.6199435559736608,temporal,routed
5.278888888888889,0.6190028222013184,temporal,routed
5.44,0.6180620884289759,temporal,routed
5.443611111111111,0.6171213546566334,temporal,routed
5.45,0.616180620884291,temporal,routed
5.493888888888889,0.6152398871119487,temporal,routed
5.595555555555555,0.6142991533396063,temporal,routed
5.685555555555555,0.6133584195672639,temporal,routed
5.853055555555556,0.6124176857949215,temporal,routed
6.036944444444444,0.6114755047398525,temporal,routed
6.061388888888889,0.6105333236847833,temporal,routed
6.063888888888889,0.6095911426297141,temporal,routed
6.141111111111111,0.6086489615746451,temporal,routed
6.288888888888889,0.6077067805195759,temporal,routed
6.364444444444445,0.6067645994645069,temporal,routed
6.375277777777778,0.6058224184094378,temporal,routed
6.738611111111111,0.6048802373543688,temporal,routed
6.77,0.6039380562992998,temporal,routed
6.812222222222222,0.6029958752442307,temporal,routed
6.864444444444445,0.6020536941891615,temporal,routed
7.150555555555556,0.6011115131340924,temporal,routed
7.260833333333333,0.6001693320790233,temporal,routed
7.332777777777777,0.5992271510239542,temporal,routed
7.446111111111111,0.598284969968885,temporal,routed
7.476666666666667,0.5973427889138159,temporal,routed
7.480277777777777,0.5964006078587467,temporal,routed
7.495833333333334,0.5954584268036776,temporal,routed
7.516111111111111,0.5945162457486084,temporal,routed
7.5175,0.5935740646935393,temporal,routed
7.698055555555555,0.5926318836384702,temporal,routed
7.713611111111111,0.591689702583401,temporal,routed
7.735555555555556,0.5907475215283319,temporal,routed
7.890555555555555,0.5898053404732627,temporal,routed
7.926666666666667,0.5888631594181937,temporal,routed
7.937222222222222,0.5879209783631245,temporal,routed
7.992222222222222,0.5869787973080554,temporal,routed
8.045555555555556,0.5860366162529862,temporal,routed
8.088611111111112,0.5850944351979172,temporal,routed
8.238611111111112,0.584152254142848,temporal,routed
8.545833333333333,0.5832070239581508,temporal,routed
8.638333333333334,0.5822617937734537,temporal,routed
8.747777777777777,0.5813150266291066,temporal,routed
8.886666666666667,0.5803682594847596,temporal,routed
9.151666666666667,0.5794214923404125,temporal,routed
9.302777777777777,0.5784747251960655,temporal,routed
9.413333333333334,0.5775279580517184,temporal,routed
9.464722222222223,0.5765796362815185,temporal,routed
9.473611111111111,0.5756313145113187,temporal,routed
9.616944444444444,0.5746814278537092,temporal,routed
9.8525,0.5737315411960998,temporal,routed
10.008055555555556,0.5727816545384904,temporal,routed
10.040277777777778,0.571831767880881,temporal,routed
10.041666666666666,0.5708818812232715,temporal,routed
10.07611111111111,0.5699319945656621,temporal,routed
10.858611111111111,0.5689773346082657,temporal,routed
10.87,0.5680226746508693,temporal,routed
10.973611111111111,0.5670680146934729,temporal,routed
11.1225,0.5661117448541921,temporal,routed
11.638055555555555,0.5651506043705687,temporal,routed
11.85138888888889,0.5641861835439977,temporal,routed
11.996666666666666,0.5632217627174269,temporal,routed
12.234166666666667,0.5622540277299398,temporal,routed
12.325277777777778,0.5612846242338537,temporal,routed
12.408333333333333,0.5603135435690892,temporal,routed
12.595277777777778,0.5593356839817086,temporal,routed
12.648055555555555,0.5583561118556462,temporal,routed
12.65,0.5573765397295836,temporal,routed
12.928888888888888,0.5563952430047076,temporal,routed
13.186944444444444,0.5554139462798315,temporal,routed
13.225555555555555,0.5544326495549555,temporal,routed
13.383888888888889,0.5534496129422695,temporal,routed
13.6425,0.5524648271541159,temporal,routed
13.695,0.5514800413659624,temporal,routed
13.713055555555556,0.5504952555778089,temporal,routed
14.086666666666666,0.5495104697896553,temporal,routed
14.196666666666667,0.5485256840015018,temporal,routed
14.247777777777777,0.5475408982133483,temporal,routed
14.533333333333333,0.5465561124251948,temporal,routed
14.541666666666666,0.5455713266370412,temporal,routed
14.5625,0.5445865408488877,temporal,routed
14.578333333333333,0.5436017550607342,temporal,routed
14.652222222222223,0.5426169692725806,temporal,routed
14.887777777777778,0.5416321834844271,temporal,routed
15.123611111111112,0.5406456039152386,temporal,routed
15.181944444444444,0.5396590243460503,temporal,routed
15.630277777777778,0.5386688243013786,temporal,routed
15.695555555555556,0.537678624256707,temporal,routed
15.748888888888889,0.5366884242120353,temporal,routed
16.081666666666667,0.5356982241673637,temporal,routed
16.2675,0.5347061904189055,temporal,routed
16.27027777777778,0.5337141566704474,temporal,routed
16.386111111111113,0.5327202755593292,temporal,routed
16.404444444444444,0.531726394448211,temporal,routed
16.46388888888889,0.5307325133370928,temporal,routed
16.48111111111111,0.5297386322259746,temporal,routed
16.531388888888888,0.5287428829172792,temporal,routed
17.014722222222222,0.5277433689609139,temporal,routed
17.172777777777778,0.5267438550045485,temporal,routed
17.189166666666665,0.525744341048183,temporal,routed
17.34722222222222,0.5247448270918177,temporal,routed
17.445833333333333,0.5237453131354524,temporal,routed
17.705555555555556,0.522745799179087,temporal,routed
17.799166666666668,0.5217443704450274,temporal,routed
17.985277777777778,0.5207429417109678,temporal,routed
18.127222222222223,0.5197415129769083,temporal,routed
18.1275,0.5187400842428487,temporal,routed
18.136944444444445,0.5177386555087892,temporal,routed
18.156388888888888,0.5167372267747296,temporal,routed
18.163333333333334,0.51573579804067,temporal,routed
18.186666666666667,0.5147343693066105,temporal,routed
18.18888888888889,0.513732940572551,temporal,routed
18.19527777777778,0.5127315118384914,temporal,routed
18.19611111111111,0.5117300831044319,temporal,routed
18.205833333333334,0.5107286543703724,temporal,routed
18.216944444444444,0.5097272256363129,temporal,routed
18.252777777777776,0.5087257969022534,temporal,routed
18.26638888888889,0.5077243681681939,temporal,routed
18.335833333333333,0.5067229394341344,temporal,routed
18.40222222222222,0.5057215107000749,temporal,routed
18.452222222222222,0.5047200819660154,temporal,routed
18.51972222222222,0.5037186532319559,temporal,routed
18.58388888888889,0.5027172244978962,temporal,routed
18.674722222222222,0.5017157957638367,temporal,routed
18.72888888888889,0.5007143670297771,temporal,routed
19.343888888888888,0.49971293829571756,temporal,routed
19.345555555555556,0.498711509561658,temporal,routed
19.475,0.49771008082759843,temporal,routed
19.475277777777777,0.49670865209353887,temporal,routed
19.558888888888887,0.4957072233594793,temporal,routed
19.588055555555556,0.49470579462541975,temporal,routed
19.593611111111112,0.4937043658913602,temporal,routed
19.618333333333332,0.4927029371573007,temporal,routed
19.74277777777778,0.4917015084232411,temporal,routed
19.781944444444445,0.49070007968918156,temporal,routed
19.796944444444446,0.489698650955122,temporal,routed
19.985833333333332,0.48869517011300084,temporal,routed
20.110833333333332,0.4876916892708797,temporal,routed
20.192777777777778,0.48668820842875854,temporal,routed
20.204444444444444,0.4856847275866374,temporal,routed
20.741666666666667,0.48468124674451624,temporal,routed
20.80472222222222,0.4836777659023951,temporal,routed
20.934166666666666,0.48267428506027393,temporal,routed
21.13861111111111,0.4816708042181528,temporal,routed
21.49361111111111,0.48066312471142025,temporal,routed
21.520833333333332,0.4796554452046877,temporal,routed
21.85388888888889,0.4786456442674147,temporal,routed
22.02027777777778,0.47763584333014164,temporal,routed
22.109166666666667,0.4766260423928686,temporal,routed
22.27611111111111,0.47561624145559556,temporal,routed
22.385277777777777,0.4746064405183225,temporal,routed
22.400555555555556,0.4735966395810495,temporal,routed
22.401666666666667,0.4725868386437765,temporal,routed
22.512777777777778,0.47157703770650344,temporal,routed
22.52888888888889,0.4705672367692304,temporal,routed
22.753611111111113,0.46955743583195736,temporal,routed
22.960555555555555,0.4685476348946843,temporal,routed
23.0075,0.4675378339574113,temporal,routed
23.378055555555555,0.4665258473038238,temporal,routed
23.44611111111111,0.46551386065023637,temporal,routed
23.497777777777777,0.4645018739966489,temporal,routed
23.713055555555556,0.4634898873430614,temporal,routed
23.841666666666665,0.462477900689474,temporal,routed
23.93777777777778,0.4614659140358865,temporal,routed
24.004166666666666,0.46045392738229907,temporal,routed
24.27638888888889,0.4594419407287116,temporal,routed
24.448333333333334,0.4584299540751241,temporal,routed
24.475555555555555,0.4574179674215366,temporal,routed
24.49388888888889,0.4564059807679492,temporal,routed
24.85611111111111,0.4553939941143617,temporal,routed
25.157222222222224,0.45438200746077423,temporal,routed
25.275555555555556,0.4533700208071868,temporal,routed
25.403333333333332,0.4523580341535993,temporal,routed
25.42527777777778,0.45134604750001184,temporal,routed
25.523888888888887,0.45033406084642436,temporal,routed
25.60611111111111,0.4493220741928369,temporal,routed
25.635,0.4483100875392494,temporal,routed
25.734166666666667,0.4472981008856619,temporal,routed
26.210833333333333,0.4462861142320744,temporal,routed
26.34,0.44527412757848694,temporal,routed
27.31861111111111,0.44426214092489946,temporal,routed
27.32888888888889,0.443250154271312,temporal,routed
27.334444444444443,0.4422381676177245,temporal,routed
27.364166666666666,0.441226180964137,temporal,routed
27.369444444444444,0.44021419431054953,temporal,routed
27.373333333333335,0.43920220765696205,temporal,routed
27.4225,0.43819022100337457,temporal,routed
27.439722222222223,0.4371782343497871,temporal,routed
27.50861111111111,0.43616624769619966,temporal,routed
27.54111111111111,0.43515426104261223,temporal,routed
27.651666666666667,0.43414227438902475,temporal,routed
27.710277777777776,0.43313028773543727,temporal,routed
27.766111111111112,0.4321183010818498,temporal,routed
27.90388888888889,0.43110393887273746,temporal,routed
27.929166666666667,0.43008957666362513,temporal,routed
28.33388888888889,0.4290752144545128,temporal,routed
28.51861111111111,0.42806085224540047,temporal,routed
28.69472222222222,0.42704649003628814,temporal,routed
28.700833333333332,0.4260321278271758,temporal,routed
28.764444444444443,0.4250177656180635,temporal,routed
29.18722222222222,0.42400340340895115,temporal,routed
29.51861111111111,0.4229890411998388,temporal,routed
30.281944444444445,0.4219722406200315,temporal,routed
30.679444444444446,0.4209554400402242,temporal,routed
30.758055555555554,0.41993863946041693,temporal,routed
30.786666666666665,0.41892183888060963,temporal,routed
30.825277777777778,0.41790503830080233,temporal,routed
31.096944444444443,0.41688823772099504,temporal,routed
31.7975,0.41587143714118774,temporal,routed
31.90388888888889,0.41485463656138044,temporal,routed
33.09722222222222,0.41383533770005027,temporal,routed
34.45305555555556,0.4128160388387201,temporal,routed
35.14194444444445,0.4117916814222468,temporal,routed
35.435,0.4107647694985006,temporal,routed
35.515277777777776,0.4097378575747544,temporal,routed
35.81527777777778,0.4087083654702952,temporal,routed
36.69444444444444,0.40767627363829956,temporal,routed
37.51833333333333,0.40664156228388765,temporal,routed
37.94555555555556,0.40560421135969404,temporal,routed
38.07805555555556,0.40456686043550044,temporal,routed
39.484722222222224,0.40352146803127437,temporal,routed
40.092777777777776,0.40247336032210224,temporal,routed
40.14138888888889,0.4014252526129301,temporal,routed
40.403055555555554,0.4003716430260195,temporal,routed
40.64194444444445,0.39931245878520993,temporal,routed
40.68388888888889,0.39825327454440035,temporal,routed
40.93972222222222,0.3971912658122819,temporal,routed
41.62555555555556,0.3961235473557973,temporal,routed
41.69888888888889,0.3950558288993127,temporal,routed
41.77777777777778,0.39398811044282805,temporal,routed
42.935833333333335,0.3929116401957165,temporal,routed
43.33972222222222,0.39183221261276124,temporal,routed
44.54361111111111,0.39074980318565417,temporal,routed
45.69166666666667,0.3896673937585471,temporal,routed
45.71611111111111,0.38858498433144,temporal,routed
45.82527777777778,0.38750257490433293,temporal,routed
46.015277777777776,0.38642016547722585,temporal,routed
46.0625,0.3853377560501188,temporal,routed
47.465555555555554,0.38423992768530363,temporal,routed
47.533055555555556,0.3831420993204885,temporal,routed
47.869166666666665,0.38204427095567334,temporal,routed
48.41694444444445,0.3809464425908582,temporal,routed
48.49638888888889,0.37984861422604305,temporal,routed
48.83694444444444,0.3787507858612279,temporal,routed
49.1775,0.37765295749641276,temporal,routed
49.456944444444446,0.3765551291315976,temporal,routed
49.47972222222222,0.37545730076678246,temporal,routed
49.75972222222222,0.3743594724019673,temporal,routed
49.833333333333336,0.3732616440371522,temporal,routed
50.30138888888889,0.37216381567233703,temporal,routed
50.33277777777778,0.3710659873075219,temporal,routed
51.129444444444445,0.36996815894270674,temporal,routed
51.54194444444445,0.3688703305778916,temporal,routed
52.75527777777778,0.36777250221307645,temporal,routed
53.36638888888889,0.3666746738482613,temporal,routed
55.65027777777778,0.3655702320595617,temporal,routed
56.42777777777778,0.3644657902708621,temporal,routed
59.25527777777778,0.36334779704917236,temporal,routed
61.591944444444444,0.36222635323111935,temporal,routed
62.413333333333334,0.3610979222241688,temporal,routed
64.845,0.3599623941668601,temporal,routed
65.94888888888889,0.3588268661095514,temporal,routed
66.04916666666666,0.3576913380522427,temporal,routed
66.94583333333334,0.3565521936635413,temporal,routed
67.71527777777777,0.35540572358745276,temporal,routed
67.85833333333333,0.3542555432522183,temporal,routed
68.85416666666667,0.3531016164012339,temporal,routed
68.96138888888889,0.35194768955024947,temporal,routed
69.4486111111111,0.35079376269926504,temporal,routed
69.7213888888889,0.3496398358482806,temporal,routed
71.40222222222222,0.3484820880474585,temporal,routed
71.6438888888889,0.3473243402466364,temporal,routed
71.9975,0.34616659244581427,temporal,routed
72.2925,0.34500884464499215,temporal,routed
73.90694444444445,0.34385109684417003,temporal,routed
74.58111111111111,0.3426933490433479,temporal,routed
74.9186111111111,0.3415356012425258,temporal,routed
75.45805555555556,0.3403778534417037,temporal,routed
76.3,0.33922010564088156,temporal,routed
77.99916666666667,0.33806235784005945,temporal,routed
81.39944444444444,0.33690461003923733,temporal,routed
83.46083333333333,0.3357428700046193,temporal,routed
84.70777777777778,0.33457303422063106,temporal,routed
85.22222222222223,0.33340319843664284,temporal,routed
86.4036111111111,0.33222924351257016,temporal,routed
88.24138888888889,0.3310552885884975,temporal,routed
88.47527777777778,0.3298813336644248,temporal,routed
89.72638888888889,0.3287073787403521,temporal,routed
90.49222222222222,0.3275334238162794,temporal,routed
90.80638888888889,0.32635946889220674,temporal,routed
91.67,0.32518551396813405,temporal,routed
91.7575,0.32401155904406137,temporal,routed
92.95222222222222,0.32283333519299207,temporal,routed
94.58805555555556,0.32165511134192276,temporal,routed
94.90694444444445,0.32047688749085346,temporal,routed
95.65694444444445,0.31929866363978415,temporal,routed
96.23472222222222,0.31812043978871485,temporal,routed
97.59305555555555,0.31694221593764554,temporal,routed
98.24722222222222,0.31576399208657624,temporal,routed
98.26777777777778,0.31458576823550694,temporal,routed
102.62944444444445,0.31340311497146367,temporal,routed
106.58944444444444,0.3122114681464771,temporal,routed
107.68222222222222,0.3110198213214906,temporal,routed
114.27666666666667,0.3098049001444535,temporal,routed
116.22111111111111,0.3085851958131761,temporal,routed
117.21305555555556,0.30735085502992343,temporal,routed
117.51861111111111,0.3061165142466707,temporal,routed
117.78944444444444,0.304882173463418,temporal,routed
117.93583333333333,0.30364783268016526,temporal,routed
118.39888888888889,0.3024134918969126,temporal,routed
118.5025,0.30117915111365984,temporal,routed
118.58805555555556,0.29994481033040715,temporal,routed
119.1525,0.29871046954715447,temporal,routed
121.11333333333333,0.2974710070179132,temporal,routed
122.27833333333334,0.2962263584529847,temporal,routed
123.65305555555555,0.2949764582063476,temporal,routed
125.70333333333333,0.29372655795971053,temporal,routed
127.9336111111111,0.29247665771307346,temporal,routed
136.4936111111111,0.29110994435927406,temporal,routed
139.75555555555556,0.2897367842443718,temporal,routed
140.48111111111112,0.28835708527177956,temporal,routed
140.8875,0.2869773862991873,temporal,routed
141.395,0.28557749660992293,temporal,routed
149.7138888888889,0.2841567130446994,temporal,routed
149.89555555555555,0.28272878986357025,temporal,routed
149.96,0.2813008666824411,temporal,routed
151.2813888888889,0.2798729435013119,temporal,routed
152.10305555555556,0.27843029946264536,temporal,routed
152.17111111111112,0.2769876554239788,temporal,routed
152.18055555555554,0.27554501138531223,temporal,routed
158.37194444444444,0.2740142057665049,temporal,routed
159.29972222222221,0.2724748001161313,temporal,routed
160.22444444444446,0.27090885298902706,temporal,routed
162.0702777777778,0.2693338015181606,temporal,routed
162.13694444444445,0.2677587500472942,temporal,routed
163.14166666666668,0.26618369857642776,temporal,routed
164.63111111111112,0.2646086471055613,temporal,routed
165.67083333333332,0.2630241641887615,temporal,routed
167.14833333333334,0.2614300783451933,temporal,routed
167.44694444444445,0.25983599250162503,temporal,routed
170.17805555555555,0.2582419066580568,temporal,routed
170.3713888888889,0.25664782081448856,temporal,routed
172.8275,0.2550537349709203,temporal,routed
175.74805555555557,0.25343947082553475,temporal,routed
188.2136111111111,0.25161616528002734,temporal,routed
188.98638888888888,0.2497928597345199,temporal,routed
190.57944444444445,0.24796955418901245,temporal,routed
199.20111111111112,0.2460620960798662,temporal,routed
199.32305555555556,0.24415463797071996,temporal,routed
202.1888888888889,0.2421696409140474,temporal,routed
205.9947222222222,0.2401346019147697,temporal,routed
206.99027777777778,0.238099562915492,temporal,routed
207.97694444444446,0.23604698047656536,temporal,routed
208.665,0.23397639292852532,temporal,routed
209.175,0.23190580538048527,temporal,routed
210.22861111111112,0.22983521783244523,temporal,routed
211.79916666666668,0.2277646302844052,temporal,routed
212.48638888888888,0.22567504652032808,temporal,routed
213.7513888888889,0.22356593393602595,temporal,routed
214.60694444444445,0.22141626149433338,temporal,routed
244.6472222222222,0.21903544147826529,temporal,routed
248.6563888888889,0.216601714350729,temporal,routed
259.80055555555555,0.21411203947313442,temporal,routed
270.78527777777776,0.2114686809611204,temporal,routed
271.8538888888889,0.2088253224491064,temporal,routed
285.1227777777778,0.2060033586322266,temporal,routed
286.3983333333333,0.2031422008734457,temporal,routed
287.40944444444443,0.20024016943239648,temporal,routed
301.0186111111111,0.19715955144112884,temporal,routed
301.02166666666665,0.1940789334498612,temporal,routed
364.1922222222222,0.1819490001092449,temporal,routed
720.0,0.1819490001092449,temporal,routed
0.0,1.0,temporal,accepted
0.0016666666666666668,0.9998232278592893,temporal,accepted
0.0019444444444444444,0.9987625950150256,temporal,accepted
0.0022222222222222222,0.9938129750751281,temporal,accepted
0.0025,0.983560190913912,temporal,accepted
0.002777777777777778,0.9639384832950327,temporal,accepted
0.0030555555555555557,0.925225384479406,temporal,accepted
0.0033333333333333335,0.8550468446172883,temporal,accepted
0.003611111111111111,0.7880502032879618,temporal,accepted
0.0038888888888888888,0.724058688350716,temporal,accepted
0.004166666666666667,0.6851688173943786,temporal,accepted
0.0044444444444444444,0.6524659713629132,temporal,accepted
0.004722222222222222,0.6287785045076896,temporal,accepted
0.005,0.6096871133109422,temporal,accepted
0.005277777777777778,0.589535089269931,temporal,accepted
0.005555555555555556,0.5736255966059749,temporal,accepted
0.005833333333333334,0.5610747746155206,temporal,accepted
0.006111111111111111,0.5527664840021213,temporal,accepted
0.006388888888888889,0.5409227505745094,temporal,accepted
0.006666666666666667,0.5315538271168464,temporal,accepted
0.006944444444444444,0.5234223086441576,temporal,accepted
0.007222222222222222,0.5168817394378645,temporal,accepted
0.0075,0.5092805373873077,temporal,accepted
0.0077777777777777776,0.5020328796181721,temporal,accepted
0.008055555555555555,0.49637617111543214,temporal,accepted
0.008333333333333333,0.49124977903482403,temporal,accepted
0.008611111111111111,0.48771433622061156,temporal,accepted
0.008888888888888889,0.48347180484355656,temporal,accepted
0.009166666666666667,0.4786989570443697,temporal,accepted
0.009444444444444445,0.4764009192151316,temporal,accepted
0.009722222222222222,0.47304224854162974,temporal,accepted
0.01,0.46933003358670666,temporal,accepted
0.010277777777777778,0.46455718578751987,temporal,accepted
0.010555555555555556,0.4599611101290436,temporal,accepted
0.010833333333333334,0.45730952801838426,temporal,accepted
0.011111111111111112,0.4546579459077249,temporal,accepted
0.01138888888888889,0.45112250309351243,temporal,accepted
0.011666666666666667,0.44970832596782745,temporal,accepted
0.011944444444444445,0.44670319957574683,temporal,accepted
0.012222222222222223,0.44458193388721934,temporal,accepted
0.0125,0.44228389605798124,temporal,accepted
0.012777777777777779,0.4398090860880325,temporal,accepted
0.013055555555555556,0.43751104825879433,temporal,accepted
0.013333333333333334,0.4352130104295562,temporal,accepted
0.01361111111111111,0.43344528902244994,temporal,accepted
0.013888888888888888,0.4309704790525012,temporal,accepted
0.014166666666666666,0.4297330740675268,temporal,accepted
0.014444444444444444,0.4274350362382887,temporal,accepted
0.014722222222222222,0.4251369984090506,temporal,accepted
0.015,0.42389959342407624,temporal,accepted
0.015277777777777777,0.4219550998762594,temporal,accepted
0.015555555555555555,0.4208944670319956,temporal,accepted
0.015833333333333335,0.41859642920275747,temporal,accepted
0.01611111111111111,0.41682870779565123,temporal,accepted
0.01638888888888889,0.41559130281067685,temporal,accepted
0.016666666666666666,0.4138235814035706,temporal,accepted
0.016944444444444446,0.41223263213717504,temporal,accepted
0.017222222222222222,0.41081845501149006,temporal,accepted
0.0175,0.40993459430793694,temporal,accepted
0.017777777777777778,0.4094042778858051,temporal,accepted
0.018055555555555554,0.4081668729008307,temporal,accepted
0.018333333333333333,0.4074597843379882,temporal,accepted
0.01861111111111111,0.4060456072123032,temporal,accepted
0.01888888888888889,0.4053385186494607,temporal,accepted
0.019166666666666665,0.4042778858051969,temporal,accepted
0.019444444444444445,0.4028637086795119,temporal,accepted
0.01972222222222222,0.4014495315538269,temporal,accepted
0.02,0.4000353544281419,temporal,accepted
0.020277777777777777,0.3984444051617463,temporal,accepted
0.020555555555555556,0.39756054445819317,temporal,accepted
0.020833333333333332,0.39685345589535065,temporal,accepted
0.021111111111111112,0.395262506628955,temporal,accepted
0.021388888888888888,0.3936715573625594,temporal,accepted
0.021666666666666667,0.3926109245182956,temporal,accepted
0.021944444444444444,0.3917270638147425,temporal,accepted
0.022222222222222223,0.3911967473926106,temporal,accepted
0.0225,0.39066643097047876,temporal,accepted
0.02277777777777778,0.3892522538447938,temporal,accepted
0.023055555555555555,0.38836839314124066,temporal,accepted
0.023333333333333334,0.38748453243768755,temporal,accepted
0.02361111111111111,0.3857168110305813,temporal,accepted
0.02388888888888889,0.38518649460844945,temporal,accepted
0.024166666666666666,0.38430263390489633,temporal,accepted
0.024444444444444446,0.38306522891992195,temporal,accepted
0.024722222222222222,0.3818278239349476,temporal,accepted
0.025,0.38112073537210506,temporal,accepted
0.025277777777777777,0.3797065582464201,temporal,accepted
0.025555555555555557,0.3782923811207351,temporal,accepted
0.025833333333333333,0.3775852925578926,temporal,accepted
0.026111111111111113,0.37687820399505007,temporal,accepted
0.02638888888888889,0.37617111543220755,temporal,accepted
0.02666666666666667,0.37493371044723317,temporal,accepted
0.026944444444444444,0.37387307760296945,temporal,accepted
0.02722222222222222,0.37316598904012693,temporal,accepted
0.0275,0.3729892168994163,temporal,accepted
0.027777777777777776,0.3717518119144419,temporal,accepted
0.028055555555555556,0.3706911790701782,temporal,accepted
0.028333333333333332,0.3701608626480463,temporal,accepted
0.02861111111111111,0.36874668552236134,temporal,accepted
0.028888888888888888,0.3678628248188082,temporal,accepted
0.029166666666666667,0.3668021919745445,temporal,accepted
0.029444444444444443,0.36627187555241264,temporal,accepted
0.029722222222222223,0.36609510341170204,temporal,accepted
0.03,0.3652112427081489,temporal,accepted
0.03027777777777778,0.36485769842672766,temporal,accepted
0.030555555555555555,0.3636202934417533,temporal,accepted
0.030833333333333334,0.363266749160332,temporal,accepted
0.03111111111111111,0.36273643273820017,temporal,accepted
0.03138888888888889,0.3623828884567789,temporal,accepted
0.03166666666666667,0.36185257203464705,temporal,accepted
0.03194444444444444,0.36167579989393644,temporal,accepted
0.03222222222222222,0.3606151670496727,temporal,accepted
0.0325,0.35937776206469835,temporal,accepted
0.03277777777777778,0.3592009899239877,temporal,accepted
0.03305555555555555,0.35884744564256643,temporal,accepted
0.03333333333333333,0.3584939013611452,temporal,accepted
0.03361111111111111,0.35778681279830266,temporal,accepted
0.03388888888888889,0.3574332685168814,temporal,accepted
0.034166666666666665,0.3565494078133283,temporal,accepted
0.034444444444444444,0.3563726356726176,temporal,accepted
0.035,0.35584231925048576,temporal,accepted
0.035277777777777776,0.3551352306876433,temporal,accepted
0.035555555555555556,0.35460491426551144,temporal,accepted
0.035833333333333335,0.3544281421248008,temporal,accepted
0.03611111111111111,0.35372105356195827,temporal,accepted
0.03638888888888889,0.35266042071769454,temporal,accepted
0.03666666666666667,0.3523068764362733,temporal,accepted
0.036944444444444446,0.35213010429556263,temporal,accepted
0.03722222222222222,0.3514230157327201,temporal,accepted
0.0375,0.34983206646632453,temporal,accepted
0.03777777777777778,0.349124977903482,temporal,accepted
0.03805555555555556,0.3484178893406395,temporal,accepted
0.03833333333333333,0.3478875729185076,temporal,accepted
0.03861111111111111,0.347710800777797,temporal,accepted
0.03888888888888889,0.3475340286370864,temporal,accepted
0.03916666666666667,0.3471804843556651,temporal,accepted
0.03944444444444444,0.3466501679335332,temporal,accepted
0.04,0.3455895350892695,temporal,accepted
0.04027777777777778,0.3452359908078482,temporal,accepted
0.04055555555555555,0.3450592186671376,temporal,accepted
0.04083333333333333,0.34452890224500576,temporal,accepted
0.04111111111111111,0.3441753579635845,temporal,accepted
0.04138888888888889,0.3438218136821633,temporal,accepted
0.041666666666666664,0.34329149726003144,temporal,accepted
0.041944444444444444,0.3429379529786102,temporal,accepted
0.042222222222222223,0.3424076365564783,temporal,accepted
0.0425,0.34205409227505706,temporal,accepted
0.042777777777777776,0.3415237758529252,temporal,accepted
0.043055555555555555,0.34099345943079334,temporal,accepted
0.043333333333333335,0.34081668729008274,temporal,accepted
0.043611111111111114,0.3402863708679509,temporal,accepted
0.04388888888888889,0.3399328265865296,temporal,accepted
0.04416666666666667,0.33957928230510837,temporal,accepted
0.044444444444444446,0.3392257380236871,temporal,accepted
0.04472222222222222,0.3390489658829765,temporal,accepted
0.045,0.33887219374226585,temporal,accepted
0.04527777777777778,0.3385186494608446,temporal,accepted
0.04555555555555556,0.33816510517942333,temporal,accepted
0.04583333333333333,0.33763478875729147,temporal,accepted
0.04611111111111111,0.33657415591302775,temporal,accepted
0.04666666666666667,0.3362206116316065,temporal,accepted
0.04694444444444444,0.33586706735018523,temporal,accepted
0.04722222222222222,0.3356902952094746,temporal,accepted
0.0475,0.33498320664663206,temporal,accepted
0.04777777777777778,0.3344528902245002,temporal,accepted
0.04805555555555555,0.33392257380236834,temporal,accepted
0.04888888888888889,0.3332154852395258,temporal,accepted
0.049166666666666664,0.3330387130988152,temporal,accepted
0.049444444444444444,0.3325083966766833,temporal,accepted
0.04972222222222222,0.33215485239526205,temporal,accepted
0.05,0.33197808025455144,temporal,accepted
0.050555555555555555,0.3318013081138408,temporal,accepted
0.050833333333333335,0.33091744741028767,temporal,accepted
0.051111111111111114,0.3303871309881558,temporal,accepted
0.05138888888888889,0.33021035884744515,temporal,accepted
0.051666666666666666,0.33003358670673455,temporal,accepted
0.051944444444444446,0.3296800424253133,temporal,accepted
0.052222222222222225,0.32932649814389203,temporal,accepted
0.05277777777777778,0.3289729538624708,temporal,accepted
0.05305555555555556,0.3287961817217602,temporal,accepted
0.05333333333333334,0.32861940958104957,temporal,accepted
0.05361111111111111,0.3284426374403389,temporal,accepted
0.05388888888888889,0.3282658652996283,temporal,accepted
0.05416666666666667,0.3273820045960752,temporal,accepted
0.05444444444444444,0.32685168817394333,temporal,accepted
0.05472222222222222,0.32614459961110087,temporal,accepted
0.055,0.3257910553296796,temporal,accepted
0.05527777777777778,0.32526073890754775,temporal,accepted
0.05555555555555555,0.3247304224854159,temporal,accepted
0.05583333333333333,0.32420010606328403,temporal,accepted
0.05611111111111111,0.32402333392257343,temporal,accepted
0.05638888888888889,0.3233162453597309,temporal,accepted
0.056666666666666664,0.32296270107830966,temporal,accepted
0.05694444444444444,0.322785928937599,temporal,accepted
0.05722222222222222,0.32225561251546714,temporal,accepted
0.0575,0.3217252960933353,temporal,accepted
0.057777777777777775,0.32101820753049276,temporal,accepted
0.058333333333333334,0.32084143538978216,temporal,accepted
0.058611111111111114,0.3204878911083609,temporal,accepted
0.058888888888888886,0.32013434682693964,temporal,accepted
0.059166666666666666,0.3197808025455184,temporal,accepted
0.060833333333333336,0.3196040304048078,temporal,accepted
0.06111111111111111,0.3190737139826759,temporal,accepted
0.06138888888888889,0.31854339756054406,temporal,accepted
0.06166666666666667,0.31836662541983346,temporal,accepted
0.06194444444444445,0.31818985327912286,temporal,accepted
0.06222222222222222,0.31748276471628034,temporal,accepted
0.0625,0.31730599257556974,temporal,accepted
0.06305555555555556,0.3169524482941485,temporal,accepted
0.06333333333333334,0.3165989040127272,temporal,accepted
0.0636111111111111,0.3164221318720166,temporal,accepted
0.06416666666666666,0.31624535973130596,temporal,accepted
0.06444444444444444,0.3155382711684635,temporal,accepted
0.065,0.31518472688704224,temporal,accepted
0.06527777777777778,0.3150079547463316,temporal,accepted
0.06555555555555556,0.3144776383241997,temporal,accepted
0.06583333333333333,0.3143008661834891,temporal,accepted
0.0661111111111111,0.31394732190206787,temporal,accepted
0.06638888888888889,0.3137705497613572,temporal,accepted
0.06666666666666667,0.31324023333922535,temporal,accepted
0.06722222222222222,0.3130634611985147,temporal,accepted
0.06777777777777778,0.3128866890578041,temporal,accepted
0.06805555555555555,0.31270991691709343,temporal,accepted
0.06833333333333333,0.3123563726356722,temporal,accepted
0.06861111111111111,0.3120028283542509,temporal,accepted
0.06888888888888889,0.31147251193211906,temporal,accepted
0.06916666666666667,0.31129573979140845,temporal,accepted
0.06944444444444445,0.3109421955099872,temporal,accepted
0.07027777777777777,0.31041187908785534,temporal,accepted
0.07083333333333333,0.3098815626657235,temporal,accepted
0.07111111111111111,0.3095280183843022,temporal,accepted
0.07138888888888889,0.30935124624359156,temporal,accepted
0.07194444444444445,0.3089977019621703,temporal,accepted
0.07222222222222222,0.30864415768074904,temporal,accepted
0.07305555555555555,0.3081138412586172,temporal,accepted
0.07361111111111111,0.3079370691179066,temporal,accepted
0.07388888888888889,0.3075835248364853,temporal,accepted
0.07416666666666667,0.3074067526957747,temporal,accepted
0.07444444444444444,0.30722998055506406,temporal,accepted
0.07472222222222222,0.30687643627364286,temporal,accepted
0.075,0.30669966413293226,temporal,accepted
0.07611111111111112,0.3061693477108004,temporal,accepted
0.0763888888888889,0.30581580342937914,temporal,accepted
0.07666666666666666,0.3054622591479579,temporal,accepted
0.07694444444444444,0.3051087148665366,temporal,accepted
0.0775,0.304931942725826,temporal,accepted
0.07777777777777778,0.30440162630369416,temporal,accepted
0.07833333333333334,0.30422485416298356,temporal,accepted
0.07888888888888888,0.30404808202227296,temporal,accepted
0.07916666666666666,0.30387130988156236,temporal,accepted
0.07944444444444444,0.30369453774085176,temporal,accepted
0.08,0.3033409934594305,temporal,accepted
0.08055555555555556,0.3031642213187199,temporal,accepted
0.08083333333333333,0.30263390489658804,temporal,accepted
0.08194444444444444,0.30245713275587743,temporal,accepted
0.08222222222222222,0.3022803606151668,temporal,accepted
0.08277777777777778,0.3021035884744561,temporal,accepted
0.08333333333333333,0.30175004419303486,temporal,accepted
0.08361111111111111,0.30157327205232426,temporal,accepted
0.08416666666666667,0.30139649991161366,temporal,accepted
0.08444444444444445,0.301219727770903,temporal,accepted
0.085,0.3010429556301924,temporal,accepted
0.08583333333333333,0.30086618348948174,temporal,accepted
0.08666666666666667,0.3006894113487711,temporal,accepted
0.08694444444444445,0.3005126392080605,temporal,accepted
0.08722222222222223,0.3003358670673498,temporal,accepted
0.0875,0.30015909492663917,temporal,accepted
0.08916666666666667,0.2996287785045073,temporal,accepted
0.08944444444444444,0.29927523422308605,temporal,accepted
0.08972222222222222,0.2990984620823754,temporal,accepted
0.09083333333333334,0.29892168994166474,temporal,accepted
0.0913888888888889,0.29874491780095414,temporal,accepted
0.09166666666666666,0.29856814566024353,temporal,accepted
0.09194444444444444,0.2982146013788223,temporal,accepted
0.09222222222222222,0.2980378292381117,temporal,accepted
0.0925,0.297861057097401,temporal,accepted
0.09305555555555556,0.29768428495669036,temporal,accepted
0.09388888888888888,0.29750751281597976,temporal,accepted
0.095,0.29733074067526916,temporal,accepted
0.09527777777777778,0.2969771963938479,temporal,accepted
0.09555555555555556,0.29662365211242664,temporal,accepted
0.09722222222222222,0.296446879971716,temporal,accepted
0.0975,0.2962701078310054,temporal,accepted
0.09805555555555556,0.2960933356902948,temporal,accepted
0.09833333333333333,0.2959165635495842,temporal,accepted
0.09861111111111111,0.2955630192681629,temporal,accepted
0.1,0.29520947498674166,temporal,accepted
0.10083333333333333,0.29503270284603106,temporal,accepted
0.10138888888888889,0.29485593070532046,temporal,accepted
0.10194444444444445,0.29467915856460986,temporal,accepted
0.10222222222222223,0.2943256142831886,temporal,accepted
0.105,0.29414884214247794,temporal,accepted
0.10666666666666667,0.2939720700017673,temporal,accepted
0.10694444444444444,0.2937952978610566,temporal,accepted
0.10861111111111112,0.29361852572034597,temporal,accepted
0.10916666666666666,0.29344175357963537,temporal,accepted
0.11,0.29326498143892477,temporal,accepted
0.11027777777777778,0.29308820929821416,temporal,accepted
0.11194444444444444,0.2929114371575035,temporal,accepted
0.11222222222222222,0.2927346650167929,temporal,accepted
0.1125,0.2925578928760823,temporal,accepted
0.11333333333333333,0.2923811207353717,temporal,accepted
0.11388888888888889,0.2922043485946611,temporal,accepted
0.11472222222222223,0.29202757645395044,temporal,accepted
0.115,0.29185080431323984,temporal,accepted
0.11527777777777778,0.2914972600318186,temporal,accepted
0.11555555555555555,0.291320487891108,temporal,accepted
0.11583333333333333,0.2911437157503974,temporal,accepted
0.11722222222222223,0.2909669436096867,temporal,accepted
0.11805555555555555,0.29079017146897607,temporal,accepted
0.11888888888888889,0.29061339932826546,temporal,accepted
0.11916666666666667,0.2902598550468442,temporal,accepted
0.11972222222222222,0.2900830829061336,temporal,accepted
0.12,0.28990631076542295,temporal,accepted
0.12027777777777778,0.28972953862471235,temporal,accepted
0.12083333333333333,0.28955276648400174,temporal,accepted
0.1213888888888889,0.28937599434329114,temporal,accepted
0.12222222222222222,0.2890224500618699,temporal,accepted
0.12305555555555556,0.2886689057804486,temporal,accepted
0.1238888888888889,0.28831536149902737,temporal,accepted
0.125,0.28813858935831677,temporal,accepted
0.12527777777777777,0.28796181721760616,temporal,accepted
0.12694444444444444,0.28778504507689556,temporal,accepted
0.1275,0.28760827293618496,temporal,accepted
0.12805555555555556,0.28743150079547436,temporal,accepted
0.1288888888888889,0.2869011843733425,temporal,accepted
0.12916666666666668,0.28672441223263184,temporal,accepted
0.13111111111111112,0.2865476400919212,temporal,accepted
0.1313888888888889,0.2863708679512106,temporal,accepted
0.13277777777777777,0.2860173236697893,temporal,accepted
0.13333333333333333,0.28584055152907867,temporal,accepted
0.1338888888888889,0.28566377938836807,temporal,accepted
0.13694444444444445,0.28548700724765746,temporal,accepted
0.13777777777777778,0.28531023510694686,temporal,accepted
0.1386111111111111,0.2851334629662362,temporal,accepted
0.13916666666666666,0.2849566908255256,temporal,accepted
0.13944444444444445,0.28477991868481495,temporal,accepted
0.13972222222222222,0.2844263744033937,temporal,accepted
0.14055555555555554,0.2842496022626831,temporal,accepted
0.14083333333333334,0.2840728301219725,temporal,accepted
0.1411111111111111,0.2838960579812619,temporal,accepted
0.1413888888888889,0.2837192858405513,temporal,accepted
0.14277777777777778,0.2835425136998406,temporal,accepted
0.1436111111111111,0.28336574155913,temporal,accepted
0.1438888888888889,0.28318896941841937,temporal,accepted
0.14555555555555555,0.28301219727770877,temporal,accepted
0.1463888888888889,0.28283542513699816,temporal,accepted
0.1475,0.2824818808555769,temporal,accepted
0.14805555555555555,0.28230510871486625,temporal,accepted
0.14833333333333334,0.281951564433445,temporal,accepted
0.14916666666666667,0.2817747922927344,temporal,accepted
0.14944444444444444,0.2815980201520238,temporal,accepted
0.14972222222222223,0.2814212480113132,temporal,accepted
0.15,0.2812444758706026,temporal,accepted
0.15083333333333335,0.281067703729892,temporal,accepted
0.15222222222222223,0.2808909315891814,temporal,accepted
0.1525,0.2807141594484707,temporal,accepted
0.1527777777777778,0.2805373873077601,temporal,accepted
0.15333333333333332,0.28018384302633886,temporal,accepted
0.15388888888888888,0.2798302987449176,temporal,accepted
0.15444444444444444,0.27947675446349635,temporal,accepted
0.15472222222222223,0.27929998232278574,temporal,accepted
0.155,0.27912321018207514,temporal,accepted
0.15583333333333332,0.2789464380413645,temporal,accepted
0.15638888888888888,0.27876966590065383,temporal,accepted
0.15694444444444444,0.27841612161923257,temporal,accepted
0.1575,0.2782393494785219,temporal,accepted
0.15777777777777777,0.27788580519710065,temporal,accepted
0.15805555555555556,0.27770903305639005,temporal,accepted
0.15833333333333333,0.27753226091567945,temporal,accepted
0.16027777777777777,0.27735548877496885,temporal,accepted
0.16083333333333333,0.27717871663425825,temporal,accepted
0.16194444444444445,0.276825172352837,temporal,accepted
0.16333333333333333,0.2766484002121264,temporal,accepted
0.165,0.27647162807141573,temporal,accepted
0.16694444444444445,0.27629485593070513,temporal,accepted
0.1675,0.27594131164928387,temporal,accepted
0.16777777777777778,0.2757645395085732,temporal,accepted
0.16833333333333333,0.2755877673678626,temporal,accepted
0.1686111111111111,0.27523422308644135,temporal,accepted
0.16972222222222222,0.27505745094573075,temporal,accepted
0.17,0.2747039066643095,temporal,accepted
0.17055555555555554,0.2745271345235989,temporal,accepted
0.17083333333333334,0.2743503623828883,temporal,accepted
0.1711111111111111,0.2741735902421777,temporal,accepted
0.1713888888888889,0.27399681810146703,temporal,accepted
0.1738888888888889,0.27382004596075643,temporal,accepted
0.17416666666666666,0.2731129573979139,temporal,accepted
0.17527777777777778,0.27275941311649265,temporal,accepted
0.1761111111111111,0.272582640975782,temporal,accepted
0.17805555555555555,0.2724058688350714,temporal,accepted
0.17888888888888888,0.2722290966943608,temporal,accepted
0.17944444444444443,0.27205232455365014,temporal,accepted
0.1811111111111111,0.27187555241293954,temporal,accepted
0.18138888888888888,0.2716987802722289,temporal,accepted
0.18222222222222223,0.271168463850097,temporal,accepted
0.18388888888888888,0.27099169170938636,temporal,accepted
0.18472222222222223,0.2708149195686757,temporal,accepted
0.18555555555555556,0.27063814742796505,temporal,accepted
0.18694444444444444,0.27046137528725445,temporal,accepted
0.18777777777777777,0.27028460314654384,temporal,accepted
0.1897222222222222,0.27010783100583324,temporal,accepted
0.1922222222222222,0.2699310588651226,temporal,accepted
0.1925,0.269754286724412,temporal,accepted
0.19277777777777777,0.2695775145837014,temporal,accepted
0.19361111111111112,0.2694007424429908,temporal,accepted
0.1947222222222222,0.2692239703022802,temporal,accepted
0.195,0.2690471981615696,temporal,accepted
0.19555555555555557,0.268870426020859,temporal,accepted
0.19694444444444445,0.2686936538801483,temporal,accepted
0.1975,0.2685168817394377,temporal,accepted
0.19972222222222222,0.2683401095987271,temporal,accepted
0.20083333333333334,0.26798656531730586,temporal,accepted
0.2011111111111111,0.26780979317659526,temporal,accepted
0.20277777777777778,0.26763302103588466,temporal,accepted
0.20305555555555554,0.26745624889517405,temporal,accepted
0.2038888888888889,0.26727947675446345,temporal,accepted
0.20444444444444446,0.2671027046137528,temporal,accepted
0.205,0.26674916033233154,temporal,accepted
0.20527777777777778,0.26657238819162093,temporal,accepted
0.20555555555555555,0.2663956160509103,temporal,accepted
0.2061111111111111,0.2658652996287784,temporal,accepted
0.2063888888888889,0.2656885274880678,temporal,accepted
0.20694444444444443,0.2655117553473572,temporal,accepted
0.20722222222222222,0.26533498320664656,temporal,accepted
0.2075,0.2651582110659359,temporal,accepted
0.20916666666666667,0.26498143892522524,temporal,accepted
0.20944444444444443,0.2648046667845146,temporal,accepted
0.21305555555555555,0.264627894643804,temporal,accepted
0.21333333333333335,0.2642743503623827,temporal,accepted
0.21666666666666667,0.26409757822167207,temporal,accepted
0.21722222222222223,0.26392080608096147,temporal,accepted
0.21777777777777776,0.26374403394025087,temporal,accepted
0.21805555555555556,0.26356726179954026,temporal,accepted
0.21888888888888888,0.2633904896588296,temporal,accepted
0.22,0.263213717518119,temporal,accepted
0.22111111111111112,0.2630369453774084,temporal,accepted
0.22138888888888889,0.26286017323669775,temporal,accepted
0.22166666666666668,0.2626834010959871,temporal,accepted
0.22194444444444444,0.2625066289552765,temporal,accepted
0.22277777777777777,0.26232985681456583,temporal,accepted
0.22527777777777777,0.2621530846738552,temporal,accepted
0.22555555555555556,0.2619763125331445,temporal,accepted
0.2263888888888889,0.2617995403924339,temporal,accepted
0.22666666666666666,0.26162276825172326,temporal,accepted
0.2288888888888889,0.261269223970302,temporal,accepted
0.22916666666666666,0.26109245182959134,temporal,accepted
0.22972222222222222,0.2609156796888807,temporal,accepted
0.23194444444444445,0.2607389075481701,temporal,accepted
0.2325,0.2603853632667488,temporal,accepted
0.23277777777777778,0.26003181898532757,temporal,accepted
0.23555555555555555,0.25985504684461697,temporal,accepted
0.23583333333333334,0.2596782747039063,temporal,accepted
0.23694444444444446,0.25950150256319565,temporal,accepted
0.23944444444444443,0.259324730422485,temporal,accepted
0.24027777777777778,0.2591479582817744,temporal,accepted
0.2411111111111111,0.2589711861410638,temporal,accepted
0.24472222222222223,0.2587944140003532,temporal,accepted
0.2461111111111111,0.25861764185964253,temporal,accepted
0.2475,0.2584408697189319,temporal,accepted
0.24972222222222223,0.2582640975782213,temporal,accepted
0.25,0.2580873254375107,temporal,accepted
0.25083333333333335,0.2579105532968,temporal,accepted
0.2513888888888889,0.25773378115608936,temporal,accepted
0.25166666666666665,0.25755700901537876,temporal,accepted
0.25194444444444447,0.25738023687466816,temporal,accepted
0.25222222222222224,0.2570266925932469,temporal,accepted
0.255,0.2568499204525363,temporal,accepted
0.25666666666666665,0.2566731483118257,temporal,accepted
0.2569444444444444,0.2564963761711151,temporal,accepted
0.2577777777777778,0.2563196040304045,temporal,accepted
0.25972222222222224,0.25614283188969383,temporal,accepted
0.26055555555555554,0.2559660597489832,temporal,accepted
0.2613888888888889,0.2557892876082725,temporal,accepted
0.26222222222222225,0.2556125154675619,temporal,accepted
0.26305555555555554,0.2554357433268513,temporal,accepted
0.2633333333333333,0.2552589711861407,temporal,accepted
0.26416666666666666,0.25508219904543006,temporal,accepted
0.26472222222222225,0.25490542690471946,temporal,accepted
0.2663888888888889,0.25472865476400885,temporal,accepted
0.26722222222222225,0.25455188262329825,temporal,accepted
0.2675,0.25437511048258765,temporal,accepted
0.26805555555555555,0.254198338341877,temporal,accepted
0.26861111111111113,0.2540215662011664,temporal,accepted
0.27,0.25366802191974513,temporal,accepted
0.2713888888888889,0.25349124977903453,temporal,accepted
0.2725,0.2533144776383239,temporal,accepted
0.27305555555555555,0.2531377054976133,temporal,accepted
0.27416666666666667,0.2529609333569027,temporal,accepted
0.2761111111111111,0.252784161216192,temporal,accepted
0.2775,0.2526073890754814,temporal,accepted
0.2786111111111111,0.25225384479406016,temporal,accepted
0.2788888888888889,0.25207707265334955,temporal,accepted
0.2816666666666667,0.25190030051263895,temporal,accepted
0.2827777777777778,0.25172352837192835,temporal,accepted
0.2836111111111111,0.25154675623121775,temporal,accepted
0.28555555555555556,0.2513699840905071,temporal,accepted
0.2886111111111111,0.25101643980908583,temporal,accepted
0.29055555555555557,0.2506628955276646,temporal,accepted
0.2925,0.250486123386954,temporal,accepted
0.2941666666666667,0.2503093512462434,temporal,accepted
0.29638888888888887,0.2501325791055327,temporal,accepted
0.2975,0.2499558069648221,temporal,accepted
0.2986111111111111,0.24977903482411148,temporal,accepted
0.3030555555555556,0.24960226268340088,temporal,accepted
0.30416666666666664,0.24942549054269025,temporal,accepted
0.305,0.24907194626126902,temporal,accepted
0.3063888888888889,0.2488951741205584,temporal,accepted
0.30833333333333335,0.24871840197984776,temporal,accepted
0.30944444444444447,0.24854162983913713,temporal,accepted
0.31222222222222223,0.2483648576984265,temporal,accepted
0.31444444444444447,0.24818808555771588,temporal,accepted
0.315,0.24801131341700527,temporal,accepted
0.3163888888888889,0.24783454127629465,temporal,accepted
0.3202777777777778,0.24765776913558404,temporal,accepted
0.32055555555555554,0.24748099699487341,temporal,accepted
0.3213888888888889,0.2473042248541628,temporal,accepted
0.32222222222222224,0.24712745271345218,temporal,accepted
0.3269444444444444,0.24695068057274155,temporal,accepted
0.32861111111111113,0.24677390843203093,temporal,accepted
0.3325,0.2465971362913203,temporal,accepted
0.33944444444444444,0.24642036415060967,temporal,accepted
0.34,0.24624359200989904,temporal,accepted
0.3402777777777778,0.2460668198691884,temporal,accepted
0.3475,0.24589004772847778,temporal,accepted
0.35694444444444445,0.24571327558776715,temporal,accepted
0.3572222222222222,0.24553650344705655,temporal,accepted
0.36083333333333334,0.24535973130634592,temporal,accepted
0.36194444444444446,0.24518295916563532,temporal,accepted
0.3622222222222222,0.24500618702492472,temporal,accepted
0.36527777777777776,0.2448294148842141,temporal,accepted
0.36944444444444446,0.24465264274350348,temporal,accepted
0.3713888888888889,0.24447587060279286,temporal,accepted
0.3738888888888889,0.2441223263213716,temporal,accepted
0.3763888888888889,0.24394555418066097,temporal,accepted
0.37722222222222224,0.24376878203995037,temporal,accepted
0.3794444444444444,0.24359200989923976,temporal,accepted
0.38,0.24341523775852913,temporal,accepted
0.3827777777777778,0.2432384656178185,temporal,accepted
0.3852777777777778,0.2430616934771079,temporal,accepted
0.38555555555555554,0.2428849213363973,temporal,accepted
0.3869444444444444,0.24270814919568667,temporal,accepted
0.38916666666666666,0.24253137705497604,temporal,accepted
0.3902777777777778,0.24235460491426541,temporal,accepted
0.39111111111111113,0.2421778327735548,temporal,accepted
0.39444444444444443,0.24200106063284418,temporal,accepted
0.395,0.24182428849213355,temporal,accepted
0.39666666666666667,0.24164751635142293,temporal,accepted
0.39694444444444443,0.2414707442107123,temporal,accepted
0.3977777777777778,0.2412939720700017,temporal,accepted
0.39861111111111114,0.24111719992929107,temporal,accepted
0.40305555555555556,0.24094042778858044,temporal,accepted
0.4066666666666667,0.24076365564786983,temporal,accepted
0.4077777777777778,0.2405868835071592,temporal,accepted
0.4088888888888889,0.24041011136644858,temporal,accepted
0.4127777777777778,0.24023333922573795,temporal,accepted
0.41833333333333333,0.24005656708502732,temporal,accepted
0.42,0.2398797949443167,temporal,accepted
0.4216666666666667,0.2397030228036061,temporal,accepted
0.42388888888888887,0.23952625066289546,temporal,accepted
0.42694444444444446,0.23934947852218483,temporal,accepted
0.42916666666666664,0.2391727063814742,temporal,accepted
0.43277777777777776,0.23899593424076357,temporal,accepted
0.435,0.23881916210005294,temporal,accepted
0.43555555555555553,0.2386423899593423,temporal,accepted
0.43583333333333335,0.23846561781863168,temporal,accepted
0.4363888888888889,0.23828884567792108,temporal,accepted
0.44083333333333335,0.23811207353721045,temporal,accepted
0.4411111111111111,0.23793530139649982,temporal,accepted
0.4438888888888889,0.2377585292557892,temporal,accepted
0.4444444444444444,0.23758175711507856,temporal,accepted
0.45166666666666666,0.23740498497436793,temporal,accepted
0.455,0.2372282128336573,temporal,accepted
0.4563888888888889,0.23705144069294667,temporal,accepted
0.45805555555555555,0.23687466855223605,temporal,accepted
0.45944444444444443,0.23669789641152542,temporal,accepted
0.4622222222222222,0.2365211242708148,temporal,accepted
0.46555555555555556,0.23634435213010416,temporal,accepted
0.47,0.23616757998939353,temporal,accepted
0.47055555555555556,0.2359908078486829,temporal,accepted
0.4708333333333333,0.2358140357079723,temporal,accepted
0.4741666666666667,0.23563726356726167,temporal,accepted
0.47638888888888886,0.23546049142655104,temporal,accepted
0.47944444444444445,0.23528371928584044,temporal,accepted
0.48583333333333334,0.2351069471451298,temporal,accepted
0.48694444444444446,0.23493017500441918,temporal,accepted
0.4875,0.23475340286370855,temporal,accepted
0.4886111111111111,0.2343998585822873,temporal,accepted
0.48944444444444446,0.23422308644157666,temporal,accepted
0.4955555555555556,0.23404631430086603,temporal,accepted
0.5027777777777778,0.2338695421601554,temporal,accepted
0.5066666666666667,0.23369277001944477,temporal,accepted
0.5108333333333334,0.23351599787873414,temporal,accepted
0.5111111111111111,0.23333922573802351,temporal,accepted
0.5144444444444445,0.23316245359731289,temporal,accepted
0.5169444444444444,0.23280890931589163,temporal,accepted
0.5211111111111111,0.232632137175181,temporal,accepted
0.5227777777777778,0.23245536503447037,temporal,accepted
0.525,0.2321018207530491,temporal,accepted
0.5261111111111111,0.23192504861233848,temporal,accepted
0.5269444444444444,0.23174827647162785,temporal,accepted
0.5305555555555556,0.23157150433091722,temporal,accepted
0.5333333333333333,0.2313947321902066,temporal,accepted
0.5358333333333334,0.23121796004949596,temporal,accepted
0.5372222222222223,0.23104118790878533,temporal,accepted
0.5388888888888889,0.2308644157680747,temporal,accepted
0.5397222222222222,0.2306876436273641,temporal,accepted
0.5533333333333333,0.23051087148665347,temporal,accepted
0.5566666666666666,0.23033409934594284,temporal,accepted
0.5613888888888889,0.23015732720523221,temporal,accepted
0.5630555555555555,0.22998055506452159,temporal,accepted
0.5636111111111111,0.22980378292381096,temporal,accepted
0.5661111111111111,0.22962701078310033,temporal,accepted
0.5719444444444445,0.22945023864238973,temporal,accepted
0.5747222222222222,0.2292734665016791,temporal,accepted
0.5772222222222222,0.22909669436096847,temporal,accepted
0.5780555555555555,0.22891992222025787,temporal,accepted
0.5783333333333334,0.22874315007954724,temporal,accepted
0.5802777777777778,0.2285663779388366,temporal,accepted
0.5811111111111111,0.228389605798126,temporal,accepted
0.5819444444444445,0.22821283365741538,temporal,accepted
0.5836111111111111,0.22803606151670475,temporal,accepted
0.5866666666666667,0.22785928937599412,temporal,accepted
0.5880555555555556,0.2276825172352835,temporal,accepted
0.5897222222222223,0.22750574509457286,temporal,accepted
0.59,0.22732897295386223,temporal,accepted
0.5963888888888889,0.2271522008131516,temporal,accepted
0.5966666666666667,0.22697542867244097,temporal,accepted
0.6005555555555555,0.22679865653173034,temporal,accepted
0.6027777777777777,0.22644511225030908,temporal,accepted
0.6036111111111111,0.22626834010959845,temporal,accepted
0.6058333333333333,0.22609156796888785,temporal,accepted
0.6066666666666667,0.22591479582817722,temporal,accepted
0.6091666666666666,0.2257380236874666,temporal,accepted
0.6094444444444445,0.22556125154675596,temporal,accepted
0.6161111111111112,0.22538447940604533,temporal,accepted
0.6163888888888889,0.22520770726533473,temporal,accepted
0.6236111111111111,0.22503093512462413,temporal,accepted
0.6319444444444444,0.2248541629839135,temporal,accepted
0.6333333333333333,0.22467739084320287,temporal,accepted
0.64,0.22450061870249227,temporal,accepted
0.6402777777777777,0.22432384656178164,temporal,accepted
0.6430555555555556,0.224147074421071,temporal,accepted
0.6444444444444445,0.22397030228036038,temporal,accepted
0.6447222222222222,0.22379353013964975,temporal,accepted
0.6477777777777778,0.22361675799893913,temporal,accepted
0.6658333333333334,0.2234399858582285,temporal,accepted
0.6672222222222223,0.22326321371751787,temporal,accepted
0.6688888888888889,0.22308644157680724,temporal,accepted
0.67,0.2229096694360966,temporal,accepted
0.6736111111111112,0.22255612515467535,temporal,accepted
0.6791666666666667,0.22237935301396472,temporal,accepted
0.6808333333333333,0.22220258087325412,temporal,accepted
0.6844444444444444,0.2220258087325435,temporal,accepted
0.6855555555555556,0.22184903659183286,temporal,accepted
0.6872222222222222,0.22167226445112223,temporal,accepted
0.6897222222222222,0.2214954923104116,temporal,accepted
0.6927777777777778,0.22131872016970097,temporal,accepted
0.6944444444444444,0.22114194802899034,temporal,accepted
0.695,0.22096517588827974,temporal,accepted
0.7027777777777777,0.2207884037475691,temporal,accepted
0.7041666666666667,0.22061163160685848,temporal,accepted
0.7044444444444444,0.22043485946614785,temporal,accepted
0.71,0.22025808732543722,temporal,accepted
0.7113888888888888,0.2200813151847266,temporal,accepted
0.7130555555555556,0.21990454304401597,temporal,accepted
0.7175,0.21972777090330534,temporal,accepted
0.7241666666666666,0.2195509987625947,temporal,accepted
0.7286111111111111,0.21937422662188408,temporal,accepted
0.7402777777777778,0.21919745448117345,temporal,accepted
0.7411111111111112,0.21902068234046282,temporal,accepted
0.7569444444444444,0.2188439101997522,temporal,accepted
0.7677777777777778,0.21866713805904156,temporal,accepted
0.7794444444444445,0.21849036591833093,temporal,accepted
0.7805555555555556,0.2183135937776203,temporal,accepted
0.7886111111111112,0.21813682163690967,temporal,accepted
0.7888888888888889,0.21796004949619904,temporal,accepted
0.7891666666666667,0.2177832773554884,temporal,accepted
0.7936111111111112,0.21760650521477778,temporal,accepted
0.7961111111111111,0.21742973307406716,temporal,accepted
0.8030555555555555,0.21725296093335653,temporal,accepted
0.8077777777777778,0.2170761887926459,temporal,accepted
0.81,0.21689941665193527,temporal,accepted
0.8211111111111111,0.21672264451122467,temporal,accepted
0.8233333333333334,0.21654587237051406,temporal,accepted
0.8263888888888888,0.21636910022980343,temporal,accepted
0.8275,0.2161923280890928,temporal,accepted
0.8327777777777777,0.21601555594838218,temporal,accepted
0.8386111111111111,0.21583878380767155,temporal,accepted
0.8394444444444444,0.21566201166696095,temporal,accepted
0.8416666666666667,0.21548523952625032,temporal,accepted
0.8444444444444444,0.2153084673855397,temporal,accepted
0.8477777777777777,0.21513169524482906,temporal,accepted
0.8569444444444444,0.21495492310411843,temporal,accepted
0.8752777777777778,0.2147781509634078,temporal,accepted
0.8772222222222222,0.2146013788226972,temporal,accepted
0.8827777777777778,0.21442460668198657,temporal,accepted
0.8916666666666667,0.21424783454127594,temporal,accepted
0.8947222222222222,0.2140710624005653,temporal,accepted
0.8955555555555555,0.21389429025985468,temporal,accepted
0.8958333333333334,0.21371751811914405,temporal,accepted
0.9005555555555556,0.21354074597843342,temporal,accepted
0.9013888888888889,0.2133639738377228,temporal,accepted
0.9016666666666666,0.21318720169701216,temporal,accepted
0.9025,0.21301042955630153,temporal,accepted
0.9044444444444445,0.2128336574155909,temporal,accepted
0.9261111111111111,0.21265688527488028,temporal,accepted
0.93,0.21248011313416965,temporal,accepted
0.9475,0.21230334099345902,temporal,accepted
0.9508333333333333,0.2121265688527484,temporal,accepted
0.9594444444444444,0.21194979671203776,temporal,accepted
0.9716666666666667,0.21177302457132713,temporal,accepted
0.98,0.2115962524306165,temporal,accepted
0.9861111111111112,0.21141948028990587,temporal,accepted
0.9936111111111111,0.21124270814919524,temporal,accepted
0.9977777777777778,0.2110659360084846,temporal,accepted
1.0075,0.21088916386777398,temporal,accepted
1.0108333333333333,0.21071239172706335,temporal,accepted
1.013611111111111,0.21053561958635272,temporal,accepted
1.0238888888888888,0.21035884744564212,temporal,accepted
1.0563888888888888,0.2101820753049315,temporal,accepted
1.0772222222222223,0.21000530316422086,temporal,accepted
1.0794444444444444,0.20982853102351023,temporal,accepted
1.0980555555555556,0.2096517588827996,temporal,accepted
1.1044444444444443,0.20947498674208898,temporal,accepted
1.1069444444444445,0.20929821460137835,temporal,accepted
1.1155555555555556,0.20912144246066772,temporal,accepted
1.1158333333333332,0.2089446703199571,temporal,accepted
1.1283333333333334,0.20876789817924646,temporal,accepted
1.1452777777777778,0.20859112603853583,temporal,accepted
1.1483333333333334,0.2084143538978252,temporal,accepted
1.1616666666666666,0.2082375817571146,temporal,accepted
1.1644444444444444,0.20788403747569334,temporal,accepted
1.165,0.2077072653349827,temporal,accepted
1.1694444444444445,0.20753049319427208,temporal,accepted
1.1697222222222223,0.20735372105356148,temporal,accepted
1.1713888888888888,0.20717694891285085,temporal,accepted
1.1725,0.20700017677214025,temporal,accepted
1.1752777777777779,0.20682340463142962,temporal,accepted
1.1758333333333333,0.206646632490719,temporal,accepted
1.1805555555555556,0.20646986035000836,temporal,accepted
1.1936111111111112,0.20629308820929773,temporal,accepted
1.195,0.2061163160685871,temporal,accepted
1.2172222222222222,0.2059395439278765,temporal,accepted
1.2180555555555554,0.2057627717871659,temporal,accepted
1.2183333333333333,0.20558599964645527,temporal,accepted
1.2338888888888888,0.20540922750574464,temporal,accepted
1.2369444444444444,0.205232455365034,temporal,accepted
1.2383333333333333,0.2050556832243234,temporal,accepted
1.2425,0.20487891108361278,temporal,accepted
1.2516666666666667,0.20470213894290215,temporal,accepted
1.2566666666666666,0.20452536680219152,temporal,accepted
1.2816666666666667,0.2043485946614809,temporal,accepted
1.2838888888888889,0.2041718225207703,temporal,accepted
1.3158333333333334,0.20399505038005966,temporal,accepted
1.323888888888889,0.20381827823934903,temporal,accepted
1.3255555555555556,0.2036415060986384,temporal,accepted
1.333888888888889,0.20346473395792777,temporal,accepted
1.3386111111111112,0.20328796181721717,temporal,accepted
1.3694444444444445,0.20311118967650654,temporal,accepted
1.3755555555555556,0.2029344175357959,temporal,accepted
1.3772222222222221,0.20275764539508528,temporal,accepted
1.38,0.20258087325437465,temporal,accepted
1.3880555555555556,0.20240410111366403,temporal,accepted
1.4111111111111112,0.20222732897295342,temporal,accepted
1.4222222222222223,0.20205055683224282,temporal,accepted
1.4227777777777777,0.2018737846915322,temporal,accepted
1.4252777777777779,0.20169701255082156,temporal,accepted
1.44,0.20152024041011093,temporal,accepted
1.4736111111111112,0.2013434682694003,temporal,accepted
1.4908333333333332,0.20116669612868968,temporal,accepted
1.503611111111111,0.20098992398797905,temporal,accepted
1.5080555555555555,0.20081315184726842,temporal,accepted
1.5161111111111112,0.2006363797065578,temporal,accepted
1.5230555555555556,0.20045960756584716,temporal,accepted
1.5355555555555556,0.20028283542513653,temporal,accepted
1.5552777777777778,0.2001060632844259,temporal,accepted
1.5569444444444445,0.19992929114371527,temporal,accepted
1.5605555555555555,0.19975251900300464,temporal,accepted
1.563611111111111,0.199575746862294,temporal,accepted
1.5747222222222221,0.19939897472158338,temporal,accepted
1.5758333333333334,0.19922220258087275,temporal,accepted
1.6230555555555555,0.19904543044016212,temporal,accepted
1.6233333333333333,0.1988686582994515,temporal,accepted
1.6352777777777778,0.19869188615874087,temporal,accepted
1.6388888888888888,0.19851511401803024,temporal,accepted
1.6455555555555557,0.1983383418773196,temporal,accepted
1.6511111111111112,0.19816156973660898,temporal,accepted
1.6530555555555555,0.19798479759589835,temporal,accepted
1.6719444444444445,0.19780802545518772,temporal,accepted
1.6777777777777778,0.1976312533144771,temporal,accepted
1.6947222222222222,0.1974544811737665,temporal,accepted
1.7136111111111112,0.1972777090330559,temporal,accepted
1.7158333333333333,0.19710093689234526,temporal,accepted
1.7166666666666666,0.19692416475163463,temporal,accepted
1.75,0.196747392610924,temporal,accepted
1.7658333333333334,0.19657062047021337,temporal,accepted
1.7694444444444444,0.19639384832950274,temporal,accepted
1.7719444444444445,0.1962170761887921,temporal,accepted
1.7947222222222223,0.19604030404808148,temporal,accepted
1.7972222222222223,0.19586353190737085,temporal,accepted
1.7975,0.19568675976666022,temporal,accepted
1.805,0.1955099876259496,temporal,accepted
1.8055555555555556,0.19533321548523896,temporal,accepted
1.8119444444444444,0.19515644334452834,temporal,accepted
1.843611111111111,0.19497967120381773,temporal,accepted
1.853611111111111,0.1948028990631071,temporal,accepted
1.8811111111111112,0.1946261269223965,temporal,accepted
1.8958333333333333,0.19444935478168587,temporal,accepted
1.9211111111111112,0.19427258264097527,temporal,accepted
1.9302777777777778,0.19409581050026467,temporal,accepted
1.9313888888888888,0.19391903835955404,temporal,accepted
1.9369444444444444,0.19374226621884344,temporal,accepted
1.9425,0.1935654940781328,temporal,accepted
1.9461111111111111,0.19338872193742218,temporal,accepted
1.9525,0.19321194979671155,temporal,accepted
1.9641666666666666,0.19303517765600092,temporal,accepted
1.9766666666666666,0.1928584055152903,temporal,accepted
1.9905555555555556,0.19268163337457966,temporal,accepted
1.9955555555555555,0.19250486123386903,temporal,accepted
1.9975,0.1923280890931584,temporal,accepted
2.004166666666667,0.19215131695244778,temporal,accepted
2.006388888888889,0.19197454481173715,temporal,accepted
2.0475,0.19179777267102652,temporal,accepted
2.0702777777777777,0.1916210005303159,temporal,accepted
2.0708333333333333,0.19144422838960526,temporal,accepted
2.1155555555555554,0.19126745624889463,temporal,accepted
2.121111111111111,0.191090684108184,temporal,accepted
2.1244444444444444,0.19091391196747337,temporal,accepted
2.1352777777777776,0.19073713982676274,temporal,accepted
2.1416666666666666,0.1905603676860521,temporal,accepted
2.156388888888889,0.19038359554534148,temporal,accepted
2.1669444444444443,0.19020682340463085,temporal,accepted
2.1780555555555554,0.19003005126392022,temporal,accepted
2.1816666666666666,0.1898532791232096,temporal,accepted
2.200833333333333,0.18967650698249897,temporal,accepted
2.206111111111111,0.18949973484178834,temporal,accepted
2.223888888888889,0.1893229627010777,temporal,accepted
2.2430555555555554,0.18914619056036708,temporal,accepted
2.2472222222222222,0.18896941841965645,temporal,accepted
2.262777777777778,0.18879264627894582,temporal,accepted
2.2794444444444446,0.18861587413823522,temporal,accepted
2.296666666666667,0.1884391019975246,temporal,accepted
2.2969444444444442,0.18826232985681396,temporal,accepted
2.3008333333333333,0.18808555771610333,temporal,accepted
2.3161111111111112,0.1879087855753927,temporal,accepted
2.318611111111111,0.1877320134346821,temporal,accepted
2.3216666666666668,0.18755524129397147,temporal,accepted
2.3266666666666667,0.18737846915326084,temporal,accepted
2.3297222222222222,0.1872016970125502,temporal,accepted
2.3516666666666666,0.18702492487183958,temporal,accepted
2.3652777777777776,0.18684815273112895,temporal,accepted
2.4116666666666666,0.18667138059041832,temporal,accepted
2.426111111111111,0.1864946084497077,temporal,accepted
2.4380555555555556,0.18631783630899706,temporal,accepted
2.475,0.18614106416828644,temporal,accepted
2.4925,0.1859642920275758,temporal,accepted
2.4963888888888888,0.18578751988686518,temporal,accepted
2.4966666666666666,0.18561074774615455,temporal,accepted
2.5,0.18543397560544392,temporal,accepted
2.5211111111111113,0.1852572034647333,temporal,accepted
2.5388888888888888,0.18508043132402266,temporal,accepted
2.548611111111111,0.18490365918331203,temporal,accepted
2.568611111111111,0.1847268870426014,temporal,accepted
2.5722222222222224,0.18455011490189077,temporal,accepted
2.5772222222222223,0.18437334276118014,temporal,accepted
2.587222222222222,0.1841965706204695,temporal,accepted
2.589166666666667,0.18401979847975888,temporal,accepted
2.604722222222222,0.18384302633904825,temporal,accepted
2.611111111111111,0.18366625419833763,temporal,accepted
2.65,0.183489482057627,temporal,accepted
2.663611111111111,0.18331270991691637,temporal,accepted
2.683333333333333,0.18313593777620574,temporal,accepted
2.7516666666666665,0.1829591656354951,temporal,accepted
2.758888888888889,0.18278239349478448,temporal,accepted
2.763611111111111,0.18260562135407385,temporal,accepted
2.775,0.18242884921336322,temporal,accepted
2.776666666666667,0.1822520770726526,temporal,accepted
2.781111111111111,0.18207530493194196,temporal,accepted
2.7894444444444444,0.18189853279123133,temporal,accepted
2.846111111111111,0.1817217606505207,temporal,accepted
2.8602777777777777,0.18154498850981007,temporal,accepted
2.875277777777778,0.18136821636909944,temporal,accepted
2.8805555555555555,0.18119144422838881,temporal,accepted
2.9144444444444444,0.18101467208767819,temporal,accepted
2.933333333333333,0.18083789994696756,temporal,accepted
2.9586111111111113,0.18066112780625693,temporal,accepted
2.9941666666666666,0.1804843556655463,temporal,accepted
3.0419444444444443,0.18030758352483567,temporal,accepted
3.1344444444444446,0.18013081138412504,temporal,accepted
3.1366666666666667,0.1799540392434144,temporal,accepted
3.1644444444444444,0.17977726710270378,temporal,accepted
3.1708333333333334,0.17960049496199315,temporal,accepted
3.171666666666667,0.17942372282128252,temporal,accepted
3.191388888888889,0.17924695068057192,temporal,accepted
3.2511111111111113,0.1790701785398613,temporal,accepted
3.3658333333333332,0.17889340639915066,temporal,accepted
3.4091666666666667,0.17871663425844003,temporal,accepted
3.4138888888888888,0.1785398621177294,temporal,accepted
3.443611111111111,0.17836308997701877,temporal,accepted
3.4475,0.17818631783630814,temporal,accepted
3.55,0.17800954569559752,temporal,accepted
3.557777777777778,0.17783277355488689,temporal,accepted
3.5869444444444443,0.17765600141417626,temporal,accepted
3.59,0.17747922927346563,temporal,accepted
3.6519444444444447,0.177302457132755,temporal,accepted
3.6994444444444445,0.17712568499204437,temporal,accepted
3.839722222222222,0.17694873625578858,temporal,accepted
3.871111111111111,0.1767717875195328,temporal,accepted
3.8966666666666665,0.176594838783277,temporal,accepted
3.951111111111111,0.17641789004702121,temporal,accepted
3.9516666666666667,0.17624094131076543,temporal,accepted
3.9855555555555555,0.17606399257450964,temporal,accepted
4.015555555555555,0.17571009510199806,temporal,accepted
4.111666666666666,0.17553314636574227,temporal,accepted
4.1725,0.17535619762948648,temporal,accepted
4.232222222222222,0.1751792488932307,temporal,accepted
4.232777777777778,0.1750023001569749,temporal,accepted
4.271111111111111,0.17482535142071912,temporal,accepted
4.277222222222222,0.17464840268446333,temporal,accepted
4.288333333333333,0.17447145394820754,temporal,accepted
4.381388888888889,0.17429450521195175,temporal,accepted
4.390833333333333,0.1741173766497445,temporal,accepted
4.479444444444445,0.17394024808753722,temporal,accepted
4.551944444444445,0.17376311952532997,temporal,accepted
4.635555555555555,0.1735859909631227,temporal,accepted
4.651666666666666,0.1734088624009154,temporal,accepted
4.705277777777778,0.17323173383870813,temporal,accepted
4.725833333333333,0.17305460527650085,temporal,accepted
4.726388888888889,0.17287747671429357,temporal,accepted
4.796111111111111,0.1727003481520863,temporal,accepted
5.029722222222222,0.172523219589879,temporal,accepted
5.034722222222222,0.17234609102767173,temporal,accepted
5.053055555555556,0.17216896246546448,temporal,accepted
5.081944444444445,0.17199183390325723,temporal,accepted
5.098888888888889,0.17181470534104995,temporal,accepted
5.105555555555555,0.17163757677884267,temporal,accepted
5.113611111111111,0.1714604482166354,temporal,accepted
5.144722222222223,0.17128331965442814,temporal,accepted
5.1575,0.17110619109222086,temporal,accepted
5.1825,0.17092906253001358,temporal,accepted
5.219444444444444,0.1707519339678063,temporal,accepted
5.238611111111111,0.17057480540559902,temporal,accepted
5.398888888888889,0.17039767684339177,temporal,accepted
5.451944444444444,0.17022054828118452,temporal,accepted
5.503055555555555,0.17004341971897724,temporal,accepted
5.535277777777778,0.16986629115676996,temporal,accepted
5.5808333333333335,0.16968916259456268,temporal,accepted
5.605,0.1695120340323554,temporal,accepted
5.641388888888889,0.16933490547014815,temporal,accepted
5.661944444444444,0.16915777690794087,temporal,accepted
5.745277777777778,0.1689804626763812,temporal,accepted
5.831666666666667,0.1688031484448215,temporal,accepted
5.838333333333333,0.16862583421326183,temporal,accepted
5.996111111111111,0.16844833333514259,temporal,accepted
6.015833333333333,0.16827083245702337,temporal,accepted
6.04,0.16809333157890413,temporal,accepted
6.071944444444444,0.16791583070078492,temporal,accepted
6.0761111111111115,0.1677383298226657,temporal,accepted
6.103888888888889,0.16756082894454646,temporal,accepted
6.124722222222222,0.16738332806642722,temporal,accepted
6.178055555555556,0.167205827188308,temporal,accepted
6.208055555555555,0.1670283263101888,temporal,accepted
6.27,0.16685082543206958,temporal,accepted
6.287222222222222,0.16667332455395034,temporal,accepted
6.519166666666667,0.1664958236758311,temporal,accepted
6.7011111111111115,0.1663183227977119,temporal,accepted
6.702222222222222,0.16614082191959267,temporal,accepted
6.7058333333333335,0.16596332104147346,temporal,accepted
6.7975,0.16578582016335422,temporal,accepted
6.999444444444444,0.165608319285235,temporal,accepted
7.175,0.1654308184071158,temporal,accepted
7.180555555555555,0.16525331752899658,temporal,accepted
7.504444444444444,0.16507581665087737,temporal,accepted
7.5775,0.16489831577275815,temporal,accepted
7.691666666666666,0.16472062362214096,temporal,accepted
7.804444444444444,0.16454273957935248,temporal,accepted
7.849444444444444,0.164364855536564,temporal,accepted
7.8575,0.1641869714937755,temporal,accepted
7.9752777777777775,0.16400889451818573,temporal,accepted
7.980277777777777,0.16383081754259596,temporal,accepted
8.112777777777778,0.16365274056700618,temporal,accepted
8.12888888888889,0.1634746635914164,temporal,accepted
8.214166666666667,0.16329658661582663,temporal,accepted
8.249166666666667,0.16311850964023686,temporal,accepted
8.261944444444444,0.16294043266464708,temporal,accepted
8.370833333333334,0.1627623556890573,temporal,accepted
8.425833333333333,0.16258427871346753,temporal,accepted
8.470555555555556,0.16240620173787776,temporal,accepted
8.507777777777777,0.16222812476228798,temporal,accepted
8.596944444444444,0.1620500477866982,temporal,accepted
8.646944444444445,0.16187197081110843,temporal,accepted
8.70861111111111,0.16169389383551866,temporal,accepted
8.922777777777778,0.16151562052368235,temporal,accepted
9.01388888888889,0.16133734721184606,temporal,accepted
9.031944444444445,0.16115907390000977,temporal,accepted
9.071111111111112,0.1609808005881735,temporal,accepted
9.111944444444445,0.1608025272763372,temporal,accepted
9.17388888888889,0.16062425396450092,temporal,accepted
9.238888888888889,0.16044598065266463,temporal,accepted
9.269166666666667,0.16026770734082835,temporal,accepted
9.342222222222222,0.16008943402899203,temporal,accepted
9.414444444444445,0.15991116071715575,temporal,accepted
9.5025,0.15973288740531946,temporal,accepted
9.516944444444444,0.15955461409348318,temporal,accepted
9.556666666666667,0.15937634078164686,temporal,accepted
9.838055555555556,0.15919786783564277,temporal,accepted
9.852777777777778,0.1590193948896387,temporal,accepted
9.90611111111111,0.1588409219436346,temporal,accepted
9.9625,0.15866244899763052,temporal,accepted
9.97861111111111,0.15848397605162645,temporal,accepted
10.295555555555556,0.15830530189598765,temporal,accepted
10.381666666666666,0.15812662774034886,temporal,accepted
10.520277777777778,0.15794795358471006,temporal,accepted
10.588611111111112,0.15776927942907124,temporal,accepted
10.63888888888889,0.1575906052734324,temporal,accepted
10.655555555555555,0.1574119311177936,temporal,accepted
10.672777777777778,0.1572332569621548,temporal,accepted
10.685833333333333,0.157054582806516,temporal,accepted
10.715833333333334,0.15687590865087717,temporal,accepted
10.874166666666667,0.15669723449523834,temporal,accepted
10.943333333333333,0.15651856033959954,temporal,accepted
10.978333333333333,0.15633988618396072,temporal,accepted
11.380555555555556,0.156160802694632,temporal,accepted
11.448888888888888,0.1559817192053033,temporal,accepted
11.535833333333333,0.15580263571597458,temporal,accepted
11.578333333333333,0.15562355222664587,temporal,accepted
11.838333333333333,0.15544446873731718,temporal,accepted
11.865833333333333,0.15526538524798847,temporal,accepted
11.885555555555555,0.15508630175865976,temporal,accepted
11.886388888888888,0.15490721826933104,temporal,accepted
11.936111111111112,0.15472813478000233,temporal,accepted
12.21,0.15454905129067362,temporal,accepted
12.318333333333333,0.154369760047877,temporal,accepted
12.330277777777777,0.1541904688050804,temporal,accepted
12.358055555555556,0.15401117756228377,temporal,accepted
12.494722222222222,0.15383188631948716,temporal,accepted
12.54111111111111,0.15365259507669055,temporal,accepted
12.547222222222222,0.15347330383389393,temporal,accepted
12.619722222222222,0.15329401259109735,temporal,accepted
12.636944444444444,0.15311472134830076,temporal,accepted
12.665277777777778,0.1529352199164739,temporal,accepted
12.8425,0.15275571848464706,temporal,accepted
12.876944444444444,0.1525762170528202,temporal,accepted
12.9675,0.15239671562099336,temporal,accepted
13.053333333333333,0.1522172141891665,temporal,accepted
13.271666666666667,0.15203750083120998,temporal,accepted
13.298055555555555,0.15185757479472334,temporal,accepted
13.330555555555556,0.1516776487582367,temporal,accepted
13.339444444444444,0.15149772272175005,temporal,accepted
13.615,0.1513177966852634,temporal,accepted
13.639444444444445,0.1511376564511143,temporal,accepted
13.68388888888889,0.15095751621696518,temporal,accepted
13.922777777777778,0.15077737598281607,temporal,accepted
14.02,0.15059723574866693,temporal,accepted
14.036111111111111,0.1504170955145178,temporal,accepted
14.098333333333333,0.15023695528036865,temporal,accepted
14.110833333333334,0.15005681504621954,temporal,accepted
14.14,0.1498766748120704,temporal,accepted
14.17,0.14969653457792126,temporal,accepted
14.203611111111112,0.14951639434377215,temporal,accepted
14.302222222222222,0.149336254109623,temporal,accepted
14.329166666666667,0.1491561138754739,temporal,accepted
14.389444444444445,0.14897575581758338,temporal,accepted
14.615833333333333,0.1487951791438651,temporal,accepted
14.7025,0.1486146024701468,temporal,accepted
14.732222222222223,0.1484340257964285,temporal,accepted
14.73638888888889,0.1482534491227102,temporal,accepted
14.776666666666667,0.14807287244899192,temporal,accepted
14.884166666666667,0.14789229577527363,temporal,accepted
15.064444444444444,0.14771171910155534,temporal,accepted
15.1325,0.14753114242783705,temporal,accepted
15.155555555555555,0.14735056575411878,temporal,accepted
15.282222222222222,0.1471699890804005,temporal,accepted
15.310833333333333,0.1469894124066822,temporal,accepted
15.35,0.14680861362143413,temporal,accepted
15.355,0.14662781483618606,temporal,accepted
15.521666666666667,0.146447016050938,temporal,accepted
15.523055555555555,0.14626621726568992,temporal,accepted
15.575833333333334,0.14608541848044185,temporal,accepted
15.591388888888888,0.14590461969519378,temporal,accepted
15.706111111111111,0.145723596593835,temporal,accepted
15.778055555555556,0.14554234833936505,temporal,accepted
15.798055555555555,0.1453611000848951,temporal,accepted
15.906944444444445,0.14517985183042517,temporal,accepted
15.955833333333333,0.14499837701563714,temporal,accepted
15.994722222222222,0.1448169022008491,temporal,accepted
16.188333333333333,0.1446351996886774,temporal,accepted
16.328055555555554,0.14445280977734237,temporal,accepted
16.35333333333333,0.14427018928457708,temporal,accepted
16.411944444444444,0.14408756879181178,temporal,accepted
16.4125,0.1439049482990465,temporal,accepted
16.478055555555557,0.14372209575991174,temporal,accepted
16.48,0.143539243220777,temporal,accepted
16.4925,0.14335639068164224,temporal,accepted
16.495277777777776,0.1431735381425075,temporal,accepted
16.526666666666667,0.14299068560337275,temporal,accepted
16.805555555555557,0.14280736421157356,temporal,accepted
16.9175,0.14262380718816536,temporal,accepted
16.922777777777778,0.14244025016475717,temporal,accepted
16.96361111111111,0.14225669314134898,temporal,accepted
16.964166666666667,0.14207313611794078,temporal,accepted
17.067222222222224,0.1418895790945326,temporal,accepted
17.09638888888889,0.1417060220711244,temporal,accepted
17.113333333333333,0.1415224650477162,temporal,accepted
17.226666666666667,0.14133866963856334,temporal,accepted
17.258055555555554,0.14115487422941048,temporal,accepted
17.263055555555557,0.14097107882025758,temporal,accepted
17.30388888888889,0.14078728341110472,temporal,accepted
17.440833333333334,0.14060348800195185,temporal,accepted
17.584722222222222,0.140419692592799,temporal,accepted
17.650555555555556,0.1402358971836461,temporal,accepted
17.65222222222222,0.1400521017744932,temporal,accepted
17.6675,0.1398683063653403,temporal,accepted
17.702222222222222,0.13968451095618745,temporal,accepted
17.745555555555555,0.13950071554703458,temporal,accepted
18.105,0.13931667766372716,temporal,accepted
18.1575,0.1391326397804197,temporal,accepted
18.173333333333332,0.13894860189711228,temporal,accepted
18.178333333333335,0.13876456401380483,temporal,accepted
18.2625,0.1385805261304974,temporal,accepted
18.29361111111111,0.13839648824718997,temporal,accepted
18.323333333333334,0.13821245036388255,temporal,accepted
18.388055555555557,0.13802841248057512,temporal,accepted
18.41583333333333,0.1378443745972677,temporal,accepted
18.445,0.13766033671396027,temporal,accepted
18.615833333333335,0.13747629883065285,temporal,accepted
18.6775,0.13729201424776993,temporal,accepted
18.68111111111111,0.13710772966488702,temporal,accepted
18.941944444444445,0.1369234450820041,temporal,accepted
18.966944444444444,0.1367391604991212,temporal,accepted
18.973333333333333,0.13655487591623827,temporal,accepted
18.98472222222222,0.13637059133335536,temporal,accepted
19.016944444444444,0.13618630675047244,temporal,accepted
19.189444444444444,0.13600202216758953,temporal,accepted
19.190833333333334,0.1358177375847066,temporal,accepted
19.248055555555556,0.1356334530018237,temporal,accepted
19.453611111111112,0.13544916841894078,temporal,accepted
19.466666666666665,0.13526488383605786,temporal,accepted
19.489166666666666,0.13508059925317495,temporal,accepted
19.519166666666667,0.13489631467029203,temporal,accepted
19.526666666666667,0.13471203008740912,temporal,accepted
19.528333333333332,0.1345277455045262,temporal,accepted
19.546944444444446,0.1343434609216433,temporal,accepted
19.8875,0.13415917633876037,temporal,accepted
19.943055555555556,0.13397489175587746,temporal,accepted
20.075833333333332,0.13379060717299454,temporal,accepted
20.09722222222222,0.13360632259011163,temporal,accepted
20.12527777777778,0.1334220380072287,temporal,accepted
20.301666666666666,0.1332377534243458,temporal,accepted
20.34138888888889,0.13305346884146288,temporal,accepted
20.43611111111111,0.1328689286627646,temporal,accepted
20.54861111111111,0.1326843884840663,temporal,accepted
20.645555555555557,0.132499848305368,temporal,accepted
20.72361111111111,0.13231530812666972,temporal,accepted
20.72972222222222,0.13213076794797143,temporal,accepted
20.817222222222224,0.13194622776927314,temporal,accepted
20.89527777777778,0.13176168759057486,temporal,accepted
20.896944444444443,0.13157714741187657,temporal,accepted
21.031666666666666,0.13139260723317828,temporal,accepted
21.052222222222223,0.13120806705448,temporal,accepted
21.38861111111111,0.1310235268757817,temporal,accepted
21.6975,0.1308389866970834,temporal,accepted
21.711111111111112,0.13065444651838512,temporal,accepted
21.911666666666665,0.13046990633968683,temporal,accepted
22.14638888888889,0.13028536616098854,temporal,accepted
22.263055555555557,0.13010082598229025,temporal,accepted
22.424166666666668,0.12991628580359196,temporal,accepted
22.52166666666667,0.12973174562489367,temporal,accepted
22.531111111111112,0.12954720544619538,temporal,accepted
22.55638888888889,0.1293626652674971,temporal,accepted
22.642222222222223,0.1291781250887988,temporal,accepted
22.787222222222223,0.12899358491010052,temporal,accepted
22.851111111111113,0.12880904473140223,temporal,accepted
22.8525,0.12862450455270394,temporal,accepted
22.866944444444446,0.12843996437400565,temporal,accepted
22.915277777777778,0.12825542419530736,temporal,accepted
22.995277777777776,0.12807088401660907,temporal,accepted
23.03,0.12788634383791078,temporal,accepted
23.046388888888888,0.1277018036592125,temporal,accepted
23.150833333333335,0.12751699641802694,temporal,accepted
23.411944444444444,0.12733192095152762,temporal,accepted
23.454722222222223,0.1271468454850283,temporal,accepted
23.47277777777778,0.12696177001852899,temporal,accepted
23.564444444444444,0.12677669455202967,temporal,accepted
23.69,0.12659161908553035,temporal,accepted
23.706944444444446,0.12640654361903103,temporal,accepted
23.76972222222222,0.1262214681525317,temporal,accepted
23.773055555555555,0.1260363926860324,temporal,accepted
23.805833333333332,0.12585131721953308,temporal,accepted
23.8575,0.12566624175303376,temporal,accepted
24.05666666666667,0.12548116628653444,temporal,accepted
24.100555555555555,0.12529581744416143,temporal,accepted
24.110833333333332,0.12511046860178843,temporal,accepted
24.121666666666666,0.1249251197594154,temporal,accepted
24.191666666666666,0.12473977091704239,temporal,accepted
24.39638888888889,0.12455414625793965,temporal,accepted
24.412222222222223,0.1243685215988369,temporal,accepted
24.421388888888888,0.12418289693973417,temporal,accepted
24.54611111111111,0.12399727228063143,temporal,accepted
24.621111111111112,0.12381164762152869,temporal,accepted
24.716944444444444,0.12362602296242595,temporal,accepted
24.989166666666666,0.12343983919290422,temporal,accepted
25.0725,0.12325365542338249,temporal,accepted
25.240555555555556,0.12306747165386075,temporal,accepted
25.254722222222224,0.12288128788433902,temporal,accepted
25.349722222222223,0.12269482159012911,temporal,accepted
25.535833333333333,0.12250807148116391,temporal,accepted
25.728055555555557,0.12232132137219873,temporal,accepted
25.873333333333335,0.12213457126323354,temporal,accepted
26.058888888888887,0.12194753516635264,temporal,accepted
26.108333333333334,0.12176049906947173,temporal,accepted
26.13083333333333,0.12157346297259082,temporal,accepted
26.198611111111113,0.12138642687570991,temporal,accepted
26.341944444444444,0.121199390778829,temporal,accepted
26.386111111111113,0.1210123546819481,temporal,accepted
26.40361111111111,0.12082531858506719,temporal,accepted
26.55388888888889,0.12063828248818628,temporal,accepted
26.604444444444443,0.12045124639130537,temporal,accepted
26.662777777777777,0.12026421029442447,temporal,accepted
26.690833333333334,0.12007717419754356,temporal,accepted
26.745,0.11989013810066265,temporal,accepted
27.05611111111111,0.11970310200378174,temporal,accepted
27.140833333333333,0.11951606590690084,temporal,accepted
27.836388888888887,0.11932902981001993,temporal,accepted
27.900555555555556,0.11914199371313902,temporal,accepted
28.055833333333332,0.11895495761625811,temporal,accepted
29.114722222222223,0.11876703509237777,temporal,accepted
29.49222222222222,0.11857911256849742,temporal,accepted
29.66638888888889,0.11839119004461708,temporal,accepted
29.7475,0.11820326752073673,temporal,accepted
29.87611111111111,0.11801534499685638,temporal,accepted
30.026666666666667,0.11782742247297603,temporal,accepted
30.072222222222223,0.11763949994909569,temporal,accepted
30.215555555555557,0.11745157742521535,temporal,accepted
30.654166666666665,0.117263654901335,temporal,accepted
30.808888888888887,0.11707573237745465,temporal,accepted
31.045277777777777,0.1168878098535743,temporal,accepted
31.06277777777778,0.11669988732969395,temporal,accepted
32.01555555555556,0.1165119648058136,temporal,accepted
32.721666666666664,0.11632404228193327,temporal,accepted
34.7125,0.116134897497735,temporal,accepted
34.745555555555555,0.11594575271353674,temporal,accepted
35.39527777777778,0.11575598879747531,temporal,accepted
35.40638888888889,0.11556622488141388,temporal,accepted
35.83138888888889,0.11537614885364839,temporal,accepted
35.83166666666666,0.1151860728258829,temporal,accepted
35.83416666666667,0.11499599679811742,temporal,accepted
35.92,0.11480592077035194,temporal,accepted
36.743611111111115,0.11461361604544347,temporal,accepted
36.903888888888886,0.114421311320535,temporal,accepted
37.06,0.11422900659562654,temporal,accepted
37.255,0.11403637757944506,temporal,accepted
37.28472222222222,0.11384374856326357,temporal,accepted
37.3375,0.11365111954708208,temporal,accepted
37.44166666666667,0.1134584905309006,temporal,accepted
38.07611111111111,0.11326553391435146,temporal,accepted
38.29138888888889,0.1130725772978023,temporal,accepted
38.915277777777774,0.11287929084088298,temporal,accepted
39.39138888888889,0.11268600438396367,temporal,accepted
39.79277777777778,0.11249271792704435,temporal,accepted
40.663333333333334,0.11229842998589229,temporal,accepted
41.913333333333334,0.11210346743383344,temporal,accepted
41.95361111111111,0.1119085048817746,temporal,accepted
42.695277777777775,0.11171320208093381,temporal,accepted
43.2925,0.11151755724366423,temporal,accepted
43.649166666666666,0.11132122351612256,temporal,accepted
43.79055555555556,0.1111248897885809,temporal,accepted
44.02722222222222,0.11092855606103924,temporal,accepted
44.158611111111114,0.11073222233349758,temporal,accepted
44.65027777777778,0.11053483869297441,temporal,accepted
44.684444444444445,0.11033745505245124,temporal,accepted
44.77333333333333,0.11014007141192807,temporal,accepted
44.78777777777778,0.10994268777140491,temporal,accepted
44.83111111111111,0.10974530413088174,temporal,accepted
45.12388888888889,0.10954792049035857,temporal,accepted
45.283055555555556,0.1093501805616756,temporal,accepted
45.87,0.10915172288370523,temporal,accepted
46.084722222222226,0.10895326520573485,temporal,accepted
46.28611111111111,0.10875480752776448,temporal,accepted
46.47527777777778,0.1085563498497941,temporal,accepted
46.48833333333334,0.10835789217182373,temporal,accepted
46.79472222222222,0.10815943449385336,temporal,accepted
46.8225,0.10796097681588299,temporal,accepted
46.87555555555556,0.10776251913791261,temporal,accepted
47.15555555555556,0.10756406145994224,temporal,accepted
47.17805555555555,0.10736560378197187,temporal,accepted
47.22555555555556,0.10716714610400149,temporal,accepted
47.234722222222224,0.10696868842603112,temporal,accepted
47.339444444444446,0.10677023074806075,temporal,accepted
47.346944444444446,0.10657177307009037,temporal,accepted
47.5425,0.10637331539212,temporal,accepted
47.55111111111111,0.10617485771414963,temporal,accepted
47.562777777777775,0.10597640003617925,temporal,accepted
47.60722222222222,0.10577794235820888,temporal,accepted
47.61805555555556,0.1055794846802385,temporal,accepted
47.630833333333335,0.10538102700226813,temporal,accepted
47.64944444444444,0.10518256932429776,temporal,accepted
47.673611111111114,0.10498411164632739,temporal,accepted
47.70722222222222,0.10478565396835701,temporal,accepted
47.728611111111114,0.10458719629038664,temporal,accepted
47.736666666666665,0.10438873861241627,temporal,accepted
47.742222222222225,0.10419028093444589,temporal,accepted
47.971666666666664,0.10399182325647552,temporal,accepted
47.97805555555556,0.10379336557850515,temporal,accepted
48.02527777777778,0.10359490790053477,temporal,accepted
48.060833333333335,0.1033964502225644,temporal,accepted
48.30777777777778,0.10319799254459402,temporal,accepted
48.31805555555555,0.10299953486662365,temporal,accepted
48.37777777777778,0.10280107718865328,temporal,accepted
49.60166666666667,0.1026022356467023,temporal,accepted
49.90027777777778,0.10240339410475133,temporal,accepted
49.907222222222224,0.10220455256280035,temporal,accepted
49.9925,0.10200571102084938,temporal,accepted
50.00416666666667,0.1018068694788984,temporal,accepted
50.05861111111111,0.10160802793694743,temporal,accepted
50.12694444444445,0.10140918639499646,temporal,accepted
50.155,0.10121034485304549,temporal,accepted
50.156666666666666,0.10101150331109451,temporal,accepted
50.34111111111111,0.10081266176914354,temporal,accepted
50.355,0.10061382022719256,temporal,accepted
50.36611111111111,0.10041497868524159,temporal,accepted
50.66277777777778,0.10021613714329061,temporal,accepted
50.815,0.10001729560133964,temporal,accepted
51.464166666666664,0.09981766028077807,temporal,accepted
51.59027777777778,0.09961802496021652,temporal,accepted
51.74583333333333,0.09941838963965496,temporal,accepted
51.91027777777778,0.09921835263836792,temporal,accepted
53.606944444444444,0.09901831563708088,temporal,accepted
53.772777777777776,0.09881827863579384,temporal,accepted
53.778333333333336,0.09861824163450682,temporal,accepted
54.54361111111111,0.09841779805394887,temporal,accepted
54.964444444444446,0.09821694540485917,temporal,accepted
55.05,0.09801609275576949,temporal,accepted
55.28805555555556,0.0978152401066798,temporal,accepted
55.29277777777778,0.09761438745759012,temporal,accepted
55.49166666666667,0.09741353480850042,temporal,accepted
55.545,0.09721268215941073,temporal,accepted
55.54611111111111,0.09701182951032103,temporal,accepted
55.551944444444445,0.09681097686123133,temporal,accepted
55.555,0.09661012421214164,temporal,accepted
55.576388888888886,0.09640885312003301,temporal,accepted
55.60805555555555,0.09620758202792438,temporal,accepted
56.74638888888889,0.096004612445587,temporal,accepted
56.749722222222225,0.0958016428632496,temporal,accepted
56.75472222222222,0.0955986732809122,temporal,accepted
56.76138888888889,0.09539570369857481,temporal,accepted
60.32694444444444,0.09518832173401269,temporal,accepted
60.43361111111111,0.09498093976945057,temporal,accepted
60.48833333333334,0.09477355780488846,temporal,accepted
60.525,0.09456617584032634,temporal,accepted
60.534444444444446,0.09435879387576422,temporal,accepted
60.56361111111111,0.0941514119112021,temporal,accepted
60.58611111111111,0.09394402994663999,temporal,accepted
60.626666666666665,0.09373664798207787,temporal,accepted
60.71666666666667,0.09352926601751575,temporal,accepted
60.72638888888889,0.09332188405295364,temporal,accepted
60.742222222222225,0.09311450208839152,temporal,accepted
60.75388888888889,0.0929071201238294,temporal,accepted
60.7675,0.09269973815926728,temporal,accepted
60.770833333333336,0.09249235619470517,temporal,accepted
60.84583333333333,0.09228497423014305,temporal,accepted
60.85611111111111,0.09207759226558093,temporal,accepted
60.85722222222222,0.09187021030101881,temporal,accepted
60.86083333333333,0.0916628283364567,temporal,accepted
60.87027777777778,0.09145544637189458,temporal,accepted
60.885,0.09124806440733246,temporal,accepted
60.91305555555556,0.09104068244277035,temporal,accepted
60.96055555555556,0.09083330047820823,temporal,accepted
60.96194444444444,0.09062591851364611,temporal,accepted
60.96222222222222,0.090418536549084,temporal,accepted
60.963055555555556,0.09021115458452188,temporal,accepted
60.96666666666667,0.09000377261995976,temporal,accepted
61.09527777777778,0.08979639065539764,temporal,accepted
61.096944444444446,0.08958900869083553,temporal,accepted
61.09722222222222,0.08938162672627341,temporal,accepted
61.117222222222225,0.08917424476171129,temporal,accepted
61.144444444444446,0.08896686279714917,temporal,accepted
61.274166666666666,0.08875948083258706,temporal,accepted
61.3975,0.08855209886802494,temporal,accepted
61.92666666666667,0.08834471690346282,temporal,accepted
62.278333333333336,0.08813684698133703,temporal,accepted
64.08277777777778,0.08792599328042475,temporal,accepted
64.31777777777778,0.08771513957951246,temporal,accepted
64.32055555555556,0.08750428587860018,temporal,accepted
65.75194444444445,0.08729189683520552,temporal,accepted
65.9025,0.0870789897697538,temporal,accepted
66.17305555555555,0.08686608270430209,temporal,accepted
66.23472222222222,0.08665317563885036,temporal,accepted
67.2475,0.08643815535190533,temporal,accepted
68.13277777777778,0.08622313506496028,temporal,accepted
69.45555555555555,0.08600757722729788,temporal,accepted
69.98944444444444,0.08579201938963549,temporal,accepted
70.0025,0.08557646155197308,temporal,accepted
70.87694444444445,0.08535981228222125,temporal,accepted
71.05527777777777,0.08514316301246942,temporal,accepted
71.26361111111112,0.08492651374271759,temporal,accepted
71.66805555555555,0.08470931038276179,temporal,accepted
72.02305555555556,0.08449210702280599,temporal,accepted
73.6686111111111,0.08427490366285019,temporal,accepted
73.90305555555555,0.08405770030289439,temporal,accepted
74.29888888888888,0.08384049694293859,temporal,accepted
74.8013888888889,0.08362329358298279,temporal,accepted
74.80194444444444,0.08340609022302699,temporal,accepted
74.80361111111111,0.08318888686307119,temporal,accepted
74.80388888888889,0.08297168350311539,temporal,accepted
74.80472222222222,0.08275448014315959,temporal,accepted
75.31361111111111,0.08253727678320379,temporal,accepted
75.46888888888888,0.08232007342324799,temporal,accepted
75.47777777777777,0.08210287006329219,temporal,accepted
75.49083333333333,0.08188566670333638,temporal,accepted
75.5075,0.08166846334338058,temporal,accepted
75.51777777777778,0.08145125998342478,temporal,accepted
75.52416666666667,0.08123405662346898,temporal,accepted
75.5375,0.08101685326351318,temporal,accepted
75.61138888888888,0.08079964990355738,temporal,accepted
75.75805555555556,0.08058244654360158,temporal,accepted
75.83277777777778,0.08036524318364578,temporal,accepted
75.85111111111111,0.08014803982368998,temporal,accepted
75.86527777777778,0.07993083646373418,temporal,accepted
75.87333333333333,0.07971363310377838,temporal,accepted
75.89583333333333,0.07949642974382258,temporal,accepted
75.91638888888889,0.07927922638386678,temporal,accepted
75.92472222222223,0.07906202302391098,temporal,accepted
75.9336111111111,0.07884481966395518,temporal,accepted
76.03861111111111,0.07862761630399938,temporal,accepted
77.15277777777777,0.07840920625871049,temporal,accepted
77.19583333333334,0.0781907962134216,temporal,accepted
77.4563888888889,0.07797238616813272,temporal,accepted
77.57944444444445,0.07775397612284383,temporal,accepted
77.63666666666667,0.07753556607755495,temporal,accepted
77.65777777777778,0.07731715603226606,temporal,accepted
77.78555555555556,0.07709874598697718,temporal,accepted
79.125,0.07688033594168829,temporal,accepted
80.215,0.07666130364555813,temporal,accepted
80.39666666666666,0.07644227134942796,temporal,accepted
81.73138888888889,0.0762232390532978,temporal,accepted
81.97944444444444,0.07600420675716762,temporal,accepted
83.7325,0.07578454141971916,temporal,accepted
84.06694444444445,0.07556423752024323,temporal,accepted
84.38222222222223,0.0753439336207673,temporal,accepted
85.40666666666667,0.07512362972129137,temporal,accepted
86.35055555555556,0.07490332582181544,temporal,accepted
88.52305555555556,0.07468171834896983,temporal,accepted
89.1361111111111,0.07446011087612422,temporal,accepted
90.77805555555555,0.07423850340327862,temporal,accepted
90.83888888888889,0.07401689593043301,temporal,accepted
91.26555555555555,0.0737952884575874,temporal,accepted
91.94194444444445,0.07357368098474179,temporal,accepted
94.50361111111111,0.07334937098173953,temporal,accepted
94.63638888888889,0.07312506097873728,temporal,accepted
94.66277777777778,0.07290075097573502,temporal,accepted
94.92194444444445,0.07267644097273276,temporal,accepted
95.42833333333333,0.07245213096973051,temporal,accepted
95.45972222222223,0.07222782096672824,temporal,accepted
95.7311111111111,0.07200351096372598,temporal,accepted
96.00138888888888,0.07177920096072372,temporal,accepted
98.07333333333334,0.07155489095772145,temporal,accepted
99.72666666666667,0.07132987557735126,temporal,accepted
103.2075,0.07110343152789936,temporal,accepted
103.2475,0.07087698747844745,temporal,accepted
107.1361111111111,0.0706483520349686,temporal,accepted
110.69222222222223,0.07041897426862129,temporal,accepted
116.08888888888889,0.07018809238577335,temporal,accepted
116.845,0.06995644851651336,temporal,accepted
118.38194444444444,0.06972169533357205,temporal,accepted
119.45694444444445,0.06948614906555321,temporal,accepted
121.49111111111111,0.06924818280163009,temporal,accepted
121.64444444444445,0.06901021653770696,temporal,accepted
122.11861111111111,0.06877225027378384,temporal,accepted
123.78833333333333,0.06853345773811098,temporal,accepted
124.47333333333333,0.06829383026350219,temporal,accepted
124.86555555555556,0.06805420278889342,temporal,accepted
128.63305555555556,0.06781287582864912,temporal,accepted
131.3136111111111,0.06756628355290857,temporal,accepted
132.05777777777777,0.06731878800875872,temporal,accepted
134.58194444444445,0.06706759850126336,temporal,accepted
135.28694444444446,0.06681640899376799,temporal,accepted
140.17638888888888,0.06656040742674206,temporal,accepted
140.395,0.06630341743667742,temporal,accepted
141.14138888888888,0.0660444197123154,temporal,accepted
142.25611111111112,0.06578337457511257,temporal,accepted
142.38083333333333,0.06552232943790975,temporal,accepted
142.39277777777778,0.06526128430070692,temporal,accepted
142.50611111111112,0.06500023916350409,temporal,accepted
142.76638888888888,0.06473919402630125,temporal,accepted
142.85694444444445,0.06447814888909842,temporal,accepted
142.95361111111112,0.06421604259280127,temporal,accepted
143.7097222222222,0.06395177904303666,temporal,accepted
145.6861111111111,0.06368641896401991,temporal,accepted
146.21416666666667,0.06342105888500317,temporal,accepted
147.56055555555557,0.0631534594804251,temporal,accepted
150.7422222222222,0.06287887922181455,temporal,accepted
153.33277777777778,0.06260187975387704,temporal,accepted
157.07305555555556,0.062319889304535254,temporal,accepted
157.83777777777777,0.06203661708042373,temporal,accepted
159.5525,0.06174536535704146,temporal,accepted
161.06694444444443,0.06144416845286077,temporal,accepted
161.43805555555556,0.06114297154868008,temporal,accepted
164.62555555555556,0.060838777660378186,temporal,accepted
164.82083333333333,0.060534583772076295,temporal,accepted
164.87583333333333,0.0602303898837744,temporal,accepted
166.61694444444444,0.05992151608949864,temporal,accepted
167.73888888888888,0.05960942485986583,temporal,accepted
167.8997222222222,0.05929733363023303,temporal,accepted
168.25305555555556,0.05898524240060023,temporal,accepted
171.1461111111111,0.05866811744145722,temporal,accepted
184.5247222222222,0.05832899537532162,temporal,accepted
185.66194444444446,0.05798987330918603,temporal,accepted
188.08555555555554,0.05764262855883162,temporal,accepted
192.08166666666668,0.057284599810019,temporal,accepted
193.26527777777778,0.05691972974753481,temporal,accepted
193.78333333333333,0.05655012111281056,temporal,accepted
195.75833333333333,0.05618051247808631,temporal,accepted
196.145,0.05580845610405925,temporal,accepted
197.41444444444446,0.05543390270738771,temporal,accepted
200.37027777777777,0.055032207760232724,temporal,accepted
203.46722222222223,0.05462151964261905,temporal,accepted
204.25472222222223,0.054207720251387086,temporal,accepted
206.50194444444443,0.053780887808462775,temporal,accepted
208.03027777777777,0.05334717097129775,temporal,accepted
208.9638888888889,0.052913454134132724,temporal,accepted
209.10361111111112,0.0524797372969677,temporal,accepted
209.2538888888889,0.05204602045980268,temporal,accepted
211.23111111111112,0.05161230362263766,temporal,accepted
212.45388888888888,0.05117858678547264,temporal,accepted
213.9025,0.050741162966793395,temporal,accepted
253.8361111111111,0.050207045461879776,temporal,accepted
256.8677777777778,0.04966131670685934,temporal,accepted
266.12361111111113,0.04910332438431036,temporal,accepted
271.02944444444444,0.04853891835690449,temporal,accepted
281.12055555555554,0.0478552716194833,temporal,accepted
287.5466666666667,0.04710753300042888,temporal,accepted
294.48277777777776,0.04626632705399265,temporal,accepted
314.28305555555556,0.04516474783842139,temporal,accepted
720.0,0.04516474783842139,temporal,accepted
